mirakl_product_id,method_metadata_only1
bdebd63a-1cb5-4351-b5f0-79edffc033dc,group_0_cluster-1
dc3bcb31-9d71-4569-b298-9c724a7c822f,group_0_cluster-1
e6ecc206-a03c-4b2e-8b5d-a3895ee8c65a,group_1_cluster-1
57ab67fe-4ac7-48fd-a000-1ed811320b99,group_1_cluster-1
4ac9cf4d-6bf7-4cec-ad72-a782c8e420a8,group_1_cluster-1
64cb4b7d-4aef-4899-9013-1893ca4c2086,group_2_cluster-1
5ac4222f-fc65-448f-a46b-ad7001b9bf68,group_2_cluster-1
3b45d664-c878-42a6-9dde-69709f2b54f8,group_2_cluster-1
22428fb4-fefc-4b24-b1dc-22b5b1fbe7cb,group_3_cluster-1
8ac232d4-0542-4a17-9631-8fecdc82bb65,group_3_cluster-1
ea435d5a-c4a2-4ee4-999e-c43d9a0d5260,group_4_cluster-1
f7e0d3c3-e4f8-42a5-9868-15f8c4d6e140,group_4_cluster-1
0ce8e487-2621-4136-88c0-9d8ac1a77e97,group_5_cluster-1
3a5be08e-68f8-472d-989b-512525fa38ea,group_5_cluster-1
c1235575-5245-4b54-9320-bb61d049d0ca,group_5_cluster-1
208221e6-da29-43a3-bcfb-c83336c6ff54,group_6_cluster-1
22b2e5ea-2906-4b01-a371-f5bc1fe113bc,group_6_cluster-1
b508618d-7f5a-4a98-82e2-05d41147a140,group_7_cluster-1
100b0970-05fe-4778-a07f-931563954f26,group_7_cluster-1
b7b287e6-2679-412e-8118-999f6348e131,group_8_cluster-1
4ab6b90c-5a7d-4427-be41-3b7858077ad5,group_8_cluster-1
b8323473-5b7d-4291-ac1c-a2182b20ba2c,group_9_cluster-1
57b73fab-b38c-4ef1-a494-41112695d7f3,group_9_cluster-1
3950011a-79ef-46f8-b738-1817d1e3f2e0,group_10_cluster-1
138b2c4c-7d1e-41c4-ab08-4609538bf32b,group_10_cluster-1
3baa3d81-9b87-4eab-b473-92250f8ceef0,group_11_cluster-1
4c6a9a5a-9af9-4f55-ada2-a44dd0b3033a,group_11_cluster-1
08ea5ad5-4c0d-4260-8b00-f09f400206b1,group_11_cluster-1
dad7441d-5328-423f-b1c2-2fa440841015,group_12_cluster-1
c8de6f0d-720c-4b4c-8d68-30d2419d7152,group_12_cluster-1
a1417c32-92d2-4723-b8d2-c8ea245e40d7,group_13_cluster-1
817a4168-ddf7-4a68-8b05-01872f325dce,group_13_cluster-1
d76da5a2-5abd-4f64-964c-eb00b992c8ee,group_13_cluster-1
8914c198-46e7-4d65-8c96-58426b3a961a,group_14_cluster-1
7df3b3c6-b4b0-4289-8f9f-4ecd8df845c6,group_14_cluster-1
ce630b24-30b2-41df-82bc-ff03e55f3659,group_14_cluster-1
3c3cb834-9edd-4df6-bc91-0272471ef52b,group_15_cluster-1
f2476e60-c471-4f10-b097-86f9c6e6784a,group_15_cluster-1
f7c1e2ea-9981-4852-98b7-37cf8330139c,group_16_cluster-1
2dfcf05e-a881-4edf-ad15-2dfa1ea5fba2,group_16_cluster-1
e3fd75e0-eb7b-46d6-b10e-299cf877f497,group_17_cluster-1
9187b034-2e3e-4389-b326-02459c4eb76e,group_17_cluster-1
c0125e4f-ef86-4f11-9c17-d3f50bf7cf03,group_17_cluster-1
26f7f9b1-c8d6-48ad-9615-a34909d06606,group_18_cluster-1
d75a9982-3e93-492c-a9af-d2d8c5c14c9e,group_18_cluster-1
22138d17-f50d-4fe0-abf3-86ba1c71ed77,group_19_cluster-1
6454ba1e-c52c-4968-86ef-7519b6f7e2b1,group_19_cluster-1
afce1d4c-8649-4e52-8fe1-5797fe9e4f95,group_20_cluster-1
bcf27f8e-5a04-408e-8078-5055cd446bbc,group_20_cluster-1
bec1d217-ce37-4dea-bf07-a8e2a7d426ec,group_21_cluster-1
95659454-67ec-4371-821d-940702172132,group_21_cluster-1
f7a00fbe-b9c5-45bc-bdca-3e2372eb8a30,group_21_cluster-1
b6cb37c8-eb02-417e-9ab0-9cb78ddd00d1,group_21_cluster-1
8fe21844-e097-4292-8fb0-f4db6f6e96ba,group_22_cluster-1
cb9a6e2e-6114-4701-a418-c3731431f574,group_22_cluster-1
c006b47b-88cb-4dfa-a926-0b438ae41e81,group_23_cluster-1
33a2074f-6b8a-4bbd-a7ff-775d503e7f6f,group_23_cluster-1
ef9eb625-f5b4-4e0d-a2a1-82897a0a162a,group_24_cluster-1
7d8c96ce-ecb3-44c3-b008-39fa287c7488,group_24_cluster-1
e40395a1-02a4-446f-ba11-527687c78fe5,group_24_cluster-1
c6de6757-89b6-49e4-9e61-ff08e3341e12,group_24_cluster-1
c71b64b1-cb2b-4728-91a7-21a25bbfb00c,group_25_cluster-1
d4f29228-b125-43a6-aead-ebf5248a4dde,group_25_cluster-1
fcb5907b-fff2-4d18-b280-850d5ef0479d,group_26_cluster-1
6d65105f-7e40-4362-b10a-a2bf80281d03,group_26_cluster-1
2204940d-26b9-4166-82b7-faacb5f3ad20,group_27_cluster-1
904d9114-5a95-44e9-9217-dd26d2aa3255,group_27_cluster-1
527b956a-8e3d-446a-aeaa-f94832f4520f,group_28_cluster-1
a978bcde-bdbc-4be8-951c-0253545dff0c,group_28_cluster-1
230ba4bf-eeb3-4b52-bc35-9ac207933575,group_29_cluster-1
7cb7c075-6230-49d1-b832-9404aba86ca5,group_29_cluster-1
7229f0ca-9502-417a-bfd3-2f59439f40b2,group_30_cluster-1
e6c1d7e7-4e2d-4e87-a7f9-278f2cb37a78,group_30_cluster-1
745e5a40-cf05-49fb-ba04-5be7bed49d32,group_31_cluster-1
d37caee9-4b33-48dd-b247-1d454ee4e258,group_31_cluster-1
86efeb96-87ff-4d76-9f16-a62069052137,group_31_cluster-1
25254eeb-e46f-4e6d-a899-e5c19fbfaf57,group_32_cluster-1
d03adbd3-97c7-4ac8-b928-bf377c9bd293,group_32_cluster-1
2030ddb2-66d7-4281-a039-a47c6001a16f,group_33_cluster-1
9e674fbd-c380-4274-b50d-920fb3cdbfda,group_33_cluster-1
38f852ee-3cfb-419a-9493-9d3bdc7abe2a,group_34_cluster-1
52127b07-21b4-4e81-b35b-1ea84e1af36e,group_34_cluster-1
73d6b397-f5a7-430e-a251-006932b081df,group_35_cluster-1
d620cb7e-d871-40cf-8eed-4e5e45d37fe6,group_35_cluster-1
c1153968-d950-4c4a-9a13-0c9912282448,group_36_cluster-1
909c846e-779d-4596-bd21-0b84369f52ef,group_36_cluster-1
0fd49c73-4007-418b-b373-5bc0dfbd1164,group_37_cluster-1
e5ba0fe3-20e1-4c65-b096-ada333b0e3d8,group_37_cluster-1
0acc6f60-c61a-4ee0-ab3c-6bb42b85060c,group_38_cluster-1
1e2d1add-1cbc-4b2f-be9f-13f044703b30,group_38_cluster-1
96162b0d-47be-4cdb-bbc9-4d4a3b5c8e6a,group_39_cluster-1
411ced3d-29d5-4832-869a-a922f8c53a8f,group_39_cluster-1
f567a5c4-7ceb-4caf-9df9-69b5b7941c05,group_40_cluster-1
8a82b587-75a3-45d1-a9fd-d66fd415ce5e,group_40_cluster-1
cf377d9e-d39a-4aaf-ad71-7d75f2df5621,group_40_cluster-1
f31d1fe9-1140-43b1-b5b7-2b439cc1e197,group_41_cluster-1
e2552659-57d7-48b9-b013-f3f72c3196bb,group_41_cluster-1
3e60fb3e-a450-4cbc-a40e-d32edcad91fa,group_42_cluster-1
0779b9dc-507d-46e7-aefa-405024557134,group_42_cluster-1
ced44a10-9f71-4b26-98b5-40c7744ef1c3,group_42_cluster-1
1bc2057f-4577-4db3-9dcc-435ccc390f79,group_42_cluster-1
5be694b7-8156-44e5-9084-78939341ab42,group_43_cluster-1
22742bec-18e9-45f3-8dde-31a8df489e77,group_43_cluster-1
629a5a66-aeb0-4f31-a6fb-cd215f688363,group_43_cluster-1
ccf76ad6-da1f-4705-a9d4-a00dd6804c5e,group_43_cluster-1
44c56117-9ae2-4a6e-8d07-d567884d56ae,group_44_cluster-1
356da2f7-2701-4237-aa27-b4bd3cf65e1d,group_44_cluster-1
912ecd25-64e9-47da-addd-98683fb052ab,group_45_cluster-1
a04ab051-1fd2-420a-81fc-8e580d13f0af,group_45_cluster-1
a55a334e-3808-4202-8af6-c027d00d034a,group_46_cluster-1
31caf672-9f0c-45b7-9802-990c47ee4d20,group_46_cluster-1
9650de27-e88a-4793-a81b-061c6979d9a1,group_47_cluster-1
6b2ede4f-b1d4-49d4-bb56-5858157f6535,group_47_cluster-1
61a0a16d-4984-4e98-8974-41548b3967a7,group_48_cluster-1
4a1bc383-e296-47f6-9bcc-7a09cc41ec46,group_48_cluster-1
a7ff47ff-fa0c-4a6f-a8de-d5f182176f10,group_49_cluster-1
eeebee45-3e3b-4070-8f43-27f7338e3e57,group_49_cluster-1
ac7280c3-cec6-41fe-8828-da5f3e2ebb4e,group_50_cluster-1
7419f475-4f74-43ca-85bb-8f181d5dca50,group_50_cluster-1
359a5c70-0a54-4cd2-9df7-0b840c131e11,group_51_cluster-1
a563dd61-25dd-4203-90d4-b2a1029f79f7,group_51_cluster-1
5317b679-4244-46c6-985a-97ad94e04b24,group_52_cluster-1
5d67b336-1ec0-4af3-9c7a-ed461ac82de1,group_52_cluster-1
a7ca9f76-10aa-4e00-b274-0126ee8a23c6,group_52_cluster-1
14541bad-1ae1-463f-83bf-94047e6e1218,group_52_cluster-1
a0722cdf-f68c-4c86-9760-f9209958f6a8,group_52_cluster-1
afdcb1df-fe7e-485a-96c4-fec3d707f96d,group_53_cluster-1
a12f44e7-d71c-48ac-8c78-28b5bd958881,group_53_cluster-1
f9782376-a616-481c-8790-e8dc30552021,group_53_cluster-1
80f84f6f-300d-4e38-9877-3ab0733d85ad,group_54_cluster-1
c0ad4753-e783-4dbd-9af3-ee2f16e922c0,group_54_cluster-1
c2ccaa5a-a748-4fa5-8f40-10a40cc647b2,group_54_cluster-1
32bc0486-5c9a-48ec-ab06-f34e290bc6d6,group_55_cluster-1
93fcc5a6-29cf-48d7-aab5-1a831018ce5f,group_55_cluster-1
b937af75-5518-4b6b-a0fa-badfa8303b2c,group_56_cluster-1
20831a6f-e12b-46a3-98b0-871f2f4f2923,group_56_cluster-1
a78cdd53-4cec-4cd8-b220-047c46a1bc1e,group_57_cluster-1
6bb50305-e412-4bfe-b217-c923d9306c94,group_57_cluster-1
fa8e6747-b536-41a3-96e5-3c74cf45fe04,group_58_cluster-1
7c809dff-3992-4fae-a733-74e08c0877aa,group_58_cluster-1
29cc73b1-135c-41ba-8a27-c5f45297be22,group_58_cluster-1
09c753d2-d48e-41d1-9dd1-c572ac3e9153,group_59_cluster-1
120735b0-e70f-4648-a862-190308462338,group_59_cluster-1
4ad9b9a7-21f3-4592-a8aa-a80097a9d6c7,group_59_cluster-1
787cd2d8-aff1-4c39-97f4-560b31f10ce0,group_60_cluster-1
425e022f-f64e-4034-a69d-a3e53d652040,group_60_cluster-1
ccc2f1c4-2424-4e9d-9358-8c5f5e3bc2a0,group_61_cluster-1
dd798ca5-27dd-4e75-9825-6bed55615b59,group_61_cluster-1
f99e19b8-862f-4caa-a9f0-989a19986b71,group_61_cluster-1
2ceac068-786c-4e26-bd2b-9e1d486d8643,group_61_cluster-1
378f8e52-c7b4-417c-9397-13b29a82afdc,group_62_cluster-1
471d9cd6-c35a-40b6-982f-5d51abf927ad,group_62_cluster-1
2965f5e3-8f3d-4a2c-b232-1b7783f9fe64,group_63_cluster-1
22f672f4-d0d5-46e3-9fcc-661d3a55a6b3,group_63_cluster-1
0ac2b1da-9701-4c64-875c-c8edd7f2fc78,group_63_cluster-1
531023eb-3928-48a1-a503-83700fd2f8f3,group_63_cluster-1
ab2f008d-e40f-47ec-a809-922cbd2b306a,group_64_cluster-1
605245e1-2bd9-41e8-8fae-915d6098959f,group_64_cluster-1
1a9ed883-91ae-40a4-9439-395f970bc785,group_64_cluster-1
beeb6c80-55aa-4cef-9db6-cdba60644e48,group_64_cluster-1
535033aa-d598-4744-8cf5-a2a117ac1feb,group_65_cluster-1
33e9a50f-1541-414b-9846-e5eb52f5df32,group_65_cluster-1
de7ac180-a230-41e5-bc5a-64b5b0233b70,group_66_cluster-1
aa5624e5-a776-4e33-a2ef-41b59a33069e,group_66_cluster-1
0787bef0-6078-4ce0-b05a-f8ce78038bd7,group_66_cluster-1
24ded340-3f98-439d-baad-3acd1369a060,group_66_cluster-1
e628ceae-bc0f-44e0-9469-7e3c1dfa8a5a,group_67_cluster-1
ed5ba828-9012-4845-9d80-9a7acce5eb7e,group_67_cluster-1
5eddbef1-72a2-4f35-8f8d-ef8bd2b7e513,group_68_cluster-1
aeebaf0c-360c-4083-b947-277e65ffc1af,group_68_cluster-1
3715eebe-5d4e-47c4-b6b1-d31ec326a75d,group_69_cluster-1
d00d53f3-29de-4242-9638-311530ef3a8d,group_69_cluster-1
320dac06-ef10-4698-a3de-47722766f866,group_70_cluster-1
4556a400-fae7-4311-886e-921c33ef2c4f,group_70_cluster-1
6d45be45-fb56-4663-8286-9af351d7fd24,group_71_cluster-1
386cf2c1-ad97-4d6f-b822-9d88ccf23b6a,group_71_cluster-1
dc013bfb-d73d-4bcf-adf4-5534840c1431,group_72_cluster-1
a327eaf3-78f2-4327-a340-4d5390c4e540,group_72_cluster-1
8cb617d6-1934-48c1-a27b-c2e69cb1080c,group_73_cluster-1
8426caef-00a9-4df3-b860-9d442f5e6f95,group_73_cluster-1
a55aade4-83ab-4d9e-b6e2-5895cb3fa7f1,group_74_cluster-1
dd97a60d-a13e-4065-9564-340eb501ce3d,group_74_cluster-1
346e78c6-c01d-4af8-93fb-2501a76b9653,group_75_cluster-1
86e623d8-1800-43d5-bba0-4fdd5dd4bd55,group_75_cluster-1
d10f4e94-3eaf-4bb4-95eb-4e2e9736df3b,group_76_cluster-1
6cecfcde-3071-425a-8a7e-49a7135e4755,group_76_cluster-1
b2b0d8d9-ce36-4d91-8285-79fb5a7b2ff7,group_77_cluster-1
a7ede145-1579-40b3-9aa7-b179560472d9,group_77_cluster-1
094a07a8-5e1d-438d-a836-4de7a8939659,group_78_cluster-1
c9f838fd-50be-4c79-9164-e78176e9c868,group_78_cluster-1
9b6d556b-338c-4202-9869-d9d88cd0871d,group_79_cluster-1
cb6502a5-6ec2-4b9b-a63d-688bad1b3582,group_79_cluster-1
da7f2923-915c-41ad-a31c-7c552cd9225c,group_80_cluster-1
17b9d187-3978-48f1-8f38-c39965a43cea,group_80_cluster-1
ec9a470e-5de7-40ca-87b1-745d833d7d3a,group_80_cluster-1
dd0a89d7-14fc-4680-b4a7-b9b620c0fa5b,group_81_cluster-1
1ac0e327-579f-4b33-9d70-57f5f8f85422,group_81_cluster-1
851165ea-c6b0-4e49-83f0-926e7b4d5796,group_82_cluster-1
1353841d-f463-4f85-97cb-4c5031148ef3,group_82_cluster-1
02f791ec-78b3-4e52-a3ec-9321ac44ed71,group_83_cluster-1
9a3f0fb3-fa17-466a-9fb6-8ba07152d107,group_83_cluster-1
5fac1ac2-7ba9-4c36-b1ac-1f498886e1d2,group_84_cluster-1
34a99619-136d-4644-867c-bd9873882732,group_84_cluster-1
f152932b-9de2-41a5-83fd-2ab370e1039f,group_85_cluster-1
c800ccb4-782a-4998-a472-7b4abc11afac,group_85_cluster-1
b4896f53-5014-41f3-8972-8fb61969a269,group_86_cluster-1
30e43693-2ad6-4a79-8647-dd2d356d1bc0,group_86_cluster-1
8e634858-bc3d-44e2-956f-d6695a442aca,group_87_cluster-1
6db6fe11-5161-4850-aebc-af2740b34f0c,group_87_cluster-1
93b23231-a98e-4b6a-8970-6ffd22577ace,group_88_cluster-1
46f080f8-b233-4591-918f-e8c99b9e7400,group_88_cluster-1
a384da56-e2b3-47af-8b2c-4d1147019f74,group_89_cluster-1
a0224f91-7f79-4c6c-a61b-ddc6aac6c5ad,group_89_cluster-1
94938764-8960-4ebb-b6c8-12cb91a9dd11,group_90_cluster-1
4c0a03d5-8a3e-48a4-993b-d24b542165f3,group_90_cluster-1
5f13378d-1756-4c32-b793-962f5a106269,group_91_cluster-1
7fdf3b96-a45c-4faf-920d-850a397992d4,group_91_cluster-1
5719a48a-0df1-4d62-9d54-78cb86a9c02d,group_92_cluster-1
fa1d35a2-74ea-479e-9f73-fab96693d707,group_92_cluster-1
31b57df8-c826-4780-86b6-efcc4a8c38ec,group_93_cluster-1
4962f981-99f9-4af8-8e85-34eb8411019b,group_93_cluster-1
7fc6f6e9-d041-4963-8009-ca575d694ed3,group_94_cluster-1
54ee52c0-5094-4772-8f1d-763b59a311c8,group_94_cluster-1
d097c7a1-c050-491c-bd84-681e2b0faa56,group_95_cluster-1
59e38162-69b4-42e1-bf78-a2b9982f425c,group_95_cluster-1
d8ed385e-570c-4a7b-aa61-2e90753aac68,group_96_cluster-1
2c727c51-c328-4e21-ba3f-85b92a047c37,group_96_cluster-1
29904ea5-c1d9-4694-9e5b-5ed1f47ca008,group_97_cluster-1
511c1cf2-2344-499b-ad32-b76a835535dc,group_97_cluster-1
a4a9d1c1-176f-46fb-a7bc-51ab57ffe774,group_98_cluster-1
ed056dd6-28fd-4ba1-a254-bc9b46b56e0e,group_98_cluster-1
1f0ae216-605f-4ac9-871e-906eb806eb47,group_99_cluster-1
e745a7dd-a7c3-4961-96cb-5971b83bc3ee,group_99_cluster-1
24b31f61-46ba-41df-8eed-c1f4c52d3bc5,group_100_cluster-1
de70f3fe-fec7-4f3e-b586-ddf0607a4cb2,group_100_cluster-1
5b5f0e3d-66a8-4968-ade4-9952cbd96cf4,group_101_cluster-1
ceec4cc0-97d8-4249-a642-204059a69d01,group_101_cluster-1
ff58fc09-d41c-4aa3-b09d-69a3776c1481,group_102_cluster-1
2debd90b-a600-4ec2-a16d-b8fe38f66fd4,group_102_cluster-1
89b59b27-df02-4ca8-a9fb-98e823c1a0eb,group_103_cluster-1
dbe48bea-a6fb-4726-9883-ad747f2fe9d2,group_103_cluster-1
1f920a5d-a07d-44c1-8f6a-d824787cf723,group_104_cluster-1
606031f9-c575-4422-9f19-1708c875252a,group_104_cluster-1
21227d88-ef49-4417-8281-1fe40182d680,group_104_cluster-1
ed4e5cd6-db0c-4f93-ba05-efaac57eca3b,group_104_cluster-1
8715e389-68b5-4445-b5ef-c96660e18d20,group_105_cluster-1
5715012b-e9df-4a26-bf64-6b9763fe3c60,group_105_cluster-1
eff3e0b2-d232-49aa-b366-1cd12af11479,group_106_cluster-1
ae66a13e-8493-414b-a6d9-22e11a3ee73c,group_106_cluster-1
4ae15332-3ac1-459e-9669-684777ee08d9,group_106_cluster-1
18583a1b-2234-4e18-86e6-5e0cb1d56b4f,group_107_cluster-1
a4003b7d-607d-436e-af00-04c002ba477f,group_107_cluster-1
0b6e202e-ceb0-48d5-acb1-b7f45db17099,group_108_cluster-1
300c06a3-15b0-4273-9863-2b3d30d89be3,group_108_cluster-1
772bed16-d096-40e4-a64d-4ed5aa97c170,group_109_cluster-1
ad97fff7-40fe-4fd6-9921-a6549a51b711,group_109_cluster-1
3bbf0ce9-6199-40be-adbd-28915f789b8d,group_110_cluster-1
25b51a0e-6a3a-44e8-b474-ee456997d78f,group_110_cluster-1
bcfa8636-0cf1-45ab-8c32-9d1d7bb3821d,group_111_cluster-1
267795c7-806d-40a5-8e31-18bb9c831dfb,group_111_cluster-1
c82bad3d-0cf6-4a95-b50d-68281cd0cdd2,group_112_cluster-1
eb237fef-a6dd-427b-9d37-78fdd49b639f,group_112_cluster-1
d442ce7d-ebe0-449f-ad08-967075223cbd,group_113_cluster-1
fcd6f008-278a-4722-b727-ff692316da44,group_113_cluster-1
de77662b-f5a7-4bfc-9897-e7d883f9928b,group_114_cluster-1
75bbbaf5-ef2e-46b1-a69f-f6f29d01fcd3,group_114_cluster-1
76054843-868a-408d-8fbb-4b1d597f643d,group_115_cluster-1
54177d8a-51da-408b-ac95-bec864c2b3b6,group_115_cluster-1
778adc2b-e01a-4c63-b059-c89480cc30c3,group_116_cluster-1
49fb35dc-d897-4183-af46-c072e3641542,group_116_cluster-1
df8fa9b7-ec4a-4566-b048-3c18613ff31c,group_117_cluster-1
dd52880f-ca51-4c74-9392-1367d17af39f,group_117_cluster-1
6dea6836-ab94-4fb2-bdf8-f1671aae1567,group_118_cluster-1
515a0c85-c250-41cc-bff0-818acf6be8f7,group_118_cluster-1
b1dc6601-3e2d-47d6-8398-c0f1b24ea22b,group_119_cluster-1
4f7f965d-b8d0-40af-9ff1-3b6aa90f3003,group_119_cluster-1
f12abe10-dd1a-491f-9acb-b3ec571e9b56,group_120_cluster-1
d8451ba2-fd0f-4500-bdc0-f84d68a99f96,group_120_cluster-1
abdf4623-d4bf-45a6-97c8-53f7c27cc7fd,group_121_cluster-1
862b3a16-36b1-4592-accd-817114a8b70b,group_121_cluster-1
442fe85a-3196-402f-a78c-ce30d8c6b936,group_122_cluster-1
f49ff1a5-4882-428e-abb4-b35ac22676f4,group_122_cluster-1
cca1c7ac-fdea-4117-b8ef-a4d33c7a2834,group_123_cluster-1
eac8c26f-cfd1-4190-b392-0a945128a328,group_123_cluster-1
8b78251d-314b-4d92-b12e-d85e5b7582d1,group_123_cluster-1
11fa8784-fb6e-47d0-a4a8-45fc21fd35c8,group_123_cluster-1
2c6dc415-e57e-47d4-b846-c06ca4d5cc31,group_124_cluster-1
0018078a-e4cd-4da0-8cad-2ece2b67b1d6,group_124_cluster-1
34908a15-2ca3-40ec-9056-1c19b96c2f64,group_125_cluster-1
73cfb876-d298-49dd-9825-a435e854a46f,group_125_cluster-1
8dfa4f3e-ad82-4676-8f1c-f98618936a35,group_126_cluster-1
33127bfb-1558-49cb-9d70-a2587ef5ff75,group_126_cluster-1
45d862c2-1ec5-4c29-a54c-95f409cf5a1a,group_127_cluster-1
223fc7dd-a64c-43bb-b63c-a0222d8ea53a,group_127_cluster-1
9a0ec574-bfe8-4661-9732-ae0336e0e17d,group_128_cluster-1
5b3dbdff-01ad-43c2-aeca-283b89cf8734,group_128_cluster-1
bd786a3d-38e9-44be-8a8a-666648097790,group_129_cluster-1
6d6bc813-8727-418c-89f6-eac29afec2d3,group_129_cluster-1
acbb0993-9a5f-4300-854b-f90af0df2bde,group_130_cluster-1
c729da13-f353-4661-8a65-df96efabbdc3,group_130_cluster-1
dd770625-0042-4b3a-ac65-a029381f38b8,group_131_cluster-1
9f17c3a9-7bf6-46dd-896c-00774c45e9d1,group_131_cluster-1
0ae6653f-4753-4213-b9d3-e214592a9cba,group_131_cluster-1
0692629f-30a0-4755-a6ca-2de3ae5e1d4d,group_132_cluster-1
ccd64d7f-48ee-4ce6-ba58-a7dbf2f6e963,group_132_cluster-1
5a7d3d38-b2ac-485c-a42b-1bc5bf8c7945,group_133_cluster-1
617973fc-39c1-4a8c-bd31-4b3e7a300637,group_133_cluster-1
e8844cb4-ca9d-4c4d-ba5b-55bd0797975b,group_134_cluster-1
f731bdf2-9128-473f-8ed0-aae1cc80ec2e,group_134_cluster-1
847c77dd-e887-44da-8345-b5707bd479f1,group_134_cluster-1
c61b3179-6541-460a-8ce4-53f28b14ba9f,group_134_cluster-1
a7c07108-77b5-4fef-a249-66628ca3ead4,group_135_cluster-1
bccf829f-c925-4ebb-8a75-83137e2bf6b0,group_135_cluster-1
ba887ee8-a657-4fad-815a-cdef606fa875,group_135_cluster-1
c0c3330b-d5ee-4bd6-b040-9fe6e8b17b88,group_136_cluster-1
1fc58cbb-7975-4599-aaed-090b14d555b1,group_136_cluster-1
2bac5106-ce2f-4b81-87e7-86fca2c17584,group_137_cluster-1
5485888b-abd4-478e-87f9-96b256ddb96d,group_137_cluster-1
ceae774b-5d52-4a8b-a4f2-3eec28df4d10,group_138_cluster-1
fe02ba1b-51e2-43b7-ba85-12a60a50c9ae,group_138_cluster-1
ee734c5c-72ce-4bb8-8e97-acd43e859bb6,group_139_cluster-1
cdfa418e-55af-461a-8d01-797152759729,group_139_cluster-1
2bda174a-4e95-4a65-a9b3-5f6cecafaf1e,group_140_cluster-1
eeed4e98-2635-4387-9b1d-6da1c68c7753,group_140_cluster-1
882f278d-f766-4d1d-9c73-c2ecc7896365,group_140_cluster-1
4b97b332-bc26-4d53-ab15-2e17ba06511e,group_141_cluster-1
4622d18c-662e-4d14-83a0-e5ea88f4c612,group_141_cluster-1
aff01c4d-99b8-4c98-aade-da60f99ed2cb,group_142_cluster-1
e3214b45-31b4-41c6-9724-736be25e86dd,group_142_cluster-1
525843c7-1d74-41bd-a8eb-841676df2f3a,group_143_cluster-1
ee943896-2197-4ab4-b1b3-2b4a5e2402d3,group_143_cluster-1
66302fa0-5ecf-4f37-9040-0c2042a07579,group_144_cluster-1
b4970d18-3550-4919-9797-e51fb7283857,group_144_cluster-1
71a746e0-1e20-4fa5-9df7-f06f474399b6,group_144_cluster-1
4e847fe8-ff12-462e-b74c-d7848fd507d0,group_145_cluster-1
47f2c2dc-d47b-4e7f-891f-8128f5c3ac83,group_145_cluster-1
4aee825d-9ab9-4ac4-a11a-96229ce6f3ad,group_146_cluster-1
24407730-a85f-4fde-8e6a-359704d652aa,group_146_cluster-1
15f92094-f138-4558-b21f-bc73f5c240bd,group_147_cluster-1
e8f2efae-77ef-4fb3-8b83-dac3eed05586,group_147_cluster-1
beebb5fa-d15b-4fd0-83df-d04dd267b54c,group_148_cluster-1
5167919b-22a4-4706-89ed-36a1088c71ea,group_148_cluster-1
79834d68-77ec-42e2-b0d6-153c7db59200,group_149_cluster-1
3e7f9dd8-0089-4966-b827-76d34fefb5fa,group_149_cluster-1
16282c96-75a8-4409-8841-26afb5fd2031,group_150_cluster-1
28c0595e-2d44-4951-b45c-2357eb871c54,group_150_cluster-1
eda86f0a-eff7-4c73-8621-75f8c5ee87b2,group_150_cluster-1
2a9c8a52-0569-43f1-845e-37527b29463b,group_151_cluster-1
d5d5c29f-aa90-4332-a953-d8470ecd758a,group_151_cluster-1
92515dc5-ee07-459c-8345-abbc119d1e7d,group_152_cluster-1
041b0561-e53a-4737-be0d-ae6bfbc3ff27,group_152_cluster-1
02048fb2-bd5f-4e78-b66a-f900c4f21878,group_153_cluster-1
6d292f7e-c4a5-465a-94d9-78a9f96d5013,group_153_cluster-1
bac1ca3c-dd8b-4182-98dd-021697f625b6,group_154_cluster-1
08e6ee76-4454-4bb5-909a-3f128bf091bf,group_154_cluster-1
a741a826-1c2b-4d52-9687-b24811c16c51,group_155_cluster-1
8d8eb20f-6d39-4552-99a6-b33ac5c9eb20,group_155_cluster-1
9f3203bb-ad82-4e0b-a3e8-bdabba7e49b7,group_156_cluster-1
3c865c28-83fc-48d4-bd38-1ce2c0c8d139,group_156_cluster-1
431b59aa-f83a-4115-9712-76ad65082dc9,group_157_cluster-1
84511127-386d-4c58-9e3b-d0f6d14a8366,group_157_cluster-1
4864fb5d-2fa5-4bba-b93c-1ebde4f9962e,group_157_cluster-1
201d166d-5e74-4bc2-a371-190e2803180a,group_158_cluster-1
e5506d06-5fec-417e-9c9f-c373b7f957d3,group_158_cluster-1
4df4b135-0a8b-4023-bb65-f85170eff0c3,group_159_cluster-1
b78f1ad5-d3e0-4647-955a-b3c158de75c9,group_159_cluster-1
c9586df7-8ef5-410f-8b24-7a9bf7b40185,group_159_cluster-1
bfc31bc2-f857-4029-aec8-b2936054719a,group_160_cluster-1
94648d47-ef98-49c8-a131-0c10d61828a3,group_160_cluster-1
028f1876-9120-45b2-a7df-21e9fba2010b,group_161_cluster-1
67205f2e-831b-40c3-abdc-8f81991c6664,group_161_cluster-1
96d8ac24-0958-41c7-957a-cf79ec68c3fe,group_162_cluster-1
8064531f-a67a-4538-b831-15d5cd6f8343,group_162_cluster-1
1647193f-9f18-4006-a1f0-f3ca239681a9,group_163_cluster-1
d008a815-b53f-4b08-b9df-3723f006abab,group_163_cluster-1
01f8d272-5fbf-4bfe-a472-afe5ffdd43f2,group_164_cluster-1
f580c5a8-6b2b-4307-a401-5ea777f1a084,group_164_cluster-1
40646dc1-ff85-4fef-9bde-21cbbd9f7cf2,group_165_cluster-1
23da980f-ab29-42a0-8543-ba1ee497186f,group_165_cluster-1
471ff603-fa97-4da8-8421-3919cc050c09,group_165_cluster-1
865f7d33-9f1b-4d40-ac71-8a6e05e13663,group_166_cluster-1
1945613e-e219-4094-8a69-3333723e73c9,group_166_cluster-1
28a15f24-8ac2-4173-8693-ef90e8e59139,group_167_cluster-1
5bf47573-4dcd-40a7-a932-ec91c4d42d01,group_167_cluster-1
8cf04c3b-929f-4e4f-b73a-a506a0fe755e,group_168_cluster-1
0558dd99-1d36-46c7-b9aa-8f59fa814051,group_168_cluster-1
a6a9be12-ae70-4f88-8de8-1c7ffa7362b6,group_169_cluster-1
5872ee7a-efde-4f42-8c62-4bb8145f3ed8,group_169_cluster-1
10786617-a7df-493f-959c-5d8d39ec2805,group_169_cluster-1
79d112cd-ea89-4a92-a42a-edad15ecfa6e,group_170_cluster-1
078c6a55-bdbc-4276-9549-1b1d7295d761,group_170_cluster-1
28738d69-87c5-4d0e-8fcc-da09abb2e7e6,group_171_cluster-1
33480d4a-58e5-4436-9bf8-2574b0673a60,group_171_cluster-1
08344da2-c4d2-4e73-aa34-d8fa812348f5,group_172_cluster-1
7e5cb7a4-248b-466e-afd2-809528997f78,group_172_cluster-1
5017a8ef-bfc4-4860-a34f-1e10f445a63b,group_173_cluster-1
05531dec-3b46-4850-a919-9b236a77c7da,group_173_cluster-1
257ef2c6-d6da-4376-a020-bf2758940e4c,group_173_cluster-1
f4a27062-f849-449f-a0fd-49466f92419e,group_173_cluster-1
c8ee69bc-272c-476f-9511-60469447cbcf,group_174_cluster-1
4ce1e060-8399-4807-a797-0c555c81e343,group_174_cluster-1
e833b18d-90bd-4633-a7a5-906f9ddd77f2,group_175_cluster-1
52eb2510-ced2-4f27-a2dd-0f8380a7348f,group_175_cluster-1
a6bedea5-66ce-457c-937f-251dce011279,group_176_cluster-1
56a89975-acb3-4801-9a10-5f38d66ca6b0,group_176_cluster-1
cc12e001-4f31-417b-a2bc-d8bc4d831f0c,group_177_cluster-1
7d40dd31-56cf-4bbd-a80c-1a7aac97e072,group_177_cluster-1
2171f230-b364-4b88-a57d-d5aa2b5e29e5,group_178_cluster-1
11b7d768-eb54-4965-aa42-9bda62974249,group_178_cluster-1
598b7a76-6205-4453-ad93-275c655fa702,group_178_cluster-1
2de3dd01-a642-4b31-a21d-2bd0c35241dc,group_179_cluster-1
05933500-8afa-488f-b282-7c6b868b8147,group_179_cluster-1
94d55958-b3a3-439d-b529-799261d4101a,group_179_cluster-1
869ad05f-68e0-4f1d-8ad5-7d2da077d26b,group_179_cluster-1
b20b3383-aa49-46da-83e4-9428a6433b4f,group_179_cluster-1
c378110a-95b4-4322-80d0-a198169126b6,group_180_cluster-1
c9d9c99d-d91c-4be4-b937-07811f3fb648,group_180_cluster-1
0677305c-9bde-45b1-84f3-c5f11be60338,group_181_cluster-1
bf4a311d-1bb9-47ec-834a-a898a82f057e,group_181_cluster-1
c6718c51-91d0-4764-afec-bb08e148307a,group_182_cluster-1
7e908fb0-fbc7-4596-8cfd-7cb618a8f5d7,group_182_cluster-1
fce5c2db-309d-48a6-a5d3-d9b43cf4dee5,group_183_cluster-1
b7dff85f-02d3-443e-92f7-f594bb91c52d,group_183_cluster-1
2b143617-84d3-49ae-8244-4b401d42288d,group_184_cluster-1
d4aae222-2ce6-405a-b190-347e506ee487,group_184_cluster-1
c255afd7-a94d-444c-bc41-697ea86ed5b0,group_185_cluster-1
49e842ef-df6e-4264-99e7-82ee2c6df511,group_185_cluster-1
bc39b58a-62ab-4068-a420-d10e867997c3,group_186_cluster-1
d2a8093d-e1b4-44c7-84c2-d258c84cc730,group_186_cluster-1
5aa32604-fd61-4d4a-8dab-83cc76a61f85,group_187_cluster-1
ccea684f-65cd-498d-b062-76292f046301,group_187_cluster-1
8f36970b-226e-462d-b0d9-de197427d763,group_188_cluster-1
dd604cba-04f7-46aa-972c-2ffc26e57d31,group_188_cluster-1
05b07c3c-dd2b-4b41-b19a-6d339c098a3c,group_189_cluster-1
98c14761-1c55-4aeb-b39f-93cebb21cedc,group_189_cluster-1
ba0bc7e9-8f05-4964-bf9c-545ccb00141f,group_190_cluster-1
18773ad4-56d3-4b83-b0c2-ae162731fcb9,group_190_cluster-1
a71d481f-f8d9-4a05-b377-0b56983547af,group_191_cluster-1
fbd47143-843c-43cd-b5ea-5cb13c6e1a25,group_191_cluster-1
8150da4b-4404-42a6-9d36-8b7c68dd9528,group_192_cluster-1
0cfc43d6-a5d2-43fd-885c-a43f4dc0cc92,group_192_cluster-1
e5d34585-bab4-44cb-8db3-8e0e03d9f3ff,group_192_cluster-1
21f1a15f-bf1d-4bff-b7cf-849568c4c6ad,group_193_cluster-1
31b9d02b-9928-4f66-9cf5-10353378e30a,group_193_cluster-1
8345268d-929f-478e-8b72-1543ac66389f,group_193_cluster-1
53a2f932-65a4-49b4-9b89-7410f0565074,group_194_cluster-1
db434a4a-1e56-474a-b77e-557897bd470a,group_194_cluster-1
6623ab94-758b-448e-bdc1-965276c29738,group_195_cluster-1
863557dc-1c2d-485a-959b-e164ce4fd846,group_195_cluster-1
50759c3f-d712-41b2-abad-8b0a90d18307,group_195_cluster-1
d985cd72-8e6b-4c4f-b65c-54f63413b3cb,group_196_cluster-1
98d9bad8-a347-4cfe-9aab-84678318d0f7,group_196_cluster-1
d2ec28e1-13a5-449a-934f-db0d0c38d281,group_197_cluster-1
d6d0a870-4ed7-4305-b3c5-4741dae08df3,group_197_cluster-1
97eb9f1b-e1b9-4515-97c1-1a4cbe278f19,group_198_cluster-1
383be8a9-d355-4b71-9ba6-236e04cf7426,group_198_cluster-1
5d47d606-c0ea-458b-93fc-5555fb8a3adb,group_198_cluster-1
6f302b78-9a86-484e-894f-bb39220931a3,group_199_cluster-1
755374aa-d424-4c6d-a8f7-3c41819526e3,group_199_cluster-1
e22e014b-1902-4421-a997-a5075ebba693,group_199_cluster-1
c78c33b6-756c-48ca-9ffb-c4ffb0cf9821,group_200_cluster-1
478f6691-1da3-4d47-b5df-d66520a78cb2,group_200_cluster-1
05777b43-7e66-4b02-9d34-558802b7d6b5,group_201_cluster-1
ad470714-209c-45fc-8f31-c5066934e3ae,group_201_cluster-1
e6dccab3-374d-41b1-8a8b-1cd9d634c8e1,group_202_cluster-1
9fc2bb43-578c-4969-9a01-38eaf8f38da0,group_202_cluster-1
1b85c840-ef47-439e-9b8d-700c88990b6d,group_202_cluster-1
a3ec3c80-facb-4d7b-91cc-da49711a0ff3,group_203_cluster-1
71265100-28b4-447d-b3b8-2432c91f62c4,group_203_cluster-1
b949b0fa-b16e-4d81-be5f-12a657161f7f,group_204_cluster-1
ec57e7bc-600b-4e50-8666-85014eb05539,group_204_cluster-1
1d7a008c-e925-4df5-ac42-70b92b72f339,group_205_cluster-1
7477a6ab-a084-49dc-a236-6554cabd6d41,group_205_cluster-1
ec568cab-b47f-4ed4-a61d-547ca91700b8,group_206_cluster-1
3b7e5ccc-0226-4ff3-ab32-cfbb87e112af,group_206_cluster-1
8a29a0cb-5f9e-4e24-a1f9-4062fabf574b,group_207_cluster-1
7903b4cf-6c07-4edf-8216-863aaeaea56b,group_207_cluster-1
dc8d75d8-64fb-424c-8144-4f62bf5d9166,group_208_cluster-1
5f295db8-0626-4154-800f-5414e657d181,group_208_cluster-1
ece120d1-d0a2-4613-a54d-7d72d6ba5d00,group_208_cluster-1
1abbf34c-fd8f-46de-9b95-57d291a8dd46,group_208_cluster-1
629d9308-a7f8-49d6-b42a-7e6f031046d2,group_209_cluster-1
b283610d-b3f1-4648-b486-e62af2cd0e16,group_209_cluster-1
fd468b84-0e5c-45cb-8a9e-98c040f4b1b1,group_210_cluster-1
6de53ae5-01ae-48b4-890b-1fdc6848bdbe,group_210_cluster-1
8429e072-bda3-4022-88d0-53f7a5fbd01c,group_211_cluster-1
dfedacc9-f3d4-42eb-bdde-549498633f58,group_211_cluster-1
5c849d65-7507-4611-ad18-6d2a3d30f840,group_211_cluster-1
6e354a00-f2e1-49a8-9faa-9a52e603be5b,group_211_cluster-1
693164b5-3236-4b53-9098-aedaf1b71080,group_212_cluster-1
6b2c7c40-9eda-45fd-9d9d-17c94bf47e90,group_212_cluster-1
ed9d3aa6-e43b-475b-8b4c-647ffdd76907,group_213_cluster-1
6b9bba7c-720a-43fc-9dec-f9ba0725722c,group_213_cluster-1
7e08fd40-219e-4d6a-ab7c-cfbcf4185d5e,group_214_cluster-1
8c1495ed-3df5-4f61-a37e-e490a7c5fc46,group_214_cluster-1
48324b9e-f96a-4ada-8b6c-da56e11600e1,group_215_cluster-1
c578b6c6-da1d-4cfb-81a0-129b53728e02,group_215_cluster-1
c674980f-c10e-44af-b071-23b3dbc4afc1,group_216_cluster-1
73890ff0-bb3f-479a-b136-763f033bdf28,group_216_cluster-1
53df26fd-0c9e-415a-b295-cbd0aad31789,group_217_cluster-1
3b2fdceb-4bef-48ad-a183-6fd4bcbc0c43,group_217_cluster-1
4b93483a-3d37-476b-9e28-d79341ecd705,group_218_cluster-1
54debd25-f650-4b19-9936-808e76435165,group_218_cluster-1
a575232f-5424-4b79-8975-f9a284e283fd,group_219_cluster-1
d11f9248-08fd-482b-9224-e72aef3a0390,group_219_cluster-1
cda6d740-9872-47f4-b56b-9413c1743ef3,group_220_cluster-1
81c5b3df-e939-4824-aa61-8de27202aef5,group_220_cluster-1
390fa57d-7e9e-4a2a-9986-fa564559bb16,group_221_cluster-1
6f2bb3fb-9f97-470e-b6f8-ef673db5dcf6,group_221_cluster-1
284f8f0b-2e55-4bae-8064-9a2bc6e1e559,group_222_cluster-1
d6b008b8-c5cc-415a-bc15-1468a1125bbc,group_222_cluster-1
1c71ebe1-0338-4375-8e99-7c4eac998b5d,group_223_cluster-1
4f454291-5c05-4c3d-8af3-0e44fbd0369e,group_223_cluster-1
ff962717-f4a7-4c21-9022-f0d3879243ad,group_223_cluster-1
b60a5a94-0a67-4658-994e-418a576a01e4,group_224_cluster-1
dd6390e8-f7f8-4586-89a4-fc3e082ddffc,group_224_cluster-1
a30030b3-81f0-4fd5-9930-55cbb37b05a2,group_225_cluster-1
03ec4e90-881a-4fa7-b14a-42b27f682ede,group_225_cluster-1
84ec0c35-ace9-408f-97d5-a92f4803963d,group_226_cluster-1
7a445336-fedf-427f-922a-e10cb68cddc0,group_226_cluster-1
68a5b7c1-1564-4931-b7b6-fa4f61df90d9,group_227_cluster-1
86d82b45-0f09-44fc-b980-718fb6ebf6de,group_227_cluster-1
4d9e4361-7f5c-4b6d-86d4-647e414aa0ce,group_228_cluster-1
e9a93a62-7e82-44f6-87ba-ea2c5547b488,group_228_cluster-1
5f5f6f99-b3f5-4770-a898-3f7a843ce729,group_228_cluster-1
78657eb6-86bb-471a-ab28-f83e1bbdc4a0,group_229_cluster-1
c087b957-20d7-4c2a-83af-0364aaba97f9,group_229_cluster-1
995d413b-c5db-474c-a084-eb16ecfbe841,group_230_cluster-1
37d6d21e-e0b2-4795-a3d1-67487fd47198,group_230_cluster-1
a0bad461-ba70-463e-a21b-f5818fdb3a02,group_231_cluster-1
8dfb1f05-0133-4b25-b901-2f7d2a317007,group_231_cluster-1
540af27d-09d0-427e-b858-3af0a63153cc,group_232_cluster-1
63774901-7dea-4bc1-a09a-06e70e20c07a,group_232_cluster-1
fd095e6e-f32b-4d99-81e3-39de9b77f2a4,group_233_cluster-1
928cc2d8-4753-4999-b66e-cb636506599f,group_233_cluster-1
81bd2b49-e19a-4c5e-9e63-739f33c19299,group_234_cluster-1
f982f11b-37bf-407f-bd84-fc8664d7e943,group_234_cluster-1
9d7132d3-a60f-4793-ad19-08ccfa6c9d8c,group_235_cluster-1
4b4f63c4-e987-461c-981d-e1f52ea9e4f1,group_235_cluster-1
61054b0f-cc3e-4051-b7d3-51c5b9f9598e,group_235_cluster-1
eda14330-22cd-4b40-b96d-931332fffe39,group_236_cluster-1
1fcc9bad-c1c3-4c37-9e34-09da50e78b09,group_236_cluster-1
3e1bae3e-0fce-49e5-a80f-d55207455b45,group_237_cluster-1
472a1b23-d6d9-4f83-8eef-e2c317ea6e22,group_237_cluster-1
e1a5546e-b4dc-486c-bc3a-fdf728cc55a4,group_237_cluster-1
f563e3be-1c69-4216-a682-8ed5784d2b85,group_238_cluster-1
d6586965-7ea8-452e-844a-c7d32a1d4d32,group_238_cluster-1
b272f782-0ff0-4b46-9e7e-23400eab4745,group_239_cluster-1
539442dd-1bbc-4092-9dbd-f937d6781df7,group_239_cluster-1
d93293dd-a63b-4a17-bcf6-a0e7d158fefc,group_240_cluster-1
6a63b0ca-376d-40bc-a73b-e84d2c94ed6a,group_240_cluster-1
b6877b7b-4254-493a-bf52-ae105a75a63c,group_240_cluster-1
a3d779f7-7679-4a4f-b46c-b34c013984b3,group_241_cluster-1
75d6ec23-37c7-4a74-bbe5-0e8182f2a58a,group_241_cluster-1
32c4540b-43bc-46fa-a409-07398f1a6421,group_242_cluster-1
e7204721-aaa6-4a3a-affa-057745ab0648,group_242_cluster-1
a1f1a8f3-5d2e-4870-9caa-ae7034ef7863,group_242_cluster-1
3315547a-5934-45e4-a9f8-fac100f35183,group_243_cluster-1
a7572778-cff9-49a8-be70-9aecbc293e93,group_243_cluster-1
7a043951-1cb4-431f-8d2a-c8b30ed07a79,group_244_cluster-1
1565428b-0646-4793-916e-7ea5ee6ded9f,group_244_cluster-1
a0ed4ebd-23da-47f5-91d3-a967393285d3,group_245_cluster-1
7dc1bb45-208e-4bd8-bfb4-7f59cc0d4d77,group_245_cluster-1
42fe7d29-7217-47e3-be54-94ee86c37804,group_246_cluster-1
b0104a2e-584b-4f2f-b940-21bf707b8964,group_246_cluster-1
81624869-835e-4849-ab06-84ca0822ea4d,group_247_cluster-1
07217528-ef61-4fff-9fdc-1550794feb62,group_247_cluster-1
9d64c131-09cc-4a5d-a1ac-9000bf49801e,group_248_cluster-1
ae1af033-8de2-42d7-81d5-187d6fb2c915,group_248_cluster-1
ae827308-49db-4226-bb99-5de699fb6e74,group_249_cluster-1
413072ca-f4ab-490e-8f88-99a6ccef9ffc,group_249_cluster-1
cafc8d82-9879-4c76-b699-dffc24f91052,group_250_cluster-1
0948b0d1-2324-494d-9f08-08a99ca0e468,group_250_cluster-1
c3407e30-d4fe-4a62-b477-eb0b4e6056a7,group_250_cluster-1
4962220c-2e79-47b4-8628-6f4abf858091,group_251_cluster-1
4045edfd-e043-45ef-a393-884cfbfcb57d,group_251_cluster-1
3d7eb74a-a87f-4a77-9dec-9af85b32c09b,group_252_cluster-1
c8afdca9-7df2-4f75-96f2-a466b846bbb3,group_252_cluster-1
445d9abe-71e5-405b-9f9e-173c46508311,group_253_cluster-1
8e0ceeb4-5c86-46c9-b9f8-e7e3b0bc5b6a,group_253_cluster-1
90938e58-9bbd-41ba-945a-ce2acf279dc3,group_253_cluster-1
3d1a26ab-db84-43c7-a6a6-75f43c50495f,group_254_cluster-1
ab6248fc-c0a5-45fd-ade2-3eacd22cef80,group_254_cluster-1
fc0be2a1-6f0c-4960-a8a3-78b2fa243712,group_255_cluster-1
698521aa-6eaf-4c79-b994-63be383702eb,group_255_cluster-1
74192df7-8725-40bd-a687-bc35957bc536,group_256_cluster-1
6c4269fc-3abf-42fc-9245-530fe25fe98b,group_256_cluster-1
ce1bde21-0f82-4268-9f38-ec82f12c79a7,group_256_cluster-1
f2547d20-ebca-41fb-b18e-2d4f1a940928,group_257_cluster-1
10e5341d-b6d5-47e7-b242-85ac3faf2e02,group_257_cluster-1
5a66e674-7357-4ad5-a749-6edbb51b4f35,group_258_cluster-1
18b81c2f-668a-45b4-8b20-61f66390b79f,group_258_cluster-1
14b570fd-5980-4d01-bb7a-2f92b8632bc7,group_259_cluster-1
e5f997e8-aaf1-49f1-be86-01b8bce0ab40,group_259_cluster-1
0740001a-81ee-4b5e-b513-4321d776bf21,group_260_cluster-1
75f15701-6ab3-4589-894f-742b27cfd8a7,group_260_cluster-1
5b85b151-191d-40bd-9bc6-70b6e39c56da,group_261_cluster-1
e3a32111-b4a1-466c-84fe-cc953b1f713f,group_261_cluster-1
b51c602b-34e8-4f8d-87b6-3f7c086b6bbf,group_262_cluster-1
34a72440-3d3e-415a-abc9-67c0524e5dfd,group_262_cluster-1
18defbc5-e406-44ab-ac34-3f6503213314,group_263_cluster-1
3dcead5c-f74f-4a36-8a73-0f7127939519,group_263_cluster-1
0624e8a1-be78-4e9b-9b68-e1b341b6ab13,group_264_cluster-1
fbf97d4d-78f7-46c2-b3cc-960bf10d9382,group_264_cluster-1
e97b9cb7-a210-4d30-9915-714a141418bf,group_265_cluster-1
a653df59-670e-4806-bf62-def06253071b,group_265_cluster-1
b1554061-9704-4042-8739-14a04a340f4b,group_266_cluster-1
ce33687a-f19a-4651-aded-5ed6d5d1e8c9,group_266_cluster-1
9493ee36-2d27-40f0-964a-5828949b0ff8,group_267_cluster-1
64f11eae-ac00-44c7-a66f-d816ed5e2f07,group_267_cluster-1
4b95adfb-57aa-48e0-aa14-1aad77a18911,group_268_cluster-1
cdbd94ce-ef3d-4fbb-894a-40071cf0e938,group_268_cluster-1
4bf7ac08-ecfb-487e-ae0e-3cb93b339d6e,group_269_cluster-1
2b5c865e-9b58-4765-a6cd-ae2f2a15e62e,group_269_cluster-1
7c0243a7-4d54-4ef2-995f-8df348ac10fa,group_270_cluster-1
75a46a2f-e070-4b2e-ae0b-9ca01e486191,group_270_cluster-1
126e4874-eec0-48ec-a418-9ba03ec4d381,group_271_cluster-1
95c5e411-99f3-4ea4-a60c-7ec810b38be1,group_271_cluster-1
cc5a9ffd-7bba-433b-8799-5860b6200044,group_272_cluster-1
4540cd0b-1de4-48c5-8dcc-0540499a447b,group_272_cluster-1
14b06b75-dd9b-4edc-8f22-1c369809bd98,group_273_cluster-1
4fcb8feb-64a7-4bf5-bd83-ef8b7174d1b7,group_273_cluster-1
4bf4c894-78ca-4b04-b8ce-10c65630c731,group_274_cluster-1
fdba6946-9334-4ce3-ae03-1ae42fbe5cda,group_274_cluster-1
786be857-925f-4604-b91b-b2092f79b0cf,group_275_cluster-1
65755a94-4e96-4837-ba93-9759581a662c,group_275_cluster-1
5659eb44-6c51-4a4f-a525-cc3d7363ead8,group_276_cluster-1
76ebfa2a-5057-4c57-9066-394d5466cd0f,group_276_cluster-1
2fd37d51-3612-444a-a318-442e95371a31,group_277_cluster-1
19ecb8dd-b444-42a8-97c4-d7b17d83d58e,group_277_cluster-1
0ee2348c-f92e-4dcd-adc3-72f5f53a0ee4,group_278_cluster-1
a5b06801-5041-4fe5-bc4e-6bbc18a0a690,group_278_cluster-1
14f871f3-1455-4faa-bee9-28bc5ce02e2e,group_279_cluster-1
be505f5a-c786-41a6-a7bc-3b155d83d213,group_279_cluster-1
39e89300-a376-4de5-b2ad-c781049b6d6f,group_279_cluster-1
7cc0e80f-cbaa-4a9b-98a4-049d812aa23f,group_280_cluster-1
0fba49fc-cf54-4efc-b0be-609d05a5e3e1,group_280_cluster-1
f509598d-6861-4a30-aa8a-b693046497db,group_281_cluster-1
1af8a444-bb76-4c68-950e-da12d7876df9,group_281_cluster-1
73fa55cc-b551-458a-af1a-79b498b958ce,group_282_cluster-1
1c9ef2ef-81f8-46f5-8b25-1ad8f41f97f4,group_282_cluster-1
0fd95d36-393d-4986-b559-cf1874ee9b5f,group_283_cluster-1
41704164-a5b7-4352-a37b-2e48444ac41b,group_283_cluster-1
e9b3f7bb-0106-481f-a61f-932c1c3614b6,group_284_cluster-1
72e89972-0959-47a4-9e75-e12ebfa34caf,group_284_cluster-1
5a5aa7c8-adf6-4d7d-8820-9b7183b63a4a,group_285_cluster-1
dd2e2b3a-457a-49d6-a4d5-7175706fe89e,group_285_cluster-1
28ed9fde-bea7-48c0-8bc6-e8e4999b9381,group_286_cluster-1
ad547dd6-7165-4a6b-b33e-185b665579e6,group_286_cluster-1
ac6d4140-6686-4b03-9686-9d5234acb512,group_287_cluster-1
c772cd16-6daf-4d3a-af63-a264ece26c48,group_287_cluster-1
f38351fc-8087-4f5f-8657-1450729a0ae1,group_288_cluster-1
2b457a39-c093-4b00-97d5-8334a71ba173,group_288_cluster-1
1890b0b2-edd2-41b7-b099-f88a37b2b219,group_289_cluster-1
7a1c5017-ed94-4731-86ba-3afa51ed8e12,group_289_cluster-1
9999c9ee-c716-4e4b-bbba-f90756c34dff,group_290_cluster-1
e22adea7-9a9b-4444-bc98-948e5773a08e,group_290_cluster-1
5d58a2fe-1124-4ea6-9069-24fb435c3ed1,group_291_cluster-1
d59833e0-6107-4243-a059-4e57ef72c7bb,group_291_cluster-1
ad0e79b2-0e34-46cd-9223-d908a9a6e461,group_291_cluster-1
971332f0-6946-4638-87f4-1afa0a434291,group_292_cluster-1
b6e4527b-baaf-4ead-88a5-b61a1a63c63c,group_292_cluster-1
fc82df78-33ad-49c4-a801-f9a14c9cde20,group_293_cluster-1
5caae444-d15b-4e4f-9474-a50fb9a22c77,group_293_cluster-1
b0678c83-e674-4c03-aee2-0182d5ea9519,group_294_cluster-1
62a41779-dd84-4b5e-827f-620ad9761267,group_294_cluster-1
4f2a1e5c-5366-42ab-bcdd-b6c37ae961cf,group_295_cluster-1
67528174-5e7b-4468-a101-78b260ff0250,group_295_cluster-1
5157df81-7ffd-44af-a143-726b9c41dbd5,group_296_cluster-1
4a1858fa-cf49-4d7a-be56-9944ee4d582f,group_296_cluster-1
952b40ee-8459-49c1-890a-9ce86e5dccc8,group_297_cluster-1
b3d5f0b2-a9ba-41e5-8173-933e275a78c6,group_297_cluster-1
73b20af5-1ced-40e6-a49c-1d556afba3a7,group_298_cluster-1
0c2a24a4-ed2a-442e-9b22-308fe92d8e66,group_298_cluster-1
07a01df6-ac76-4f89-973a-2de3dd3e2694,group_298_cluster-1
dd785867-eabc-42cf-b092-90efb4bea7f7,group_298_cluster-1
284d02e6-0db9-4c68-8af5-332cef454a7e,group_299_cluster-1
3279d426-c879-465a-a14e-e6e2f26d918a,group_299_cluster-1
47644e95-879d-4ea0-b3e7-a22c5e992739,group_299_cluster-1
f97e1597-0df2-4269-8e19-a304425f586e,group_300_cluster-1
11b2bc06-edd4-4167-b7ba-ed5397439d03,group_300_cluster-1
6ca89790-5f65-4672-a8e7-048be3136908,group_301_cluster-1
72fdcdf9-6d29-400b-8771-69f205a0cc69,group_301_cluster-1
142e214a-25ac-429d-a1d7-b7fc79a2c829,group_301_cluster-1
68dc76c1-15f0-4140-b4d3-b29d3727a009,group_302_cluster-1
14af3bef-2a0e-45a3-aac1-0d75fccd04d2,group_302_cluster-1
7f4abac2-7570-4aed-912c-33425e46bded,group_303_cluster-1
b9373dbf-ca52-4973-a4f5-4a887382f7d2,group_303_cluster-1
d0f97060-0d39-4a2b-90e5-299ee1dc2aeb,group_303_cluster-1
f56e38b0-45eb-4caa-a59f-6ad6cbb62508,group_304_cluster-1
e0d8b400-9117-4f83-ba32-eaa3fe0d2171,group_304_cluster-1
1892d0fe-44e2-4e7c-92e6-bcb241e36e3c,group_305_cluster-1
de509642-2dca-474c-b46f-d779e321c505,group_305_cluster-1
edf4a86c-b463-488d-8906-0c205b40c58a,group_306_cluster-1
76e26d2b-b5e0-4ca9-9693-d80bc6d8b647,group_306_cluster-1
adc74bbd-ddd1-477c-9c6a-69ce087e010e,group_307_cluster-1
55a820dd-36bc-4016-b2cc-abf173553d25,group_307_cluster-1
fb6742a6-c300-44ff-b554-d1c94625d53e,group_308_cluster-1
1f031760-87b9-47a3-87c5-85e75990dc42,group_308_cluster-1
7b0c6d37-fe6c-426a-8d96-838b0f7e2ce2,group_308_cluster-1
63b188e0-4cc6-44da-8021-a16fc5623325,group_309_cluster-1
a20fdd6f-7cfb-44b9-9fd9-7cb26afcf059,group_309_cluster-1
026d3ffa-f146-4634-9025-cc6459e4c851,group_310_cluster-1
18db6139-efe3-4867-aa67-81aaa374dbd8,group_310_cluster-1
82dc84ea-d6c8-48dc-baf3-a2be373c2bb3,group_311_cluster-1
501287dc-a66e-412b-8343-104fe972aeae,group_311_cluster-1
de2090e0-00de-4273-847e-24b07160e7fd,group_312_cluster-1
eb318212-fdd0-43fb-a6ee-67edd9aeb7fa,group_312_cluster-1
d89f31a6-e120-4209-b8b7-c387600ff94b,group_313_cluster-1
0d806501-75e0-4368-975a-892ee2f8a0a2,group_313_cluster-1
cfa4f478-2d1e-410e-aa05-91e68abfcac7,group_314_cluster-1
8c32a370-c32b-493d-a84e-98ae41cf8d38,group_314_cluster-1
3aa3e3f1-13cc-40fe-82c4-5ad62828fb9a,group_315_cluster-1
42da4ec4-2724-4b47-8f0b-bacffba228bd,group_315_cluster-1
ffd75117-cc87-482a-8f53-0a312550f5d7,group_316_cluster-1
4852033f-16b1-4317-8e1f-8639f001602f,group_316_cluster-1
c0843370-e3d9-4b7e-92fd-96469941aff4,group_316_cluster-1
82888bdb-8070-4cb9-bbf2-e2a82ba5346d,group_317_cluster-1
69ce3c81-7ca4-4a5b-b2d0-7527bee78e56,group_317_cluster-1
d478f07c-1e30-465f-9397-9315200306d1,group_317_cluster-1
04e1cd5c-d6ad-4b37-9cbd-79179d734172,group_318_cluster-1
23b49978-3c06-45e2-8107-9b20553ca058,group_318_cluster-1
67c4493b-1be8-4b08-9813-4658a6ada9a7,group_319_cluster-1
ba8abe5a-9db5-48bb-a451-aeed677424f8,group_319_cluster-1
166ba9ed-f027-43c2-815f-709aebec01d6,group_320_cluster-1
66ddd507-5fe5-435a-a2eb-e24d938a238a,group_320_cluster-1
8af9fe78-ca66-4076-8051-ba2e21e04e39,group_320_cluster-1
4099f380-9e47-4b90-a3c6-0291a3ba88bc,group_320_cluster-1
689371c1-6c34-411e-bdc9-29bc00b39c94,group_321_cluster-1
455c7db3-7fd6-4558-9ca7-62d6ccf078d2,group_321_cluster-1
be39cffc-e7ef-4361-92de-1e90077a38e1,group_322_cluster-1
8d0ab45e-dd54-4b6d-b094-ee938bdaf9df,group_322_cluster-1
a5e7a57e-6243-4f2b-abbe-e80e6dcd86be,group_322_cluster-1
05a73a4c-568d-46fa-9aff-5478431e85a5,group_323_cluster-1
711a2340-54dd-4865-9e3c-1c395c5179e4,group_323_cluster-1
2c0be83d-0399-46ae-b021-a15eea57c2e0,group_324_cluster-1
ad0c29d5-4901-4859-9f97-9d5da6ddd5f2,group_324_cluster-1
9d6ecb21-0711-4205-b260-47d8ae0ec8bb,group_325_cluster-1
aeea41c0-e60c-4680-bf2f-ddaa3e440394,group_325_cluster-1
c83f3439-db0c-4bfc-9234-770e2c65a6e9,group_326_cluster-1
71dd34dd-09d2-4b02-ac59-429337f673b9,group_326_cluster-1
df0cec77-4609-46ec-8030-2e03c3c661a3,group_327_cluster-1
cb2c377e-9fcc-46b6-9f68-8f2e57b23ebe,group_327_cluster-1
27d685bb-0957-40b1-8198-81c9119c4d09,group_328_cluster-1
c23b06dd-e057-4dc1-92cc-dff45811b0b0,group_328_cluster-1
87bca54e-a668-4c76-81b8-cc33e59dafbd,group_329_cluster-1
39e51600-2f3b-4e77-8a4b-bf56cc8accd1,group_329_cluster-1
b2ad568b-dab4-4cc6-b08c-1efb33612f04,group_330_cluster-1
eb207905-7a97-4f60-8b4b-43c5cd5414b7,group_330_cluster-1
9e8eece7-6f1e-4e97-91e5-5d2344c482d3,group_330_cluster-1
536579f2-4bd3-414f-86a9-c536f7704f31,group_331_cluster-1
de774638-abf7-4a01-a7c3-32d30c3a13de,group_331_cluster-1
31124c63-0e30-4fe9-adf2-c695f3008995,group_332_cluster-1
4302704a-83d5-4b86-a8b5-b0593681d178,group_332_cluster-1
ded6a903-09d7-4604-a314-f0dea9c53665,group_333_cluster-1
5199ce38-0689-4092-aa63-0b2c11a38d41,group_333_cluster-1
cf1c9646-14e1-4cf9-9f8b-198a54a4c886,group_334_cluster-1
38e96e9a-d8dc-4ef0-9e77-8a5d6b04a173,group_334_cluster-1
2ce9894e-1af1-4e2a-96e4-c1dcce1d0096,group_335_cluster-1
019a1dce-fe3f-4b83-b4bc-cfa584998294,group_335_cluster-1
cf3f00d4-97fc-4269-ad6f-922d1466a95f,group_336_cluster-1
3ab05449-694e-4ae7-a13c-61e4c4ac050c,group_336_cluster-1
ab012f6a-5b62-4a30-905b-b4a2684fc7c6,group_337_cluster-1
95901572-c2ee-4752-ad09-1a5c5fb84069,group_337_cluster-1
8f0bafb3-66da-4a30-9447-22d8ffb45527,group_338_cluster-1
7cdadb21-335c-4427-9124-6311922a8dc4,group_338_cluster-1
4221cda7-b26b-4bdc-ad3d-81c381a7e880,group_339_cluster-1
0cb1e5f1-3855-428e-a560-df06256da3f6,group_339_cluster-1
eea77e01-f4ef-4b73-9a93-065795fdcbf6,group_340_cluster-1
13917da7-fe72-418f-8634-424fa37e7698,group_340_cluster-1
4f07728a-b751-44a8-b731-dd248e493d03,group_340_cluster-1
b559111d-617a-4427-860b-8f857eff1797,group_341_cluster-1
c09a6098-0b8f-4319-a82f-a606e06daba0,group_341_cluster-1
5f6e75f6-9103-4f8c-924a-a58203bfbfea,group_341_cluster-1
102f7cae-b366-48c7-8ee0-f4819324103f,group_342_cluster-1
3114086e-c93d-497b-a8ba-7a1a25c66ad1,group_342_cluster-1
92328bfc-6ee2-4cc3-85ef-7df9ad5d444b,group_343_cluster-1
09c99d45-d99e-43e4-bffd-d40ef53d0ba5,group_343_cluster-1
0c605b88-faff-410e-850d-81e818dde6e3,group_344_cluster-1
c355b421-c457-420c-8567-ad1139c4cc96,group_344_cluster-1
3219c4b8-c3f3-4c85-8d1c-7c7ae62abbaf,group_345_cluster-1
d47ab309-67ae-45f4-af8f-4e4cec2ad0e4,group_345_cluster-1
c9b5e82c-596c-46f6-8e26-d6839ae2a30c,group_346_cluster-1
5148fcd0-99a6-4d8f-8e02-86257821948b,group_346_cluster-1
f0005e45-8b76-4a78-958f-2b8261550e34,group_347_cluster-1
e8c9f00a-3618-47e6-9077-0b3308c78a63,group_347_cluster-1
a378724c-11a4-4e90-9e63-291d3898a2e3,group_347_cluster-1
31c134c1-f044-4563-8dc3-974e4ad1d653,group_348_cluster-1
9a9455d8-4bd3-4635-bcd0-cfa9e816bbe2,group_348_cluster-1
ecc7cd54-7189-4b70-b5b3-9c725933f315,group_349_cluster-1
f061e3cc-19ae-4a53-a792-791534bbdd0a,group_349_cluster-1
c90e871c-7ed4-43aa-b449-78830bdca533,group_350_cluster-1
927339a6-b108-489f-ac7d-f4804ec4ab6f,group_350_cluster-1
01178489-ddc5-442d-a38c-84725e519978,group_351_cluster-1
f769aa99-8bb0-492f-94cd-12aafad40edd,group_351_cluster-1
960cec03-dbd0-4d40-a103-690ce9cb1d16,group_352_cluster-1
ddc214fa-3ff1-4280-ac2f-4fbbd1fb1092,group_352_cluster-1
59d20e06-037f-4694-93a8-d7bc1b2de7b9,group_352_cluster-1
8ee6c27a-5c10-4710-8bb7-f474ab114885,group_353_cluster-1
8fa4cedc-844c-489e-aea6-86f17e00e31b,group_353_cluster-1
9b0514ac-c73e-4640-900e-da60aa3d188d,group_354_cluster-1
69689072-373e-4c58-86da-6863939e5a90,group_354_cluster-1
170e7d4d-bf34-4744-b592-abda7c675657,group_355_cluster-1
b5f8d1c7-6774-46cd-a76e-ac18898462df,group_355_cluster-1
4dd14135-19bf-4227-9a7f-95f4af94a4e9,group_356_cluster-1
699679b0-b1f2-4d34-a65e-ebaef64caefe,group_356_cluster-1
05f72679-51c8-45a3-a158-d97b4501b997,group_357_cluster-1
bba7b183-83d8-4d66-b20d-b8d0eb6318ac,group_357_cluster-1
f3494d07-ab82-4109-bea1-6cbef933d93b,group_358_cluster-1
f4881bfc-b624-42ca-974b-0580241b4261,group_358_cluster-1
1003ff34-bc30-4ce5-9e6b-4e99a53309cb,group_358_cluster-1
db1c8c3a-ec48-41ef-8136-5664255a2980,group_359_cluster-1
81e66981-527e-49c8-8cce-e35573239f24,group_359_cluster-1
bc270cf2-9272-4dbc-9e4e-88b9c4412615,group_360_cluster-1
6c51d6df-0c6e-49c1-95b6-20e7293cc0c0,group_360_cluster-1
f2897965-a7ed-411c-b2b5-0e209cb6bce5,group_361_cluster-1
1d720edb-7cc0-4d89-a937-7f5cdbc45e8d,group_361_cluster-1
fe64b164-787a-40c2-a764-2a808ad9bb6f,group_362_cluster-1
ce01c80e-bdf7-41de-bd9e-06bb47aacd86,group_362_cluster-1
454a30d1-9957-48d7-89e4-f0de867abc5f,group_362_cluster-1
899f50d1-38ce-4c69-a9d2-d57a08698ec6,group_362_cluster-1
0c7dcae5-9d1c-4fc5-ae1d-6a4be3c2c422,group_362_cluster-1
bc784185-d391-422d-a50b-e253370fae73,group_363_cluster-1
f2bafaf3-3e77-4e8e-b1f1-72ddcd714a08,group_363_cluster-1
3b3e8e51-297b-4799-aa59-5fdab245c47a,group_364_cluster-1
bbe5812b-35be-4e3d-ae29-aeaccbbe0e63,group_364_cluster-1
2335b3c5-9d2a-4c0a-8ace-cb1dac360cbf,group_364_cluster-1
665941d2-76b4-4b06-aa19-49546d620e74,group_365_cluster-1
e430685c-d4ac-4628-a38f-dbc609ea56b6,group_365_cluster-1
fcd6d66c-e30d-4367-a9f0-a1e7465bd9bb,group_366_cluster-1
ad487e1d-0013-4d82-8b54-201eb6638229,group_366_cluster-1
db185596-c12d-41de-ab1d-0fb7ef877ff3,group_366_cluster-1
82b8d279-6e6e-4ddc-8534-ac3d334152ff,group_367_cluster-1
d944ed6c-1321-49de-84a8-eeb8fcc34268,group_367_cluster-1
765149e6-7d2a-4a99-96de-6477e0eeaa88,group_368_cluster-1
b01b754f-0949-4569-b97d-a1da0e13d1c4,group_368_cluster-1
3e36c5a8-5430-460e-b522-21552203af5d,group_369_cluster-1
2c556363-9751-4743-a4c6-276d1fa6ef26,group_369_cluster-1
ed5df292-8926-4937-9e64-c95ac6bf1869,group_370_cluster-1
6632ad8d-550b-427d-8b47-9bcf2c00c264,group_370_cluster-1
7b689da5-8f76-40a8-8413-36bd7eb74385,group_370_cluster-1
64275484-8fa4-4465-8538-efbc7b8b41df,group_371_cluster-1
d3fd6d3b-7dd8-4635-8e48-37ffb621251b,group_371_cluster-1
56157373-5124-49a3-bd46-2b3c2d6b4c81,group_372_cluster-1
18dfa8f6-e9e6-4276-9ff7-8a20bb2e5a5a,group_372_cluster-1
05ce00d6-4860-4b5d-91f6-2340b2579b53,group_372_cluster-1
800f5c3e-9c8a-4b8b-abe2-87ad15ff6816,group_373_cluster-1
6b5cd971-61a5-4fbe-a52d-8ce592a9e866,group_373_cluster-1
adc2b13b-b255-4a41-bb8d-24fa6b386212,group_374_cluster-1
5912742a-c14d-4b92-a43a-87f001e826d8,group_374_cluster-1
09607444-d600-4ab0-bf5d-a2f86075d7af,group_375_cluster-1
813ad134-a199-4d94-932d-5c6005fb8ede,group_375_cluster-1
3ddeecfb-59b2-437e-a780-c6c5dfbab0df,group_376_cluster-1
b986f9fa-82dd-48af-ad01-f32823f07c9b,group_376_cluster-1
f25e1ac0-499a-4aad-9ad8-9fcb3e09fd33,group_377_cluster-1
0c8469f4-c44b-40dd-8d2e-da1028c76964,group_377_cluster-1
c0f1df4f-1614-4b7c-bb50-c26cc476d9b5,group_378_cluster-1
08e0b037-7180-4d9e-ba3a-f63ea2206ffd,group_378_cluster-1
49fe2631-269a-4f78-a104-91be56a4c6ab,group_379_cluster-1
afc87e98-7b87-4e36-b183-45b9f6b44ba0,group_379_cluster-1
2bc211cc-e473-48ab-8ca7-88777f6d7469,group_379_cluster-1
80ac30b1-4713-402d-aae9-6455fd11f5fd,group_380_cluster-1
8e1eef4d-240e-4ce8-bc26-a6570fe8ece6,group_380_cluster-1
074c1cfb-96c1-4079-b309-0b543b3128e8,group_381_cluster-1
29eb331a-cf0f-4605-b238-67d8fe078ffa,group_381_cluster-1
cbb122c7-b1ab-4364-89ad-62515a9c3ce1,group_382_cluster-1
67c7ff22-9f52-431c-acf4-a7465491b141,group_382_cluster-1
f6f09d6b-3351-4f46-8261-e75b61798b8d,group_383_cluster-1
3846c986-d025-42df-b7a0-8813b2d401ec,group_383_cluster-1
ee156a37-972f-4a54-8aa9-a1295a96b2a4,group_384_cluster-1
81357eed-5a37-42d2-b67a-9767d69cd233,group_384_cluster-1
2241a452-6da6-4ff3-812a-3349f7808230,group_385_cluster-1
2f1d7492-9a76-4a55-8719-b4282c4716fc,group_385_cluster-1
133ab118-b4b0-4bd0-8158-9389f5c20966,group_386_cluster-1
0083dc19-8e6c-4de3-9bd3-b8471825daeb,group_386_cluster-1
3444388e-9db5-4df7-8e6f-883674300748,group_387_cluster-1
dc906f41-07eb-40ac-9d95-819cd8d2359d,group_387_cluster-1
653132fb-6986-4ac8-9d42-13010431b77c,group_388_cluster-1
0f5faa25-8ee9-4800-9f0b-32fc57b08977,group_388_cluster-1
0890d670-1a56-4772-b68f-87c492cef001,group_389_cluster-1
3166da61-8d2b-4ccc-9eb8-26b7a1834298,group_389_cluster-1
fef54d93-b1e0-4714-b250-cd29e111145c,group_389_cluster-1
907e24e5-5fbe-487c-adc3-9f09cc1c6aa8,group_390_cluster-1
cc1df684-798d-4141-ad74-20426cb185a5,group_390_cluster-1
042d7aa6-76af-4300-83ba-e8f52f79a5a7,group_391_cluster-1
cbc1d9fd-d2cb-435a-9711-f2bfca0f2c3b,group_391_cluster-1
0a646e06-fc3b-4cc1-a01c-e8b7fdbb8a50,group_391_cluster-1
d31651ac-6cd6-46fa-a529-f15ea331846e,group_392_cluster-1
25833a65-9592-433d-b6fd-137c7d864d5b,group_392_cluster-1
65e9c5d0-f285-4d05-948c-153a71bfe486,group_392_cluster-1
1619bc8d-e2bd-47df-8749-4e1b139d4530,group_393_cluster-1
26666572-05d6-4c3f-8415-5258f741a759,group_393_cluster-1
b6a6a39f-c0a6-4249-8a28-c9cea4296b76,group_394_cluster-1
00b432a3-14c3-4273-837f-f155540851dd,group_394_cluster-1
3ba88f4b-f6ef-42de-9c41-cb15a5cc7fdd,group_395_cluster-1
412bd0bf-58b1-4c0c-aa66-f6ade5658b96,group_395_cluster-1
a60e4a27-471f-4781-b3f5-b645a6b39476,group_396_cluster-1
84467c72-2330-4787-9dac-90bf63c5226b,group_396_cluster-1
2c123321-8a08-4910-b9b7-178ab270391f,group_397_cluster-1
d587bdc5-1a08-4ed0-a1a2-132224ee5c23,group_397_cluster-1
cc9e711e-8a02-44fe-8560-c6a5c4d600db,group_398_cluster-1
3379a3a7-a1fe-4714-8f26-7d6d52bbfe69,group_398_cluster-1
2e38fc54-6c13-41a1-9be7-e2ccac05840a,group_399_cluster-1
ee8f34c6-d46b-400d-be9d-354d3bf64538,group_399_cluster-1
694aeaaf-1fd6-4ad3-b63e-37d3fb8fae6a,group_400_cluster-1
8bb741d6-415d-4d7b-b686-024aee1bcb08,group_400_cluster-1
b8bc38d2-797c-4a34-ac2e-22c3ccdf6dcf,group_401_cluster-1
0968df0c-33b4-4983-92da-50d82243c022,group_401_cluster-1
49a6db86-15bc-431f-a1db-89caf289fc18,group_401_cluster-1
382fa806-1837-4833-add5-45c05bb507d9,group_402_cluster-1
ca4f6bb8-3eed-4892-9353-06a340c77712,group_402_cluster-1
e7f0e147-7cc5-4796-a7bd-56eba69a3e27,group_403_cluster-1
a2941388-0689-413d-b0f7-8491949fc2d5,group_403_cluster-1
15d8ff0a-e66b-4e7b-918b-f42cf16d0e6a,group_403_cluster-1
3eae5412-0670-4979-91fd-167c7a155cd3,group_403_cluster-1
1ee7323a-9e2b-48d8-8719-5f53174dbf78,group_404_cluster-1
7b280933-5c58-41a1-94fe-56a0f91b793c,group_404_cluster-1
5b220791-ec91-4d0d-bf7d-37e6bb7bf3b1,group_405_cluster-1
d1cf1cfb-2dd7-4556-a678-105cbe79cb4a,group_405_cluster-1
ec4bba1b-1408-4888-9da9-fde29a46666a,group_406_cluster-1
5c84fbd3-0750-41bc-a48a-80d7b058fc8d,group_406_cluster-1
b1b847bd-8a99-434f-af22-7fe1951c194e,group_407_cluster-1
651907b1-b5d1-4fe9-b1c4-2586a50702cb,group_407_cluster-1
bb78a1ef-1b11-499e-b48b-3b709c3dfed5,group_408_cluster-1
9454ec2d-8ce6-4995-afaa-f9e44beded84,group_408_cluster-1
0a227351-cbee-455b-a887-78f57a27f16e,group_409_cluster-1
03b10588-059d-4ac6-adfa-74c157309f63,group_409_cluster-1
0815cf1e-7428-461f-8f2b-2154b71b0188,group_410_cluster-1
1449c73e-77bb-4259-910a-81b8445b44fa,group_410_cluster-1
bf580c22-5df3-43f8-930f-d82d29763d74,group_411_cluster-1
7c77717d-a8ca-423e-a9a9-acdee2f0b9bc,group_411_cluster-1
ac98f978-035a-486c-bbd4-032833ceea6f,group_412_cluster-1
47c12816-82b8-445c-9f8d-603fe5b5c0c2,group_412_cluster-1
47b1b289-40c7-4250-91a0-3d81db6f044d,group_412_cluster-1
2a647204-5a8b-4d1d-abd8-c05bdbdb4bea,group_412_cluster-1
4d0a5532-999c-4857-bd1f-e5ec1c5fc59a,group_413_cluster-1
4d43f6c1-6cc5-445f-8414-37605335c191,group_413_cluster-1
adf93d41-7fd5-4331-a464-2ead3c718764,group_413_cluster-1
2e2581ff-d34a-4f01-ae2d-07230c824468,group_413_cluster-1
3ef0416c-d526-475c-88bf-f0b7e503766f,group_414_cluster-1
ef7b958a-81eb-44d0-b312-35359985965d,group_414_cluster-1
be32b29c-74e3-4b33-996b-58481c23fd61,group_414_cluster-1
614014d7-1f98-44d7-874f-fcb4ff9f422d,group_415_cluster-1
f51b7f2d-c20d-444a-b39e-ca7215671284,group_415_cluster-1
2c09c6b6-1822-4876-bd3e-eda0e4c2f66e,group_415_cluster-1
40a0e550-976c-4eeb-8eb4-8e40ce2af86a,group_415_cluster-1
d42982dc-373a-4395-a8c8-6253620cba4f,group_416_cluster-1
a16f514d-03e4-49e2-9cfb-f078ced93d4e,group_416_cluster-1
106dfc6d-b162-4a2f-98b4-fd497d737a75,group_416_cluster-1
71495f96-ee76-4e83-a1f6-8b2371f0908b,group_416_cluster-1
cfc5ebe0-3bce-4b58-859e-b869683a3cc1,group_416_cluster-1
87c97094-0366-4c25-b898-dd18324a4898,group_417_cluster-1
fe502b98-f17e-4919-83a4-e6c232c9bbac,group_417_cluster-1
18f34f39-60e3-4d53-a242-33ae46446cbf,group_418_cluster-1
e11ef7e6-86a9-4007-acab-0252b53a6387,group_418_cluster-1
50cccba5-7fa6-497a-b365-229e088cd3c8,group_418_cluster-1
654bcf93-f590-48ea-b4ef-5288f05bc64b,group_419_cluster-1
6144d6cf-d7db-43e2-bfd0-7e45f764b2ae,group_419_cluster-1
3240f457-c73e-49f9-a1e7-12408de5e70e,group_420_cluster-1
46e9d76f-fd5f-4659-a538-54a3352be498,group_420_cluster-1
5e9ffe32-dd2a-47b8-9307-57ba75a11183,group_420_cluster-1
5f8544c6-3645-4e78-8092-505edc2c9423,group_421_cluster-1
a20e6339-dba4-4cc4-9f8c-bea480daa67c,group_421_cluster-1
9d5a91eb-a5d4-4965-8f72-26848b691dc5,group_422_cluster-1
81f8294e-bb5d-450a-a4a3-2601db31c1a8,group_422_cluster-1
d61b7f4a-a78f-4b08-8d77-23f710da9ed8,group_423_cluster-1
6c64cfc7-e781-4095-b83f-5c95a26f918c,group_423_cluster-1
8d3d6bbc-d907-45d9-8a9d-bda0e8b50600,group_424_cluster-1
d29f5e96-b7f8-424a-b79e-923be4aa682a,group_424_cluster-1
422884a5-2719-4ba3-a2d4-c1f3111c8ecd,group_425_cluster-1
ebfbb60a-1b3e-421b-8295-17c6f047eddb,group_425_cluster-1
91bb6ca0-b610-46f7-af36-28ccd38ac901,group_426_cluster-1
e53325c0-8a73-4feb-91bc-9bc9c556e680,group_426_cluster-1
260d3faf-ca00-4dbc-8846-7bc0899c32a0,group_427_cluster-1
4a34daad-876b-43b2-a8e5-1775d584ae26,group_427_cluster-1
0c4c141b-5168-4c98-8eb3-5a17a04c3379,group_428_cluster-1
0db89efc-2eae-44c0-bba9-552759dd39a8,group_428_cluster-1
1efd970a-47be-4971-b489-2c975d947599,group_429_cluster-1
b049ce33-96ac-4c53-8437-7d9a50585ebc,group_429_cluster-1
44d5a8c9-c0bc-425a-89c6-c47f140d6e10,group_430_cluster-1
3fd5c68d-f721-417c-8ea7-6e191a47a0f6,group_430_cluster-1
758cd415-f05b-460a-977c-d3813138c8cf,group_431_cluster-1
726e4251-82f0-4d86-a0db-24bb8c0487df,group_431_cluster-1
83488842-3c52-463c-879b-431f75e09d55,group_431_cluster-1
661f8510-d860-4c8b-876d-382486bc9b88,group_432_cluster-1
b4ee8dbd-6892-4653-93b6-e15ea4ab5315,group_432_cluster-1
ad0c99ef-efb9-48e3-ba9c-734675ee0192,group_433_cluster-1
2e36ce42-caa7-49bf-8422-f93064c0a242,group_433_cluster-1
91f93960-0f9b-454c-88fb-642c073ef876,group_434_cluster-1
2023f95d-bf14-4faf-ae10-1fd2e575b962,group_434_cluster-1
814b74ab-29c5-44d0-a6a5-f0da040e3e96,group_435_cluster-1
d7398ae8-7a52-4090-bfcf-26a9959e08d4,group_435_cluster-1
9b0bfb39-4fd1-4e0d-ba7d-81f77d9c8493,group_435_cluster-1
de5f14da-d0b6-42f6-b0df-fcc3e3cc0883,group_436_cluster-1
1460c07a-f423-4125-89f7-ef3a4bc3429a,group_436_cluster-1
0a1b717d-5270-4a4a-a988-0d74372e9edf,group_437_cluster-1
0b06c83c-76a1-4a8f-84f6-cc0f18d92528,group_437_cluster-1
ce9f367e-7f4a-4dfa-9585-62f83462fc23,group_438_cluster-1
b16bbd61-be82-493c-a9ef-133997d7836c,group_438_cluster-1
580516f7-2532-4dc3-8297-c38c2388c664,group_438_cluster-1
a7a031d7-54ad-447a-92a8-4f6d3222b817,group_439_cluster-1
ae617366-1b5b-413e-a010-3567112b972f,group_439_cluster-1
db5cb451-d351-4809-9bab-336501e8303c,group_439_cluster-1
de89f5b7-c67e-4132-a1d3-58fbb8371ce1,group_439_cluster-1
a45e33d8-ef63-4927-a627-c4b111dea046,group_440_cluster-1
c777e08a-895e-45e5-bc0d-49f331d508ba,group_440_cluster-1
558959be-45fb-4ff4-a9a0-2592491d3142,group_441_cluster-1
e3197584-b659-467c-aeee-c86f54d99576,group_441_cluster-1
3831c4c7-6406-4697-a5ac-82075a312b3d,group_442_cluster-1
99b6473b-f2ce-46c1-8971-6c4ab813e105,group_442_cluster-1
858507be-1910-4ed5-b7ca-317f17928c5b,group_442_cluster-1
897c59ab-52af-4b19-a6f0-c451c643a69d,group_443_cluster-1
61cbbdec-6d74-4037-a029-522cf3bd59ef,group_443_cluster-1
3a6568f2-c2a4-4617-99f8-dd60aa8eb835,group_443_cluster-1
33e93f44-b6c6-48b8-a3e4-b6768d2a8a33,group_444_cluster-1
aa6bbe43-4c0b-41cc-a73f-4be630a9785c,group_444_cluster-1
8059b31d-ea0a-4662-ac69-10885cfd1e0c,group_445_cluster-1
2cb262dc-e964-4ad5-bcef-f19e491dbc79,group_445_cluster-1
43d066e8-3253-4f58-bb0e-194cfa8cc94f,group_446_cluster-1
6c71289c-bccb-4ade-b5cb-6b46438002cb,group_446_cluster-1
dedd28a5-af0b-48f4-a19e-d1f8244e176f,group_447_cluster-1
070d9235-413e-4ff3-a434-7230c4752341,group_447_cluster-1
299db49f-32ef-452a-b098-aad384a7c341,group_447_cluster-1
340f4172-cb9e-4395-83ee-aecc37143678,group_448_cluster-1
c8347157-b245-48bf-9bd0-b7116a7152ea,group_448_cluster-1
3000c44e-0f9f-4fb8-a734-4133887a7e65,group_449_cluster-1
1d91e353-4f3d-490a-9458-e52199074b11,group_449_cluster-1
38c55e57-8ffa-4476-9f21-0087f04be9bc,group_449_cluster-1
52ddb75a-2a9b-45e1-803e-839de0485ef4,group_450_cluster-1
ee80fd24-52aa-400d-b416-ead672d2e509,group_450_cluster-1
c163bce6-2bc8-43a8-a02c-11288eb859a3,group_451_cluster-1
b35d184d-3155-4961-8350-73acc98268ae,group_451_cluster-1
fa396bcb-acf4-4710-9ebd-b9208fe2ca48,group_452_cluster-1
5bca7aef-5837-42f7-833f-41cdd508b189,group_452_cluster-1
51fde513-b213-420a-afd4-a4b0c5a152b3,group_453_cluster-1
dc65783d-ceda-457e-af6e-7922780ee897,group_453_cluster-1
522f418e-5f60-438c-854a-60f38a380e5a,group_454_cluster-1
4ac371a1-15b3-4d31-9509-4d133e0e07b5,group_454_cluster-1
0abacb07-bb10-42b0-8635-d75999ca674d,group_455_cluster-1
e15eaa0f-c73f-4d4c-8342-613d58fe8a4e,group_455_cluster-1
c3e4bdd0-9d12-4f5d-80c7-e57f88d1035e,group_456_cluster-1
d625f523-dfda-48e9-98fa-cd555500b548,group_456_cluster-1
f86302ea-1d63-40bb-bb1f-d6212cc0abc0,group_457_cluster-1
ad35d94a-a7f8-42d4-b096-a82995d09ef1,group_457_cluster-1
59be0320-1393-49a3-b7f2-f165070a1e9d,group_457_cluster-1
4fa9329d-68a0-4874-9aa3-eb794efa53a8,group_458_cluster-1
705502c9-866c-4f5c-8b6d-5338bdb9d7f4,group_458_cluster-1
c1041e00-6a3d-48d5-9c84-8e6df54aa8fe,group_459_cluster-1
1fa85663-f939-49b8-8f1e-7a53b8199fb1,group_459_cluster-1
cb1f0ccb-0f50-4ca5-adab-601c36793813,group_460_cluster-1
d44b94d1-367f-4e3c-92a3-d44ddc6e8bcb,group_460_cluster-1
78841eff-a5c3-43a4-b536-5d6e90254174,group_461_cluster-1
51f9f1b5-3b0a-4589-abc2-6c6e641d20c2,group_461_cluster-1
e6c6b630-af6a-4dd4-b059-3ac33a7bc8b1,group_462_cluster-1
ca6d0ec8-0509-4f17-b8bc-de21c90c5b8d,group_462_cluster-1
62c0b064-d548-4171-8ba5-76aca770bd97,group_463_cluster-1
4924ed66-009d-4577-96db-99d8b5e4e26b,group_463_cluster-1
05b7c313-56ee-4e97-ad1c-4d3db780a8bd,group_463_cluster-1
890ad34a-1f75-446b-9b63-1e428d716905,group_464_cluster-1
bb557aed-00cb-4b8b-b0c2-f30a56da6fb8,group_464_cluster-1
c26a5e0b-c4c8-4a43-8528-29351f5ff479,group_465_cluster-1
0c9bf3e4-4c4d-48fa-892d-62503bf09ea9,group_465_cluster-1
240520d0-a15a-4689-874e-3a5ef70c5a6f,group_466_cluster-1
ae96c656-cf72-44ce-9238-3af37c428def,group_466_cluster-1
99687444-6597-4bbb-8563-52d385c4babb,group_467_cluster-1
419e3688-16b3-40a5-b093-5805560c1541,group_467_cluster-1
0efab7d4-d5a5-48c3-ae5a-72d287d09941,group_468_cluster-1
43e0c7c2-00a2-4636-8004-8eafff0915e2,group_468_cluster-1
8edc5ea0-056a-4556-9ea8-0bea14f2d66b,group_468_cluster-1
d8a5db3a-380c-48c8-b868-b33bb12d232d,group_469_cluster-1
a9fe1540-2a87-415f-97f0-379570af7086,group_469_cluster-1
046b4d39-0040-4b6d-9fc5-5cea09bd5f0e,group_469_cluster-1
a358c282-d0b7-4eda-bb33-0afbe7e0e608,group_470_cluster-1
f3bf9199-f895-4242-a725-7999a054e16c,group_470_cluster-1
9a8eff95-9dba-4cd2-aa06-40c789d10be3,group_471_cluster-1
49ea6baa-6d03-47e6-988a-9c913154f9c3,group_471_cluster-1
5ae1d56f-8209-4a47-bb4e-3038e8a7465d,group_472_cluster-1
4153048d-b371-4cd9-8de2-9599c489d152,group_472_cluster-1
86101912-5866-4fe3-9aa6-9a94b46ebaf9,group_473_cluster-1
d6adf6d4-06c9-4792-a2dc-4a07aa86ca26,group_473_cluster-1
07aad136-4bd9-4f7f-b72f-10146cc45d8c,group_473_cluster-1
fb00b256-9136-4800-8839-d6a1dce574da,group_474_cluster-1
064524e8-a933-453e-8283-65e4182bd699,group_474_cluster-1
0d1dee7b-d4b8-4353-90d0-da6400b093b9,group_475_cluster-1
a981e476-f9a8-4aa7-8433-7c1d0d45b8ae,group_475_cluster-1
c92049bd-da6d-44c4-b8d1-348858c04426,group_476_cluster-1
41ef98b1-f9aa-4632-a9f5-1a46ab95e880,group_476_cluster-1
3b470c2a-d59f-4c2a-8779-9f667aa8d24a,group_477_cluster-1
cd0c24d3-1dde-46dc-9386-547009e836f1,group_477_cluster-1
d46dc3fc-3de7-4488-8a18-b2e49a3ab100,group_478_cluster-1
b1131f90-595e-4cce-8667-b3515558de1d,group_478_cluster-1
a47dd715-3694-4dde-8473-65d2d73fb937,group_479_cluster-1
45eb7dec-187f-4146-ba5d-721265d72f32,group_479_cluster-1
2e4e9639-2694-474d-8421-966ecf6a3b80,group_480_cluster-1
b4e5b4cc-7782-4efe-98da-d54d3448404c,group_480_cluster-1
0aaddf5d-8686-4fe8-8ed5-4421f991b225,group_481_cluster-1
ef8498ba-8b17-443c-9946-7d4a2325427d,group_481_cluster-1
fb9477e7-91d4-4f6f-a561-3743fa93c79b,group_482_cluster-1
7fb216f4-2231-44be-9399-ddf48855b79f,group_482_cluster-1
23ce4e92-18ce-4e6a-a750-e411544eba9a,group_483_cluster-1
d430cd15-294a-4ec5-8bc6-1da060834078,group_483_cluster-1
6c29a688-07af-436a-8f4a-c8e13d30d611,group_484_cluster-1
746d0b2b-8896-48f2-9081-878bc7ecc2bc,group_484_cluster-1
49081e08-65cb-406d-9d81-91ed37ecfe84,group_485_cluster-1
fb29f283-630f-4003-b1e8-845fc3159d45,group_485_cluster-1
816c5b00-867f-47ad-be17-13561ba2ff82,group_486_cluster-1
a2162d2d-bf25-4812-8d5e-98258120f874,group_486_cluster-1
e4c673c1-2996-4a85-beb1-aa59a8b14ded,group_487_cluster-1
b5d11bcc-d45a-4b0f-954d-1de431a26883,group_487_cluster-1
9c3a915a-a681-4c65-bb73-7c0bae0fff7b,group_487_cluster-1
d84bd141-852f-43d1-b5a2-3d60fd5788e6,group_488_cluster-1
6044d8f4-e575-4bb2-945b-a12d3e6decf7,group_488_cluster-1
9b805735-55da-4633-a6f5-110947f45c5c,group_488_cluster-1
cda8b496-448f-41d1-b3db-b1a9a34cbde8,group_489_cluster-1
468737bd-fab1-4347-b887-e5c90bd2b271,group_489_cluster-1
dd075595-f4c0-4b52-aeec-d02d63beff85,group_490_cluster-1
4098a785-70fa-4193-927a-607a1124a6d0,group_490_cluster-1
8e3153eb-f3a1-4611-80fd-7d1f4447ec99,group_491_cluster-1
09ad2ac8-a917-4e7a-8bdd-564340b0e334,group_491_cluster-1
6332e316-0710-4ec8-93a2-770a2f61e40b,group_492_cluster-1
fd2bafb2-7eca-48a3-970e-40be408b427b,group_492_cluster-1
0085c6a8-0871-403b-a527-1c6d682e3f8e,group_493_cluster-1
2aa33ed2-b035-4442-b300-2ca2ff3fd393,group_493_cluster-1
b59ac85c-4e95-4824-a725-38b2b7ca1ca7,group_493_cluster-1
d164cc55-e48c-4d33-b6f7-9e67ec6eab6e,group_494_cluster-1
357d9793-bc85-4886-ad0b-c47f9421a3b1,group_494_cluster-1
98ec8d27-0755-4059-bada-827d90e95605,group_495_cluster-1
1428e9a9-11d5-4537-b096-2496ec7d3ce7,group_495_cluster-1
60eed422-0e2c-45fc-b574-497d8f623b5b,group_496_cluster-1
4a409aad-f8f0-4734-91df-b3956d8d57b6,group_496_cluster-1
035516b5-5a13-41fa-9979-68c89a12a666,group_497_cluster-1
0c0b6d72-7143-49bf-8c53-d690854f76f4,group_497_cluster-1
f0489424-dd8e-4c73-8423-7d2d4f22e799,group_498_cluster-1
c9dbe57c-50df-451a-ac8e-826603767bc1,group_498_cluster-1
04fb8f05-6aca-433a-a67f-55c3c7205196,group_499_cluster-1
7adcc029-a7c3-46ec-967f-7c002c8571f9,group_499_cluster-1
754bf17d-9559-4ea4-b7c8-9b96ddfbb4bd,group_500_cluster-1
33eb2812-942e-4716-afc8-c2809b1b059b,group_500_cluster-1
b6fbb16c-2913-4411-a2d6-e903e1d13d52,group_501_cluster-1
774fa8a7-f2f2-4c0e-81e2-68798e08396b,group_501_cluster-1
2340b28f-5633-4bbf-8761-6891c5e34194,group_502_cluster-1
e6343926-4be3-4474-8143-c69f9d474243,group_502_cluster-1
3380138f-ccc5-46dc-8e7b-542e5fada519,group_503_cluster-1
d98d0eb5-48e9-48c3-809e-acc61cc15689,group_503_cluster-1
8ecfb9d0-ecb5-47c7-9d82-60d0819354f6,group_504_cluster-1
b77fcec0-cd3a-4d98-b0a6-19a9fa10c53b,group_504_cluster-1
c757cf4f-2136-4892-9a32-1e3e7ef5a5fd,group_505_cluster-1
68032770-e6ad-48e2-b215-fa38978793ce,group_505_cluster-1
6e3b2872-7110-475c-83ef-ad8a1d9c860d,group_506_cluster-1
1a72a74e-a88a-40d6-bd60-9f60c242e02f,group_506_cluster-1
afa49a7a-3655-4211-8d19-dc6c7b535201,group_507_cluster-1
c075ea33-a685-485c-bc7a-3c5079ef048c,group_507_cluster-1
6ddf5dd4-ac00-4191-81eb-120d2a8bc067,group_507_cluster-1
a45c5e04-0c71-44cf-8164-2af2c174c6b1,group_508_cluster-1
95ce1e26-a405-4459-9de9-1e3564118862,group_508_cluster-1
d4fdb70a-6801-4fba-b961-98c32eb37c14,group_509_cluster-1
5fbdc27e-93ce-4ce7-97f5-8aec2da6bd5b,group_509_cluster-1
41c5bfa0-9e81-4bf9-80ca-8ec45a0b386c,group_510_cluster-1
e1b0c974-ee67-4be2-a8c0-81e5a3731df3,group_510_cluster-1
06a8a4c7-0e04-4505-b687-e63d6b489a51,group_511_cluster-1
0c257bec-1622-4268-b064-2f6cd7f755ce,group_511_cluster-1
f892dd2d-e425-492f-a2a1-74e2799f5c9a,group_512_cluster-1
8796a586-69ac-45c0-994c-b381ad9f07fa,group_512_cluster-1
d1114cc6-69bc-47d9-98ab-70534d306014,group_513_cluster-1
fb111d7c-dfb1-415c-bf54-198b5082dbf9,group_513_cluster-1
02a868ce-3e94-49eb-b727-eefafdbfeecc,group_514_cluster-1
731cadf7-11b1-4ba2-bde3-14a4dd130aed,group_514_cluster-1
414c333c-9dd5-4863-a628-8914e74e561f,group_515_cluster-1
04d2bb82-04d7-4a79-9e76-9b940ffc7bdb,group_515_cluster-1
95018854-e31d-494f-991d-723addafc26a,group_515_cluster-1
d0c671ef-74cb-44e3-a981-ea3fca29c9fb,group_516_cluster-1
5290d790-46f3-444a-80d7-f6fbaeb2e1dd,group_516_cluster-1
00899961-7b80-47fa-b25f-3255c2d7e400,group_517_cluster-1
d416a7b0-6d32-48da-9e2d-0bef0534c121,group_517_cluster-1
53882949-faf6-4430-8ab6-749b656db810,group_517_cluster-1
978d9a55-6fa2-4d39-bc6c-7e612ead3b82,group_518_cluster-1
12cd2283-5554-44fa-905c-25f096bec172,group_518_cluster-1
2b217c1b-9332-4b09-b967-452f880fc644,group_519_cluster-1
140815bc-1b24-4214-b902-a34d0ef4de09,group_519_cluster-1
439d4a31-fe0f-4bd1-9bb0-90721b3dcee2,group_520_cluster-1
719829a1-fa39-4888-9cad-85f3ee088c91,group_520_cluster-1
fdd0eed9-9e05-4ca9-a832-b9cca492151d,group_521_cluster-1
852b9fae-0e3a-41d5-a2bb-4242c00c2a63,group_521_cluster-1
9f300e81-4ec9-448e-b804-82b46c14dbaa,group_521_cluster-1
5034d0ec-e504-43ab-a23d-be7bfdb7b172,group_522_cluster-1
04456aae-3a25-4b87-838e-f5fb9b5ef745,group_522_cluster-1
1227cd46-0afd-4b79-aa08-b3e03efc57bd,group_523_cluster-1
63e6f21b-467f-4206-8e08-749160ae64e5,group_523_cluster-1
6f923102-2eac-48dd-929b-4ed925abd243,group_524_cluster-1
4583f570-7b90-4d07-8bf7-8337c27f635e,group_524_cluster-1
7934a161-8611-4e5e-820c-172895dabe75,group_525_cluster-1
e61f5fc0-7930-4447-b568-95ed78d5086e,group_525_cluster-1
95adcbe7-0cd8-4f8c-871e-a17fc242eaef,group_526_cluster-1
b61f8d9a-8883-4ff7-9eee-5d66c9dfa056,group_526_cluster-1
0f5c585e-bb3a-42d8-9447-84f7559e78cd,group_526_cluster-1
7c3a98e5-9306-45b1-8a6a-04614f8bdba7,group_527_cluster-1
f37640e2-85b9-4e47-a10a-7914a602782c,group_527_cluster-1
255cb50a-48b2-4ab3-8824-1368cabd5bb6,group_528_cluster-1
dd63929b-85f1-4b6a-958d-adce45966660,group_528_cluster-1
e2fce09f-b71a-4c95-8653-b9fc47b65638,group_529_cluster-1
faa821a9-5190-4f35-9c8c-feca2a42e5d3,group_529_cluster-1
06ee5609-ad4a-4038-b7ea-fbc40399eba5,group_530_cluster-1
8b981366-4cf9-46e4-bab1-d442d00a4949,group_530_cluster-1
8ee9dde5-b9bc-4b2a-b6a2-705d8179cd26,group_531_cluster-1
134ceb66-faf0-48bd-8bbe-e8b74ae5942c,group_531_cluster-1
00fbba72-1bb7-48b8-9df7-b2644ba96be4,group_532_cluster-1
917b1998-bbd1-4c11-b2c6-775dbfddb039,group_532_cluster-1
be0012f4-78a4-4c32-8e33-ed96d1456aba,group_533_cluster-1
097a77b5-7bda-4b8e-925c-5d5278c0642b,group_533_cluster-1
d75ddf93-edec-47d2-93f3-b2e5cb682fc2,group_534_cluster-1
33808cbc-11e4-44d2-9ed9-c4995a5d6bd6,group_534_cluster-1
6b298de1-32de-4165-b846-b3f9973c6fdc,group_534_cluster-1
6b57dbaa-69df-4a0c-99ad-7b98cdef5283,group_535_cluster-1
dceaf7eb-94d7-4b5c-b9c4-78ab03d95747,group_535_cluster-1
fd12e663-592d-4466-b4d7-47dd2693cc39,group_536_cluster-1
1d469ba4-da6a-4505-baef-113360a234a9,group_536_cluster-1
776442ff-bd8f-4c40-885b-fe0fb1ff3540,group_537_cluster-1
7c07f18e-a04c-46d5-9b01-51e130106bb1,group_537_cluster-1
48e3c51d-46f6-42a5-bbf3-f74eef5d6061,group_538_cluster-1
c74d8832-b02c-44ee-9b70-9fdf9d65dfa3,group_538_cluster-1
7bc8e9b0-3d46-460a-9ced-64171d579217,group_539_cluster-1
1633f90a-2eb4-462c-860a-eeba50cb247b,group_539_cluster-1
4ff99fb2-2393-4b91-95e8-0bf94855ef23,group_539_cluster-1
3a066ecc-29b6-4e15-961d-a13f973269c3,group_540_cluster-1
096f460f-4253-42ee-b977-be1d3761a90d,group_540_cluster-1
a5433739-cc59-4dcc-82a9-70471d9ce270,group_540_cluster-1
b36d2a0c-3aa6-41f5-9e40-9bac66f9fd65,group_541_cluster-1
444412bc-ba9a-4c54-9ad0-e5923a65deec,group_541_cluster-1
b456cac1-e937-4fdf-b2bc-624b1f1a7164,group_542_cluster-1
ca4d7dcc-d01b-4c6d-b90f-2fe50a8eb211,group_542_cluster-1
fa25f20e-aae3-403b-88a3-77497940d270,group_543_cluster-1
6bedce7b-7ccc-4612-a5ce-17d387a3cc78,group_543_cluster-1
03c720be-7144-4802-be50-01803a72c666,group_544_cluster-1
ded67bd2-85cc-4164-bc24-807c4c50b508,group_544_cluster-1
bb765472-d2c8-4bf2-b5a7-11687464444f,group_545_cluster-1
3a5fc936-763a-4a75-b5e1-f2b321656ddb,group_545_cluster-1
4e71d489-ae34-4030-9fbc-075d16bf04ef,group_546_cluster-1
9d0ff8bd-5e37-43b6-887b-57d454f42dac,group_546_cluster-1
588a1526-ca05-44b0-8e2b-2160b641a806,group_547_cluster-1
8277ff62-dfe3-4c02-818e-b4f129574d21,group_547_cluster-1
5c9dc1d3-946c-48db-8517-724ed0763d26,group_548_cluster-1
dc645c2f-562c-4bdb-9b24-8521d950df61,group_548_cluster-1
5e612097-b6b5-4cdb-ba8c-10e5214f447c,group_549_cluster-1
bc1e0625-77ca-499c-be24-081579fca855,group_549_cluster-1
83a7ea09-30ba-49fc-9482-5be7ecb403f5,group_549_cluster-1
81a29eee-0072-40d3-96eb-97fdcdb4be20,group_550_cluster-1
cabf0910-4c93-4d07-950a-1ff6343abbf9,group_550_cluster-1
57bc1362-8bd0-48e4-ad14-6ee7afbe8984,group_550_cluster-1
5c0d3f0e-9e24-416e-9daa-c4ff877e7826,group_551_cluster-1
7975d5a2-99c0-4909-9dbf-d50dbb99f855,group_551_cluster-1
815d871c-5e58-4f3d-8ab6-ae0a23e9aff4,group_552_cluster-1
f6b4933f-03bb-4a21-af36-5d005545e0d1,group_552_cluster-1
a828d047-00a2-4725-91ad-8ef92f41b048,group_553_cluster-1
5db0c0d4-e35c-4073-9f95-b719effb022a,group_553_cluster-1
04eb3e61-5066-4c21-83cb-7b4cd9a2b935,group_554_cluster-1
324dd825-db0b-4763-bab7-9814ea657fc1,group_554_cluster-1
1c91eba9-f7a5-4037-96ec-ed10c6a025ab,group_554_cluster-1
974165a3-70fa-4936-8f61-94f11597197a,group_555_cluster-1
7fd9e933-8081-4bef-9363-c8c057791d5c,group_555_cluster-1
5ea92e24-5ea6-4d33-bc51-73ef7e73be6c,group_556_cluster-1
1b1d86ae-563a-419b-b858-e3939b0fa97d,group_556_cluster-1
f44d4063-de54-40f0-b159-87b650926934,group_557_cluster-1
abba4a01-7c1e-465c-baa0-d8f5b07aa0b4,group_557_cluster-1
9545839d-a6a6-4fd8-a5ff-ae13acf32766,group_558_cluster-1
cdc750ac-7413-4172-a32e-760a72f3168c,group_558_cluster-1
78b125a1-fd3d-4655-b822-fb59a6f2816c,group_559_cluster-1
faba7fab-f8ba-45e6-b4fe-f7c1ef488063,group_559_cluster-1
453ffaa3-c2fe-426e-9fd2-d1104b6f8a81,group_560_cluster-1
4f7997e5-afd7-4e1a-8cbc-fad8f5b420e8,group_560_cluster-1
2190b9da-f15c-4c63-82ea-9715d0de5fdb,group_561_cluster-1
14eb7555-1c5f-4e8d-8c80-2b25fa544834,group_561_cluster-1
cb78267e-a68b-467f-abbb-3fa14239a656,group_562_cluster-1
47b4d624-823f-4e9b-8caa-05e8d49f9ddb,group_562_cluster-1
780d1834-44cd-411b-9ef2-f7d413214a58,group_563_cluster-1
3456eed3-6249-4bbc-a17f-2fd3d83f04af,group_563_cluster-1
fee3aca0-a206-4e8a-b002-0991ebd07ad8,group_564_cluster-1
d94013e6-3cb1-4c08-8955-3d95f231cc02,group_564_cluster-1
6c2b1722-be70-4a26-8a08-86fd2169a4ea,group_565_cluster-1
8c8fd6a8-21af-420d-bb7c-92bdfaa352e8,group_565_cluster-1
cba99f6f-97d5-4738-bf37-094ec3c7f3b7,group_566_cluster-1
e303363e-8033-4ae1-a026-a3e3b1f5048a,group_566_cluster-1
10cf193c-7364-4992-838f-db2b17c6eeb1,group_567_cluster-1
e5d2b29f-8fb7-493b-8595-f0015fedd76a,group_567_cluster-1
8a9e5fa3-284d-4ce5-8292-7dd6eb97d3ed,group_568_cluster-1
37560301-816d-41fa-ad61-5b3cc11cb861,group_568_cluster-1
c0add1c0-e05c-4a53-9f47-55d0f9d0c647,group_569_cluster-1
62e32e91-a61c-49f3-827b-f840d9bf760d,group_569_cluster-1
3a1d9044-c4ff-4eba-bb2f-e962eba9a704,group_570_cluster-1
2931c602-5b60-4dbf-be03-8fe4c72c87db,group_570_cluster-1
6a151e6a-77fe-43cf-b787-6a4ccaa33dee,group_570_cluster-1
229edeab-2f66-466b-9d6d-78165a285bdf,group_571_cluster-1
2d568184-a189-4027-a22d-3e2ab62ecb06,group_571_cluster-1
f82a71f7-89b6-411c-97b4-385b89da12a5,group_572_cluster-1
76b0d17a-8de0-4937-aff2-89957a51c6ad,group_572_cluster-1
0b5cc729-e26b-4ef4-9487-1870d264d646,group_572_cluster-1
cffceb24-f078-4a8d-86eb-a121ac95a452,group_573_cluster-1
b54e6bf6-d2aa-4de6-ac2c-8a0e8c05d680,group_573_cluster-1
15b36622-6304-4f95-849c-bddd444c9b01,group_574_cluster-1
ab4fd4d7-513e-4177-997e-f48373f1e524,group_574_cluster-1
fccca0d2-25c8-45f6-b582-f9134cbf691e,group_575_cluster-1
e9d93a61-e9a9-4640-9a30-16179dd4802c,group_575_cluster-1
be391f6d-005d-49d4-a7a9-4c1c0731a7f4,group_576_cluster-1
bb4d773e-00eb-42de-bf38-3a97ca7ea7c8,group_576_cluster-1
7518caab-3e17-46ec-8410-8bad96195b78,group_577_cluster-1
802a6941-5c14-4783-9f06-c62bad706a7d,group_577_cluster-1
1601f325-d66d-477d-af36-ba08702e1b07,group_578_cluster-1
1f84d96c-7fb7-45d6-ba71-c8a166fc9acd,group_578_cluster-1
1f2a3931-be74-4b22-9679-ee41e92db956,group_578_cluster-1
2769e35a-863b-4061-88cb-bdaf49a8ce8f,group_579_cluster-1
e566fa39-1b9a-4cec-b226-600109ddfd74,group_579_cluster-1
341ff4ed-26b2-4e2c-b545-eb9806c2af6c,group_579_cluster-1
78a3a355-303b-4d15-b190-28ef9831d0a7,group_580_cluster-1
70a9475a-652c-464f-89d2-bdc67bd112bc,group_580_cluster-1
374ed4b3-1757-460c-b127-b461ab78eb9b,group_581_cluster-1
93d1fc0d-d0b2-41a1-99f4-cddd4cfaed91,group_581_cluster-1
c5ec3d53-9aa7-4f38-ba01-78ed49c14bbc,group_582_cluster-1
5e5fce41-2426-41fc-9c63-f3ab3e942e37,group_582_cluster-1
4a31e5f9-2dff-450e-97d4-421441a26aad,group_583_cluster-1
4f0b5058-1fba-4a1f-a7cc-9813b6c5601a,group_583_cluster-1
7b309d02-f299-4ebc-a8dc-4b6c52b27997,group_584_cluster-1
d1c0a344-cebe-4ac0-b055-d610b2045db2,group_584_cluster-1
869523e7-17fd-4c41-8d42-4b2a5e6e84b2,group_585_cluster-1
a94c2905-449c-47a1-aa51-33635710321d,group_585_cluster-1
614bfb72-eda9-464c-af32-38fe39b78a92,group_586_cluster-1
3f8b4c7a-7350-4b91-9954-62dead0e3dbc,group_586_cluster-1
d932c80b-b989-463b-aaea-5dbe82e5c428,group_587_cluster-1
b21592b0-a158-4fe0-a80a-735f4a7c35ad,group_587_cluster-1
0ef4f840-3c2e-4929-be96-43a025941cf3,group_588_cluster-1
fe624e2a-30da-4b3b-a3da-4be64f44990b,group_588_cluster-1
e504d7f6-70b5-41eb-a58a-e843073f641f,group_589_cluster-1
8494d7f0-b501-4ac1-bf8d-f51f4471f774,group_589_cluster-1
89beaca6-4053-4a1b-9cfc-838b81716714,group_590_cluster-1
40c241db-fecb-4641-863d-87f8427179bf,group_590_cluster-1
3db8f7fe-ab6e-4f1b-a323-078ec2d73577,group_591_cluster-1
1949e8c1-18b0-4a61-a761-7c362d1ec213,group_591_cluster-1
512d75ab-d44e-4053-aa03-968300f03146,group_591_cluster-1
814432cf-d938-4d9d-911a-8b1e922411a2,group_591_cluster-1
6cb35d8d-91aa-4017-991d-fac02d7ae85f,group_592_cluster-1
8d4bc242-27f7-4823-b429-38072d0839ef,group_592_cluster-1
37e46ac5-190b-4d46-b8ea-98dd8d8335a6,group_593_cluster-1
8996b4a9-e1b3-4ea2-af4b-c7428505cf26,group_593_cluster-1
47cc1812-20be-4f33-bcff-f64edf6f0d7d,group_594_cluster-1
e4724258-254c-4220-b172-bd0c7b785109,group_594_cluster-1
fac1261e-10a9-4312-8d35-a4e3ad246091,group_595_cluster-1
250f70bd-8983-4af3-8ea1-d5ac457dbd57,group_595_cluster-1
bb5cf65f-385d-4481-b05b-46022f221e07,group_596_cluster-1
385def45-f806-4ff8-b965-e23472e0099e,group_596_cluster-1
adca25cd-4666-442a-8309-4b70986bfc81,group_596_cluster-1
b35d8747-300b-4b44-835f-6ca5c137bebe,group_597_cluster-1
3298e5c5-42ed-42bb-85f9-6ddace41d9b2,group_597_cluster-1
0e9ad2f6-1239-4409-b1d1-8389b9b829d5,group_598_cluster-1
e7d13d79-6d4a-4d90-a79c-8ac3cb08a4d9,group_598_cluster-1
4896f1c3-6918-4693-9580-b4b1c3578909,group_599_cluster-1
55b5351a-4002-40d1-b78c-a238b2d8f9b7,group_599_cluster-1
a075df7c-c920-49fb-b33d-3a03f3029629,group_599_cluster-1
c9983c74-fd09-4fce-ac5d-e05fc4d2c308,group_600_cluster-1
d41957b1-c77f-4dc8-87c9-4f1157ea8680,group_600_cluster-1
84a39c1d-0952-454a-848b-1c73b2608fc5,group_601_cluster-1
248eef10-d48c-4c29-9133-b6fb1977fb6c,group_601_cluster-1
a510b3cc-8b59-4bba-8872-3c81884a4488,group_601_cluster-1
73ca9a55-352c-4a85-bcaa-9b0beb2ab702,group_601_cluster-1
48f3799c-8936-40ab-a9c0-fe6d704dc617,group_602_cluster-1
71c0c8ed-656a-49ba-83da-1316cdfb471b,group_602_cluster-1
a3f117a2-df5e-4678-9d4d-e09a996575b9,group_602_cluster-1
97281cea-8358-4c34-a7fb-a6a5c22b771d,group_602_cluster-1
15d5a444-8db0-441c-bfa9-18b9b673b575,group_603_cluster-1
2a2f1cf8-2f96-4e31-8096-35c67aa4d501,group_603_cluster-1
d799cb2f-70fb-4e79-b7ae-e4ec58a3b292,group_603_cluster-1
ebb02434-08ea-4789-9a5d-9193a2368126,group_604_cluster-1
dc942a1c-78a6-4edf-b8b9-27d5a8d23398,group_604_cluster-1
b369efd8-5800-413d-9b75-cc42037ab652,group_604_cluster-1
5330502c-294d-435e-80d7-1a5f7fa8282f,group_604_cluster-1
f623e675-8dce-449e-8d6b-b0e27fa8b67c,group_605_cluster-1
ce5389f1-43ab-42ee-9ac0-603a7614311a,group_605_cluster-1
29a12d01-a379-40ba-85c7-a9a8d1bcf85d,group_606_cluster-1
74697680-f45b-42e2-ace8-8b74a6b1ea70,group_606_cluster-1
578d8197-6eca-448b-9e39-fa2e6915d620,group_607_cluster-1
3fd0dc21-cba4-40ec-8976-cfdf2862335c,group_607_cluster-1
b3cd01c8-051f-4be3-95b5-df0f17c66ac9,group_608_cluster-1
c32b7363-456f-4d67-b8f9-411d5ce8caaa,group_608_cluster-1
45cf4a5a-d310-4438-8d98-c3ce3bcc9600,group_609_cluster-1
959bd3c3-8a6a-43af-a1be-cd892bf454ed,group_609_cluster-1
abca56e7-7bb9-40ad-8c96-2fda8c367fce,group_610_cluster-1
33c7412a-73ae-4db9-9e54-931b79dd9a06,group_610_cluster-1
2d7d557d-ab83-4819-8d65-27152cb592cc,group_611_cluster-1
d549f126-53d1-4822-bfe0-e0e0ecc9ff4a,group_611_cluster-1
1eda3829-ea86-491a-bf5e-5201f5ac115b,group_612_cluster-1
21f73660-3d70-40fd-a17d-4d9c9722ddee,group_612_cluster-1
679f4fdc-b9eb-4216-924a-bbbdd583a92a,group_612_cluster-1
b59f0f9e-2bbe-4137-9a9e-a50826485a8a,group_613_cluster-1
8d3a478a-0d85-486d-a498-bd285861eba3,group_613_cluster-1
f45d0aa2-9d82-48fb-87a2-1fdaefad9af1,group_614_cluster-1
48ffe05a-f674-49ed-b6b6-3fe7f3d8ba2d,group_614_cluster-1
89692554-52f6-49df-8637-1aacfbff6c5c,group_615_cluster-1
e093fac0-88fb-4a71-8f63-597742a94d44,group_615_cluster-1
d3f21320-a0bc-4ae1-89a0-0ad49ae56f39,group_615_cluster-1
5927ec53-05f6-4c51-b921-8bf42ebf5dbc,group_615_cluster-1
985b2b44-b383-4577-a513-bb1df12215ab,group_616_cluster-1
56c9f2e3-a022-4b1b-b230-2b6ceec705d7,group_616_cluster-1
c95cd982-edff-4876-9c82-f8dd9975ae95,group_617_cluster-1
1cad2db2-169a-4160-b43e-f191ae86c411,group_617_cluster-1
1de76bbf-368e-4ff7-b123-e34480fa5436,group_618_cluster-1
4ecefb49-c404-4945-be00-d71e93651c9e,group_618_cluster-1
e69ad900-0db1-4e6f-9dd9-2c050537ee47,group_619_cluster-1
fe0ac187-e804-4e15-ad31-80b3ee2141ac,group_619_cluster-1
2e400d46-f410-4442-b690-361a12dcb8be,group_620_cluster-1
05e248fa-27f7-4cf6-8c1a-c1ccaab96be1,group_620_cluster-1
a1fe8c5a-e325-4046-bbe1-6091402d6f0a,group_621_cluster-1
f946f36e-5a02-422b-a92d-645b7b523e0c,group_621_cluster-1
5048e607-a30d-407e-a40b-c0a359521674,group_622_cluster-1
87ae819d-81ee-46f0-bd9d-91b4c55e786c,group_622_cluster-1
5da28aaf-6c4c-4e5a-9ddf-99475f58eb61,group_623_cluster-1
4899e482-89fc-4bbb-b273-c7e84ca55cfd,group_623_cluster-1
c9216d17-6b5b-4399-a9da-16db0ec416c0,group_624_cluster-1
24e75f0e-3b87-4beb-b06f-6c75f5051c33,group_624_cluster-1
cede821f-e184-4052-8200-ab81eb1bf5bc,group_625_cluster-1
b6ac840a-519e-4716-9f4b-bb4feb2f5831,group_625_cluster-1
2176b514-ade8-4298-bdee-575549cb02e1,group_626_cluster-1
92acbdcb-9b01-4efa-b94f-6f11554379a6,group_626_cluster-1
118f73ec-e821-41af-8188-7d5f879aedf9,group_627_cluster-1
fa050dd9-5645-4f7c-846b-790fd16b1787,group_627_cluster-1
1fafc525-e819-454b-ad0d-18ff48dcb08b,group_628_cluster-1
8e1c9c47-cbf9-41e3-b3f3-8d3fb54e04bd,group_628_cluster-1
845dc572-f424-4545-9356-899a94e321d6,group_629_cluster-1
e8b3a623-b3e3-49db-9dac-34d81f3f87ad,group_629_cluster-1
15126603-d459-4dec-9262-895735cdde5b,group_630_cluster-1
87370983-08f1-43ce-90b6-a21285d59d95,group_630_cluster-1
a7638e0d-03a7-4e59-adc9-a1adb551782d,group_630_cluster-1
9596f484-7dd3-47f0-86a3-26be96bedb66,group_631_cluster-1
4437cc10-78bf-4851-abe9-e65df1410249,group_631_cluster-1
eed23486-ba4b-4525-8409-7ad0c126eede,group_632_cluster-1
6b091fea-5806-4348-af3d-e9e9cc07bdd1,group_632_cluster-1
9f2209c1-6131-435a-bd02-9f3e22c420cc,group_633_cluster-1
6ca79e59-6263-426c-b108-a86525a2574c,group_633_cluster-1
8fd96f9d-d216-4124-86e4-77b176c5c549,group_634_cluster-1
d921b05e-9d1c-41a4-b923-a8766bbd654f,group_634_cluster-1
4e808ee9-8754-4de3-837a-06e2c2068df0,group_635_cluster-1
01da9ae8-c19f-4421-b06d-44cfcba06330,group_635_cluster-1
bc676c91-0f1f-4434-81a1-1e59f7251e5d,group_636_cluster-1
88e1e4f4-9f7c-4a89-b649-7e22d9ccc1ba,group_636_cluster-1
fb14e07a-b3de-4d94-9386-05af4b370134,group_637_cluster-1
60b1ec75-74dc-4e01-8c54-4a0806f25807,group_637_cluster-1
295589bf-321b-4b3c-92a2-3d7320bada69,group_638_cluster-1
dc708a1b-0e56-4cf1-8c9f-2204ceb978a5,group_638_cluster-1
9d7103b3-974b-45e0-8bcc-3a5ba2041ea5,group_638_cluster-1
aa93a90d-8fe1-4700-87eb-f37b7bd9d396,group_639_cluster-1
55e616fd-5c13-4b05-a910-cdb54a839ad7,group_639_cluster-1
17d33819-2636-425c-899b-4e7853dea099,group_640_cluster-1
a99d650b-d015-44b8-80c8-08dc71551c0f,group_640_cluster-1
fc5c12e3-60df-483c-b23a-b125b8b718c4,group_641_cluster-1
ef8ede49-0bf9-414c-8db6-e5fb087727d3,group_641_cluster-1
fbbf320f-8e1a-4bb8-b96b-8ed408c68d05,group_642_cluster-1
88bba0af-a78b-48bb-a126-2fb0fad188af,group_642_cluster-1
f35e55b2-8dff-4c71-b484-2c10bfbd6b45,group_643_cluster-1
a54e92b5-043f-4fa1-a00a-5521e818f983,group_643_cluster-1
e15ad12c-d1fe-4dea-b550-734bc42397a2,group_644_cluster-1
3aa2dc53-d0f1-47e8-a7e9-0be671ab67f2,group_644_cluster-1
5fd23e65-de70-4da3-9ab7-02298d84b5eb,group_644_cluster-1
7cdc5066-38d1-4c66-8cfa-1992a1f18f2b,group_644_cluster-1
65818fc2-095b-49f3-bc73-9ba72bbd9a18,group_645_cluster-1
1749b254-89ef-4976-8616-d2b9608d3b82,group_645_cluster-1
8411586e-3092-4994-a244-2b4c2dc9d0ac,group_645_cluster-1
a597a0e1-dd97-4966-9d67-05ed27513d89,group_646_cluster-1
cde9d0b1-ec78-46a9-b6c8-344d0ae87454,group_646_cluster-1
ce0bf583-946a-4773-bef5-db7f57d355ec,group_646_cluster-1
8b0ddd00-0563-41b5-a0a4-b854341150cc,group_647_cluster-1
ced14179-d62f-4ff3-b8ac-335114f40193,group_647_cluster-1
ceea4fbf-e56f-4b10-ad1e-caf81ee7bd58,group_648_cluster-1
56b2efd6-9977-4bd2-95d3-b321c6ecab13,group_648_cluster-1
2e0dcaab-ceb9-4e11-b08a-b626d4459830,group_648_cluster-1
96833eac-77de-4991-9e98-104473d52a1f,group_649_cluster-1
331ed23d-50eb-4a38-95dd-e69b27280bcd,group_649_cluster-1
3ce8e017-619b-4dd2-bf42-5df35cb0602d,group_650_cluster-1
711d4d5b-e7db-4e07-8ea2-b73b9fa12757,group_650_cluster-1
7c15911c-55b5-412f-a1a6-62ae329809b7,group_651_cluster-1
09abb464-2df1-4d4b-b065-a753e2b2c3e7,group_651_cluster-1
53b66b57-1cff-4799-bc62-6bcc640bd297,group_652_cluster-1
d653cdf2-c9fe-4352-b885-96aff4f8f2b6,group_652_cluster-1
f0892ac4-cc00-4353-875e-3fff752c0c54,group_653_cluster-1
b0d9ed95-b8e7-41e9-b87f-4b4c1996535b,group_653_cluster-1
5e9776f9-3aca-4b37-927d-faffefed9ed7,group_653_cluster-1
8f2758ec-b06a-4aea-a2d4-04dcf58a751e,group_653_cluster-1
f575b8ba-a885-4acb-845c-67104406c3d9,group_653_cluster-1
541425bb-5a24-4433-8413-4d69a86b9da3,group_654_cluster-1
bda9d27e-a061-4edf-a0b0-c72395b59c59,group_654_cluster-1
33e43f87-ff18-4c82-8b95-fb688e2c4736,group_654_cluster-1
b26582bd-ffe0-4f9d-b934-6bfdb100645b,group_655_cluster-1
2b2d89cb-fae7-47e5-bf14-8c95648ad0e2,group_655_cluster-1
db91b959-1798-497e-a9fa-011192ed468d,group_656_cluster-1
c2ef2ce4-6408-48ef-951e-145cf79c5568,group_656_cluster-1
948d74cb-8a6e-4174-ad51-bcd9d2b008f0,group_656_cluster-1
b70870ea-4255-4539-91e7-81a5b037f7fd,group_656_cluster-1
6e6306b3-26fe-48af-902a-bf895d46c98a,group_656_cluster-1
0a3175aa-d27e-44b9-9d86-2207a36dd0ad,group_657_cluster-1
4884f58b-f084-46cb-b776-d2300246fa80,group_657_cluster-1
36481613-02e4-4ed6-bf0c-14853fb8141a,group_658_cluster-1
d3ca7f5d-fb00-41a0-826a-13d8818cebe8,group_658_cluster-1
92725f7f-5a56-46ca-91a2-0b6de5815c43,group_658_cluster-1
a559d9f3-8b55-4264-b074-8279eff16349,group_658_cluster-1
b78034cd-66f5-4608-935b-e222244d70ca,group_658_cluster-1
231deb3b-d017-4599-ae06-63860f13e96f,group_658_cluster-1
10d494bc-b0df-46a6-810c-cb5cd30997ff,group_659_cluster-1
1b98fe37-d270-4d5a-96e0-fa8b7787ec4b,group_659_cluster-1
6d0bec7a-4f2f-4c88-a568-3b2fcfa86308,group_660_cluster-1
12672b36-789c-40ca-a988-98e268b6561b,group_660_cluster-1
cd211785-0b44-493a-bd7b-ea94ef88b1d4,group_660_cluster-1
b9db0b73-2ca6-4692-bd78-66d63e0af877,group_660_cluster-1
fd74430a-ce4e-4202-8996-4c94bfadff19,group_660_cluster-1
e3b39235-e234-4cb1-ac8b-7f9d9996591d,group_661_cluster-1
83f6ad65-829c-4010-a0ab-ad09339820e5,group_661_cluster-1
adcc01bc-63d5-4dfa-b2fa-aca8fb42427a,group_662_cluster-1
4b2b0659-cd2b-40c6-9c8c-7ae241b3212c,group_662_cluster-1
74e613b8-9036-4a1d-80f7-ae194dfdda57,group_663_cluster-1
4f1a83d2-c288-4f7f-9b84-f1b36fb8bd34,group_663_cluster-1
71731fde-b4cf-4837-ab53-bc9aee00fef3,group_664_cluster-1
bf1d1f02-0e6b-4517-adc1-38a78892d5d1,group_664_cluster-1
eb99c500-2586-4422-bb1d-a06890cc7111,group_664_cluster-1
7546c9b1-54fc-403f-ab83-d9c8d8590114,group_665_cluster-1
49870ba4-ec37-4e57-82dd-3ad95539da7e,group_665_cluster-1
183327ab-a979-464a-b32f-93c226a77f43,group_665_cluster-1
06d5f50c-8ca3-4fb7-9b56-8ec1e5b21fcd,group_665_cluster-1
cbfeacc0-db8a-4c39-b779-61d293332c41,group_665_cluster-1
5990b26a-4486-491e-9efe-fe08b858d453,group_665_cluster-1
766b28c9-99af-43fa-9ae8-c3cf8e827452,group_665_cluster-1
01e1c436-0dcb-4062-b440-98d14b83babc,group_666_cluster-1
c0ba6999-82f6-49ca-968f-bd020ad5e994,group_666_cluster-1
94ef73a2-5f7d-41c5-be54-ae98fbf3b26b,group_667_cluster-1
7d9bb2af-002c-4ffd-a452-2b060a296659,group_667_cluster-1
bc08e941-ee2c-4e85-9eaf-bb550d8075d3,group_668_cluster-1
4d930a94-03bf-459c-bb1b-c15afc07dc83,group_668_cluster-1
ae824160-50aa-4a7f-b1bc-990ebdfee0ab,group_669_cluster-1
82cbad12-7bf3-4801-a8bc-7c1a6e96097e,group_669_cluster-1
22f0a8e5-e9fa-4312-812d-c6a4d4e60261,group_670_cluster-1
2bc608d7-557d-49df-8c54-6fefc4d87695,group_670_cluster-1
067bb2bb-52f3-43e4-a384-ba69cf8e5d97,group_671_cluster-1
fc4f4d41-e287-477e-b2ca-e7b21f823ab7,group_671_cluster-1
536bb614-a193-40fa-90ac-dca62afd65db,group_672_cluster-1
ed51d9ec-62bf-431b-8c51-5db2c2482842,group_672_cluster-1
fc911b4d-2c07-4933-b3d4-6062282ef7fd,group_673_cluster-1
a3893503-abdf-4877-a9f4-f0abd587176d,group_673_cluster-1
266ea99a-c983-4868-96de-d736ee506758,group_674_cluster-1
97b15f7d-3956-436e-858b-c8a70db3669e,group_674_cluster-1
1a7d3c82-f3e6-40d5-ba07-f23dba2da00b,group_674_cluster-1
c046b6c8-0914-4f7e-b590-11cc7c221b0a,group_674_cluster-1
a296e6ea-58e1-4c15-9bd5-f589960d38d2,group_675_cluster-1
fa92628a-5af9-467f-87de-299234fc7194,group_675_cluster-1
79f58247-c49b-4ee3-9ff8-a674ee6132a8,group_676_cluster-1
5de6d60b-7e8d-4514-9c2d-16171c2b61c9,group_676_cluster-1
ab385307-be38-4e50-a633-00bcef3ea06a,group_677_cluster-1
42a32104-6a71-4fc9-8d64-13a56bac20cd,group_677_cluster-1
e37684fe-b1bc-454c-b998-fe1886651f85,group_677_cluster-1
e8a194b8-b1bd-47a7-9852-991aca633df3,group_677_cluster-1
03326781-e0d9-4a9f-8c1c-d86efbdb4420,group_677_cluster-1
1a198564-a3f1-4e41-a338-fcc0f401296d,group_677_cluster-1
c28d59e0-d962-45cf-b6ee-4f682c08580a,group_677_cluster-1
a805f329-8b74-42d6-aa60-747bf5913e71,group_678_cluster-1
b359c910-e6f5-45ce-b0d2-19c659a29183,group_678_cluster-1
6c21260d-8537-41bf-adc3-c2e78e9ee6b2,group_679_cluster-1
7fb98dbc-d984-4b9d-b2e9-4130341f3eb6,group_679_cluster-1
3bbd009f-0dbc-4061-b7f1-3d7a49a99674,group_679_cluster-1
a11b7855-5b3a-4130-b7b6-fd5479287b4c,group_680_cluster-1
4c532c45-511c-466a-abec-3e36c8b3650b,group_680_cluster-1
1c6fc2f6-4fc1-4bc3-a581-b9a67a6873e8,group_681_cluster-1
95ddc5af-662e-4973-81ba-094e3e55384c,group_681_cluster-1
b362acec-4eb6-4623-ba5e-ca5cc20b5af3,group_682_cluster-1
5769044d-0452-4097-ba62-454bf09cd0b9,group_682_cluster-1
c07a8e33-ec4c-4906-a06c-63c3ab641cac,group_683_cluster-1
3c4fe3bf-b67f-45a0-b104-282b1eae7eff,group_683_cluster-1
edacf73f-ee8e-42b9-bc13-cc1dbba892b0,group_683_cluster-1
c35ebab1-266f-451f-9aff-48d49d8cbca4,group_683_cluster-1
293b7316-b28e-4bff-882d-a5d192afb288,group_684_cluster-1
b01a0311-87c3-4835-bfa2-70d7c706f79d,group_684_cluster-1
b43a7512-446a-4c0d-8ab3-13711eb41c0d,group_685_cluster-1
e9dfd48c-da9b-48a8-ba3e-61cca8255ae3,group_685_cluster-1
c1a4b3f8-d03c-4992-b265-d032246405c3,group_685_cluster-1
05d0e97d-a828-40a2-b1e8-b77f16a27d96,group_685_cluster-1
bd32152e-a3e3-4329-997c-1e02f2da67e7,group_685_cluster-1
adf5e43a-84ee-4ff6-b991-ad51be520635,group_686_cluster-1
4fa2b66d-1328-4e62-92f4-5afbc0dd51ec,group_686_cluster-1
b03e939e-f01a-4d2b-85ef-075c11ee497f,group_687_cluster-1
d1737101-c5ed-47a7-b863-dd29a63329fb,group_687_cluster-1
18255b45-d99e-4c2e-9eab-bfb60a78b7b3,group_687_cluster-1
50cb2cc5-fc74-4e82-841f-9a775df692e0,group_688_cluster-1
477d9d6f-aff3-48c5-8f6c-425e8881b028,group_688_cluster-1
dee8cd84-c4fd-4fb8-b0b4-01d1cb5f2d3c,group_688_cluster-1
144a25dd-4908-4c94-afcd-5ebc72ecb869,group_689_cluster-1
60305549-660e-4177-a959-b4ee58dedb81,group_689_cluster-1
748da034-7f62-4abf-b785-c66519e212e2,group_690_cluster-1
4017301b-492e-4d53-998c-a629b4eb53dc,group_690_cluster-1
ebd852b1-d46b-4668-a55c-b74f9e1862ae,group_690_cluster-1
7023df20-1a19-4691-8340-9fa2246daaf5,group_690_cluster-1
3ffba6f8-ff8c-4111-94f5-f290c4d2a9f9,group_690_cluster-1
ad39361f-af12-490b-a20c-c040731006a7,group_690_cluster-1
82c423bd-bc69-41be-9f8a-3408cfd4fdee,group_691_cluster-1
123be0ad-619a-4b55-9b88-537633eacb15,group_691_cluster-1
4e4f27ed-4344-42f8-8a8b-4c15ba61af4a,group_691_cluster-1
e29e85f9-c398-48bd-9373-1bed3030aa7c,group_692_cluster-1
83bd88cd-bf68-4c8d-b335-9540f79f05d8,group_692_cluster-1
d0bd9a85-4221-43a9-a30b-6b0e07e84c90,group_692_cluster-1
4ade8b04-af1c-4596-9601-da699cb6f91b,group_693_cluster-1
a585b38d-fd67-42f0-9d32-b683deb24484,group_693_cluster-1
fb00af88-5674-4a1e-9a5d-8420e362f847,group_693_cluster-1
7a599278-c06a-4ffd-8e1c-c34aa34fe002,group_694_cluster-1
57ee0863-7424-403b-83db-b975de4d2edb,group_694_cluster-1
d08813df-f0d2-420e-8e99-7c5be6d101e2,group_695_cluster-1
f82a6352-6f71-4ea2-ab4e-35dde7b3e9de,group_695_cluster-1
4721ba25-d116-46f4-97b5-cfe0e3c3ce79,group_695_cluster-1
8b900a1c-e43c-46c7-a754-2ee696245072,group_696_cluster-1
1a9180ec-a3ab-4bce-9564-e0f040ebe323,group_696_cluster-1
1b221edc-59be-4e61-a5a4-1c89acb97728,group_697_cluster-1
e4b328aa-84bb-425c-8c0c-7c7235f3a2e7,group_697_cluster-1
98a5c36d-a59b-410b-a67d-2f984237922b,group_697_cluster-1
fe50bdfa-9d52-4c57-b653-b12aac971fb7,group_698_cluster-1
63739e9e-1fc5-43b7-935c-dac192532524,group_698_cluster-1
f58bb831-ea00-4907-95db-22d1721a6bf7,group_698_cluster-1
833642d9-abe8-4978-8d3b-410e3e12a03e,group_699_cluster-1
1b9eb782-0dc2-48fb-9d28-9788fd295185,group_699_cluster-1
18ac3da7-8715-4b68-8efa-4c8439a77f53,group_699_cluster-1
97d853a7-8555-457f-b6b3-e2685082a111,group_700_cluster-1
1b341fdf-cddf-4d99-be17-28311c709f03,group_700_cluster-1
8687a65c-fae9-4508-8f66-35a7b1eb0f3a,group_701_cluster-1
495dc41d-83b0-4d30-aca0-19cf5b14e899,group_701_cluster-1
e58516b4-cc6a-44de-9cc9-1dee77af243f,group_701_cluster-1
0dd38844-f46b-4b76-a603-43a4839284ce,group_702_cluster-1
8cc74798-97cd-4276-8386-28e0425ac2de,group_702_cluster-1
443f6c86-2bad-4b4b-99f7-98561d389002,group_703_cluster-1
35c7b0cd-40ac-4706-afdd-b45118f84c7c,group_703_cluster-1
bef4f6f5-2aee-4e67-9698-f93cf968e461,group_703_cluster-1
502a5457-69e8-4dbd-b480-99ddd0b51ebc,group_703_cluster-1
6ef69606-3fd5-4681-bed9-ec22b04ae8f6,group_703_cluster-1
a3a4f1a5-d0ac-490e-a751-2db3cc1723a5,group_704_cluster-1
ce845dfd-ef74-47b1-bf68-37d71fa0c41a,group_704_cluster-1
209d7399-8517-41bc-a448-d7f76050b501,group_705_cluster-1
1ed83a8e-42c6-4ff6-b64b-0dd1b2926465,group_705_cluster-1
2abbacda-9f2f-49f5-835a-c6d95b49f32b,group_706_cluster-1
5bbab370-088a-48fa-84bb-6115c549c8b9,group_706_cluster-1
86e6b859-3fbe-42cd-88e4-624c08a615f3,group_706_cluster-1
0ff08fc7-983b-4345-b6a0-423592e28933,group_707_cluster-1
8594d7c5-e9ef-4c17-8b6f-29d13b24cc78,group_707_cluster-1
45e53dce-c790-4835-9a72-e61ad446c1f0,group_707_cluster-1
5333e782-f5c8-45c5-b9e0-496e252b5ea5,group_707_cluster-1
85766e6d-cfd9-4bc0-b901-ab0cdf0081e5,group_708_cluster-1
8be74a00-281d-4478-b9cd-82972eaae31c,group_708_cluster-1
59577c6f-b776-42cd-a775-e100106822aa,group_709_cluster-1
4e113455-56fa-4f03-9808-215e00317813,group_709_cluster-1
eee0488f-e4d7-43ce-9a73-dd66f812f0fa,group_709_cluster-1
d73a0c5a-8c60-463f-8585-3319f8b9afe3,group_710_cluster-1
81cd7fcc-2670-43d0-a913-8c3aca2ebee6,group_710_cluster-1
94902be2-7047-4193-b2f1-b342a6735002,group_710_cluster-1
7deffdfb-6852-446b-949b-6841019b519d,group_710_cluster-1
7a1482b0-081a-442a-a9f9-e25c8398089b,group_711_cluster-1
c65542a6-7037-4e73-87c3-02279eaf1c5c,group_711_cluster-1
c00dd214-3009-4d40-bdd8-09838d552dec,group_712_cluster-1
54c15079-3f4e-4692-85a7-b0eeae8c5f9f,group_712_cluster-1
4383b1d7-4b8a-4040-833c-884255a113b2,group_713_cluster-1
29212f5d-820d-4128-8c46-299a4f8f3ffc,group_713_cluster-1
ea7dfb68-d465-47e4-80b7-d74ef18118ba,group_714_cluster-1
6889e328-934a-4fc6-8418-6d5c6946d21e,group_714_cluster-1
3767a847-ca71-4bdd-ae12-868767379dbc,group_715_cluster-1
ce0b59c3-072b-4ce9-9cba-eecd0cc1618c,group_715_cluster-1
97a449b8-471a-4f8f-a0b5-1dd9ebbef25e,group_716_cluster-1
13b44a1d-0ab1-40b4-adac-66a95fb95d9b,group_716_cluster-1
3634968a-3aa9-4175-8b14-0e868d8e1aea,group_717_cluster-1
5ef5d37d-56f9-4edc-b794-3e7ab98e31ca,group_717_cluster-1
aa0e8996-9c9d-4674-9773-8dc4d064b1e3,group_718_cluster-1
3f54a536-33ef-4c23-a145-0196a1da53e3,group_718_cluster-1
47a77ae8-718b-4091-8c36-c9511ea7b978,group_719_cluster-1
7c4399da-d7eb-4078-943c-496ba65bb728,group_719_cluster-1
8556af6e-a897-4c6e-ba5e-4758ff00ef61,group_720_cluster-1
1b9e1055-a01d-4e2d-af54-7fda742588ed,group_720_cluster-1
fa6a2a90-c479-4adc-ba3a-bcdc1d4d00a3,group_721_cluster-1
dca529b4-bb8e-42ec-828c-54d4c58ca301,group_721_cluster-1
58236e35-fe15-423e-8c59-d1e20f704025,group_722_cluster-1
542eec6a-0573-4dfb-aef0-8708982daf6c,group_722_cluster-1
49bcddfa-1c69-44ba-9a71-6ed70f413cfe,group_723_cluster-1
da98ca40-c678-4ef4-bd03-e5ef510c9a32,group_723_cluster-1
0ecc43be-1c71-4067-9be7-d90cd36fac22,group_723_cluster-1
93ff42b4-e225-43c8-9ce6-90374805c9e7,group_724_cluster-1
ab26482b-42bf-4d67-be68-6653159a6779,group_724_cluster-1
0139e55d-c475-499b-92dc-e499096fd7a2,group_725_cluster-1
bc2c1bbc-c568-4877-a21d-4f318eaeb76c,group_725_cluster-1
a8d639a0-c16b-443f-a21f-a4ed44f7af3c,group_726_cluster-1
bbb5a806-5514-4513-a7a0-57b8c57b93db,group_726_cluster-1
23a6436c-7129-4aa1-818f-451f8348d3b8,group_726_cluster-1
5d37d25d-317c-480d-8533-388cb02cb469,group_726_cluster-1
e020fcb3-a4e1-48fe-ad3d-a392ab2e9146,group_726_cluster-1
c65524cb-a26b-4bbc-8aa0-ae1524d522dc,group_726_cluster-1
3e4b4a71-cd70-4da3-b872-66e462bad45d,group_726_cluster-1
98f0679f-fad6-4458-9cdd-55def4287a78,group_726_cluster-1
5341f884-d21a-496f-822e-072e2fd14a87,group_727_cluster-1
cf9495ed-235f-4c4b-bea5-569ecb1284c8,group_727_cluster-1
ff6b73de-fd88-4952-8e0d-ab574094ef3d,group_727_cluster-1
8facbf3c-797c-4e5d-8763-3931bc6789b7,group_728_cluster-1
48f2ce28-1223-45f6-a440-233fa0f24316,group_728_cluster-1
b431b157-10bd-4ddd-8371-1e1e6d5e9f55,group_728_cluster-1
0c92fb95-a257-41f9-838b-0b64db67b400,group_729_cluster-1
7e7ccff8-94a0-4df8-a342-311d3404c852,group_729_cluster-1
4a58f1af-802d-4c85-b35f-4e39080102a8,group_730_cluster-1
38491c9c-a9ba-4876-856b-b3b5d263a76c,group_730_cluster-1
d7b76b7b-55f9-4ae8-965f-1106a8145884,group_730_cluster-1
71a3593c-cb4a-45f5-b537-1be9c8e30eb0,group_730_cluster-1
359f8037-9f89-444e-9f92-3ae6b7853595,group_731_cluster-1
04066fb7-0b1b-46aa-a01c-c42f90b86cad,group_731_cluster-1
0a4c705c-1911-4c5a-bfe3-a72da3dc73dd,group_732_cluster-1
0ea23a2c-7246-4f61-9595-704b8497cf05,group_732_cluster-1
ac89c06b-fbc0-4aef-a47c-40e641d53ba6,group_733_cluster-1
5275977b-e3a7-487d-aa1b-db456093fb0f,group_733_cluster-1
944ac4b2-3f0a-4d9e-9523-9e804c7c5ab6,group_734_cluster-1
b5ddc48b-5bab-4fb3-a8c8-9b3eb0dd5f01,group_734_cluster-1
f052593b-2a43-47d7-8d10-f01c5f604dff,group_735_cluster-1
2f58a614-dbb2-4d71-ae51-890869daf610,group_735_cluster-1
42360f6c-8b17-4e7c-9105-815be59dd81d,group_736_cluster-1
94bdc3ff-3802-40b0-8b1f-1155ed9eb58f,group_736_cluster-1
b13d7162-7290-443d-8229-f5a7b6a6a0cb,group_737_cluster-1
6d8cf85e-93bd-47ea-8a59-3e43fe4ef732,group_737_cluster-1
3aa05aa1-0e43-4bbc-a001-bea549e78288,group_738_cluster-1
d6455177-0005-4b68-b4ee-0ae2cee387a4,group_738_cluster-1
f38175b8-8d6e-4bb3-a12b-b7f111f4e2bb,group_739_cluster-1
af740112-5e98-487f-beb4-15ea388a4456,group_739_cluster-1
5aa1fb2f-c3ba-43db-b6dc-9732bf0a2b84,group_740_cluster-1
006be3d1-32d8-4f55-9d77-6043261a6a75,group_740_cluster-1
e4bf1627-8c4f-4742-92b3-5c2c8ca88d73,group_741_cluster-1
8001975f-2e6a-4a13-b275-655c340301d3,group_741_cluster-1
f1c8d1c0-1777-47b7-b2eb-49a3dbed68f1,group_742_cluster-1
353e66ee-e7f1-4e20-8900-b616c9a0fb93,group_742_cluster-1
030ba5e7-f540-4b12-953f-321d7a7564b1,group_743_cluster-1
1cf813d8-e2bf-4fc1-8db6-22b5d29fa7d6,group_743_cluster-1
c1e6bc3f-f5be-413d-a31a-32d34ac17c29,group_744_cluster-1
4e760c53-c686-48af-9916-953d34c3eb01,group_744_cluster-1
3e388577-4ccc-40d5-809f-62aa73d08752,group_745_cluster-1
5eb551e5-08ac-4236-827f-c1bfd5395d26,group_745_cluster-1
f216d9ef-8598-4c76-b6ec-ded98eb47216,group_746_cluster-1
9ae27bbe-fc82-477d-a70a-55ac12a0e312,group_746_cluster-1
2f069623-202f-4827-8450-8b035d6ee2f0,group_746_cluster-1
f2a0c638-1c13-429d-ad30-cdce5cbe1762,group_746_cluster-1
cc55df4f-799e-486b-aaf8-adb6613c7b4f,group_747_cluster-1
a56e51cf-b607-4064-a583-dd9f7861793e,group_747_cluster-1
5c143307-33e8-4a75-92d3-bf112d72cba4,group_748_cluster-1
1d7089b6-c332-4296-bd20-23c7d84bc1cc,group_748_cluster-1
95850d38-8799-4885-8019-129b079fd7d6,group_748_cluster-1
6074fe3e-724d-47e8-912f-98c845239258,group_749_cluster-1
e8885f63-577f-4cb4-89eb-424eab82bb79,group_749_cluster-1
32c56f9f-a254-4812-8685-1438c0819e1e,group_749_cluster-1
7232aad7-ec1a-4ba2-b33c-3c18bfec17a9,group_749_cluster-1
6b69f0ad-9505-4d17-89f9-3e27ad99419e,group_750_cluster-1
a3350e15-9e25-497d-860e-daccdb7db5c4,group_750_cluster-1
331b53e0-c949-471b-bfb8-5751c823dddc,group_751_cluster-1
832bcc88-3d46-479e-ad08-d5d50c1f99e8,group_751_cluster-1
dc6d4ce6-49ce-4542-ae32-d893d4d4c914,group_751_cluster-1
526f55d2-0b8e-42f4-9daf-42bb2e414eb0,group_752_cluster-1
346e199b-38a9-46d5-9350-2d35772b7885,group_752_cluster-1
d44739a6-c841-4496-9fd7-44e8f1e87fe8,group_752_cluster-1
b9f5a20c-21de-49b7-84b5-586c9e495321,group_752_cluster-1
fb3e484d-070f-462f-b526-bfa891d8c88c,group_753_cluster-1
3f0ed8f2-f17c-4006-af99-a745e5af3c73,group_753_cluster-1
41c252c5-a347-48cb-a914-2ad8b92ce3d2,group_754_cluster-1
0a6c2e6b-6ac7-4d8b-afeb-a3ac2b01207c,group_754_cluster-1
7488374d-28f1-421b-a319-bf8ce2a75f48,group_755_cluster-1
49603717-2489-4eb8-a413-da1bdb18373d,group_755_cluster-1
d7fd6dc1-6196-4654-8699-84ae0c1b6e8d,group_756_cluster-1
b40fa364-f204-497a-99e3-dc324d61ade8,group_756_cluster-1
fee937d9-bb6a-4fc4-be0b-dee4659d896b,group_757_cluster-1
3726e70b-22a9-48d7-9c0b-7e9f47715257,group_757_cluster-1
e5f19024-b0db-4401-bd14-bc63d3425964,group_758_cluster-1
6febc69e-ed90-4216-8d9c-dbef4036c1ff,group_758_cluster-1
6a12cf90-ce86-4a55-894c-297fc7a2f196,group_758_cluster-1
4f73904e-54a1-416c-bcf2-e6c475305cda,group_759_cluster-1
5194217a-0faa-4803-b7ce-a82ca0fa1ccc,group_759_cluster-1
bb06ebe0-4b95-4a57-af67-cc14dd2e7421,group_760_cluster-1
c1400057-e2e8-466f-81cc-f6119fd84edf,group_760_cluster-1
23872dac-170a-416e-b2bd-f1817904de2f,group_761_cluster-1
3e540332-59ea-465f-b068-ed075e52fd87,group_761_cluster-1
b2a1d7b9-d061-44de-a37a-6adab281492f,group_762_cluster-1
d63a0b1e-1af3-4a7b-a0bb-7251f1de9dfd,group_762_cluster-1
980da59e-317c-4e67-b48d-7111aeec15ca,group_763_cluster-1
a41ee86a-fa5d-49bf-9980-2ea8a53b1f63,group_763_cluster-1
941829fd-fe3a-45a1-b31f-904919d140f9,group_764_cluster-1
b8879443-5ab0-4163-9a17-68bb3f5e342a,group_764_cluster-1
b932949c-5f18-4ab8-9850-c2caa2dd3e04,group_764_cluster-1
e5cd9714-cbc6-4a31-b45b-5e08fc107a65,group_765_cluster-1
e0679f32-2ee6-458b-9c0a-9be48b4352c5,group_765_cluster-1
51868e26-b10e-4db6-b859-b9b52c76a8c0,group_765_cluster-1
9adaceb5-ed83-4976-9de8-8894d203ff4f,group_766_cluster-1
73a8074f-d889-4d7d-bdca-701f748d66f3,group_766_cluster-1
89bce3a6-54a0-40d7-a979-53e188b3d022,group_766_cluster-1
8ce30bb3-64de-4ea0-a123-73d4ad6a471d,group_766_cluster-1
1c6a6845-dd50-4f99-84a3-abc9aa53be3f,group_767_cluster-1
47876261-fc78-4c8e-b7a5-4a7444931e3b,group_767_cluster-1
f21d87f3-456c-47c8-9fe4-473d0feb937d,group_768_cluster-1
56e27165-a91d-4e82-9322-81b911a54939,group_768_cluster-1
ae839db2-22be-4154-bb4f-b178b76a68ae,group_768_cluster-1
50cf6408-7d2f-4132-8b11-0fbe4c1b9eb2,group_769_cluster-1
ffa40a16-a219-4bc6-91bb-0c7a56dd8ca2,group_769_cluster-1
156abce8-41e0-4128-9e92-4bce8bd3893d,group_770_cluster-1
bec48ee2-8353-492b-ace0-b466b661ff26,group_770_cluster-1
9259570e-2c2e-4f31-9564-fcbe870496be,group_771_cluster-1
f7366dbd-5143-43c7-933a-be47f9be4743,group_771_cluster-1
98c8db05-eca2-4fa0-9951-d461d1ae95f1,group_771_cluster-1
cd6446f2-f57f-412b-b176-e4f049ea28c3,group_771_cluster-1
763bf78e-f34b-4eef-b9db-715ecbd31a88,group_771_cluster-1
fa329259-af83-43f0-916e-aa9267aff865,group_772_cluster-1
cdf834a5-ec14-4d82-b38c-149875eabd15,group_772_cluster-1
5b1c0d0a-297d-4843-9b2c-f36b76205c5f,group_773_cluster-1
1a9d220a-68c3-4ef6-8275-cb7772bf3ac5,group_773_cluster-1
566b87c8-02af-45a9-a7be-75286dd53c23,group_773_cluster-1
c55e3d59-e7bd-491e-8100-f5817f7071e5,group_774_cluster-1
d48e3f05-0c04-4270-b09f-e2e15ee855a1,group_774_cluster-1
b36f59f5-9dcf-4ca8-83c7-b4d191cea189,group_774_cluster-1
b27da2bb-d1f5-4415-b645-d73ba02e7914,group_775_cluster-1
7887d746-c03f-4e5e-ad69-9833b4dd7468,group_775_cluster-1
6e92fdd4-523d-475d-9aed-0f695ccad088,group_775_cluster-1
37ed6926-a7eb-44f0-9c0a-4b233aa7f36c,group_776_cluster-1
33ae7b69-7905-45be-9799-de6e82490bba,group_776_cluster-1
589f7061-e082-42c2-abd7-80fdc7739061,group_777_cluster-1
640a5075-a3e4-4090-ae50-815e0ec7f7ea,group_777_cluster-1
ae68b351-55ea-43c3-8e95-8f255b1f94a1,group_777_cluster-1
8537da16-db42-4c37-b467-09404dcd260c,group_777_cluster-1
8cc83726-6ee2-4cf2-9dbb-eca7003a0fe8,group_778_cluster-1
94d2df35-7b12-4b72-8a8b-d5bb2071c85a,group_778_cluster-1
5c3a1f37-5319-4cc3-b8e5-d0a9433692c7,group_779_cluster-1
bebd6703-5b3b-474c-8e4c-6384447ecebc,group_779_cluster-1
5b985086-c8d2-4a16-9e4b-467a6ec1b9b5,group_780_cluster-1
2d8b9703-41cd-4600-969c-db18bbd9662c,group_780_cluster-1
9e2b5f1a-c0db-4659-ba29-a491ee1f2853,group_781_cluster-1
6b407b89-3183-45a5-bfe0-28eefa50d4ca,group_781_cluster-1
ac5d56c1-9fd4-49cc-8481-0e484e291466,group_782_cluster-1
8b7832a5-dbcb-4cff-9e99-32982c4cdfea,group_782_cluster-1
4926a327-3f99-4f11-9630-197d8b218bf2,group_783_cluster-1
14c2b242-0928-43a3-8f6d-d36f74e1408e,group_783_cluster-1
80568b4a-bc21-4c90-984d-354c5947a68e,group_783_cluster-1
d6afe410-5f58-4883-8a58-bf04e8d7628b,group_783_cluster-1
3a899764-ad43-4308-bab1-70b67c6a6304,group_784_cluster-1
0ed31f98-c162-4f09-8055-f10d896e288b,group_784_cluster-1
2629fae0-4182-4675-91d0-541535ad6476,group_785_cluster-1
8f1a1e8f-251b-446d-a154-39d48fb29afc,group_785_cluster-1
e5aa4573-6243-4226-bd89-8a9e9553ff13,group_786_cluster-1
d4aed155-ada2-4f89-93be-d4d77072d57e,group_786_cluster-1
2c6be463-f4d2-44ce-9c38-677d0fe7770e,group_787_cluster-1
742342c1-1d0f-4999-97a0-c4f184faf9c9,group_787_cluster-1
61901772-3af6-4542-a534-ed80a57d3729,group_788_cluster-1
6c5073fe-5b34-439c-8094-e99629b66887,group_788_cluster-1
1613fcbc-8c64-4356-a4d6-1ab1cb85a8b1,group_789_cluster-1
e34fda47-834a-4765-957e-d9cb75ad1ab7,group_789_cluster-1
fbce210a-09bb-4449-9cae-69f62a703f21,group_789_cluster-1
3758cce4-ba0b-4e89-8250-fe5107c01b4e,group_789_cluster-1
a232d959-96f7-45bd-a771-845878ef9816,group_790_cluster-1
e535446c-6eba-4445-8d93-efadc715ab29,group_790_cluster-1
f6ece899-fa20-44dd-a477-b45221bb7c5d,group_791_cluster-1
97604555-2560-4c12-a518-b84cd297cd78,group_791_cluster-1
05758a43-51d9-4c4d-9ce9-0b47ec878d60,group_791_cluster-1
e7b87d7f-2942-49d8-a833-e46252fec8fa,group_791_cluster-1
1a8d900c-d9a9-4fa2-9565-2d0f7a9791f1,group_791_cluster-1
a6a4895c-b639-425b-b340-39dfd76aa060,group_792_cluster-1
c511016c-93de-4b9e-b5b9-330712c2b8ce,group_792_cluster-1
51e51e24-e144-47f7-9d65-4a51830f1812,group_793_cluster-1
2d9bb508-dfdf-4824-ae6b-20a23247bb26,group_793_cluster-1
1e217768-03bc-46d3-8e80-31629d781326,group_794_cluster-1
e7596b18-d03f-4d25-af6e-2daa07a17252,group_794_cluster-1
e10bf3dc-6ab4-4ec2-b591-c49ef5f8fa12,group_795_cluster-1
5aafccc5-a70a-4c65-b858-77451d2b9978,group_795_cluster-1
30c0a475-bf24-4176-b86a-2676295a665f,group_796_cluster-1
a34851cf-76e5-4bbe-be8e-61434b6e35eb,group_796_cluster-1
1a8745a6-cf9b-496b-ac4a-200e77d36597,group_797_cluster-1
34fe1eba-cb6d-4d79-aade-f063f0aa365c,group_797_cluster-1
55a2127c-3369-4b5b-bc19-c70b45d106fd,group_798_cluster-1
d7d4866a-690a-4f65-9ee4-f18008273c74,group_798_cluster-1
12a7f730-0b7c-4c8e-9643-29844ecf6cee,group_798_cluster-1
adcc98ed-cc94-4283-a8d4-80e73cd33a8f,group_799_cluster-1
7ea8f0a8-9d03-433b-934d-2077dfbe94b4,group_799_cluster-1
e643855c-f9e5-445c-a6c5-a815515dcfc9,group_799_cluster-1
13706dd0-7ca3-4bce-bd16-8c4510a2c560,group_800_cluster-1
72c8adc8-816c-42e3-a063-a0d1c7cb2196,group_800_cluster-1
5d14b3fd-a84a-40f1-aa9b-816f6717828d,group_800_cluster-1
5e2f6606-3dcc-4ff6-b146-25e7e0adb294,group_800_cluster-1
87f32a9f-0659-4291-a75d-52e2506b9879,group_801_cluster-1
bf5844a1-1d93-421d-b52a-410cdecf1dca,group_801_cluster-1
8a57cb98-5b6e-498a-b748-7aa89e29e15f,group_802_cluster-1
727b85b7-8388-4a22-8f2e-c0a0ca376408,group_802_cluster-1
66eab201-e7ae-4479-aee9-a59f03c0dfcb,group_802_cluster-1
e9b2475a-fb5c-4ee6-b2b5-30670a66d173,group_802_cluster-1
867bcbe6-2dc3-4fd2-aa24-7dabc968b16f,group_803_cluster-1
029113ac-bbab-4a58-9f38-33470c9dd467,group_803_cluster-1
021b64ed-5227-4276-a706-92c677edb36d,group_804_cluster-1
695f225b-40f0-4d10-83ec-380e4212d830,group_804_cluster-1
b411f8a5-36ff-414c-8239-a5c9cf120202,group_804_cluster-1
c50fdbbd-6e52-45b7-97b4-6e89f4588ebc,group_804_cluster-1
c7c4603d-9351-4ad5-84c0-e6253e762d5c,group_805_cluster-1
a772c4e2-7be9-4788-831d-fad83019c789,group_805_cluster-1
2a48e705-858b-4144-b577-bf1ae32ab7f6,group_805_cluster-1
c370a9f6-b0ec-4fbb-ac82-2b9a10b25532,group_806_cluster-1
a3b063ab-7067-41c9-a200-a57d0053bf82,group_806_cluster-1
adbc3421-fe26-4c2c-bbbe-7bca33997c42,group_806_cluster-1
fc93cae4-526e-48e6-bb4a-8d2be236cd9f,group_807_cluster-1
34fae252-36bd-483a-9843-2d8cabe395f9,group_807_cluster-1
f4da8d2a-1362-4d91-b993-7f04c4ecbb80,group_808_cluster-1
03855028-1593-429e-a09d-66bc98edfeaa,group_808_cluster-1
e3d1b5ad-a03a-4612-b490-1123e804bf0d,group_808_cluster-1
dfebde74-7ac2-4ca1-877f-654e5f3d9b8b,group_809_cluster-1
f8257438-a155-463a-8bb4-508c0d65acde,group_809_cluster-1
fa5e8f39-30dc-4d1a-90a8-ba1aad1fcfec,group_810_cluster-1
c3a44fef-72e3-4928-8478-97b2f222de1c,group_810_cluster-1
31a66c59-26d0-4fe5-b240-4cc56f005e3d,group_810_cluster-1
de8334ab-d513-443a-9607-dbc1ad9cbcd3,group_811_cluster-1
e6e0ad2d-4e72-40d1-918e-919961076495,group_811_cluster-1
3616d11b-65b2-42a0-8d30-4808d7806e10,group_812_cluster-1
96270643-8271-40ab-af36-597f1b00667f,group_812_cluster-1
37fddb10-f42a-4b3a-bd74-7ceb1dc49b5f,group_813_cluster-1
19d2a2b3-df1b-4524-8d63-f2c38a6e6de4,group_813_cluster-1
a2d072b4-9898-43ad-b0f7-307829c50110,group_814_cluster-1
185b1906-93ef-4689-9e2f-6c0c54066dc8,group_814_cluster-1
87b4841d-f09c-4dc2-9375-a1f4bb15b299,group_815_cluster-1
9ba5918d-eff4-4911-94b6-d6e4eec6526a,group_815_cluster-1
3e25fc3a-22ee-4e97-9646-8af1caaa1748,group_816_cluster-1
bfab64ed-31e5-4f46-b882-c77c27948f9a,group_816_cluster-1
f581828f-aa0d-413c-8ce1-658a9562386d,group_817_cluster-1
59c1f678-f7b7-428d-ac2d-81bb8df09672,group_817_cluster-1
bf4da8e7-5c8a-45ac-8e62-ccaed9f03556,group_817_cluster-1
f3971e98-ff00-4f2d-ad0d-958bdbc475c6,group_818_cluster-1
07b26be7-e6d7-43d3-8778-6ddc2b8855c9,group_818_cluster-1
91057355-16a3-44ef-a0f8-5cd11b3a7510,group_819_cluster-1
bb9fad58-bdc0-4092-be40-fa4ea75effcc,group_819_cluster-1
1411d9cf-4855-4d7d-8cd3-630088ffcdab,group_820_cluster-1
87c5a043-c8f0-46fa-a4f0-9eee570e63c2,group_820_cluster-1
4fbb391b-d08f-4c8b-9f33-589ca07b5e57,group_820_cluster-1
5a7e15e0-567f-41bf-b8f9-4df036a51cbf,group_821_cluster-1
a47d842b-85d8-4e99-b1a3-035fa97df0d7,group_821_cluster-1
d2ba49ae-63ff-4a32-99e3-2368aae8aea9,group_822_cluster-1
8e44ad85-2bc6-4094-9544-ee76bcd4feff,group_822_cluster-1
c933eeea-156f-4542-a342-154362f06bbb,group_823_cluster-1
8c623bb1-687c-44fe-b5b3-2ff982b84dbe,group_823_cluster-1
69a401a4-4bd3-47ba-8ea2-ec45255284b0,group_824_cluster-1
f7462980-0fca-4397-a7a8-44edd4ba82e4,group_824_cluster-1
3cab970f-2898-4d38-a31f-544f01f23653,group_825_cluster-1
59519c67-8c08-4402-835a-8d9371ac4133,group_825_cluster-1
c01ef487-2412-4519-9b48-2a357ad8725f,group_825_cluster-1
99332833-c056-44bf-9d32-e975bea1e9f9,group_826_cluster-1
f9057db1-3c02-43c1-9b57-835be4f60829,group_826_cluster-1
8f3d8043-15b1-47f2-b615-d69806c619d5,group_827_cluster-1
a8fd435d-add6-4b45-975a-9b52ddc79cfa,group_827_cluster-1
33817a49-7c50-42d4-9eef-309f21b6bf60,group_828_cluster-1
48e3cb23-a7b4-4694-9f4a-dee4e618de2f,group_828_cluster-1
de04d4f4-7aa9-44d3-ba84-0f5c9f6acb42,group_829_cluster-1
3d973ac4-1b31-4c0c-8fe3-c8ab1663b32f,group_829_cluster-1
1e80f4ca-ec1e-4af0-9130-3aa024570bc7,group_830_cluster-1
28263d05-9ee4-48d0-9b9a-e661e7a9cd4a,group_830_cluster-1
68e875f4-3f7d-42fc-b644-5a429908db20,group_831_cluster-1
edc5db20-408b-4ea3-86b4-e50b6e25434b,group_831_cluster-1
81beb6d6-f5bd-4cd3-b273-f612beeaa007,group_832_cluster-1
34ee5253-a210-4825-94eb-96585936a8f9,group_832_cluster-1
fd79fab6-f138-4e5e-86e1-12b6d7e12ad4,group_833_cluster-1
480a33fd-4cea-40cb-9e15-3978f2118e28,group_833_cluster-1
57953425-508b-4551-bda2-607dabbdf185,group_834_cluster-1
5ef801d9-1544-4283-b67d-35f7a6d0948e,group_834_cluster-1
dba4db2a-b149-4eea-a5c2-32bbaafc5c3a,group_835_cluster-1
42458dd2-9220-4146-b7bf-4e3c80e4d186,group_835_cluster-1
29a574f7-9fbc-40c5-ba36-1aef669b4e7c,group_836_cluster-1
07ba0d5a-22dd-42a5-a9c1-7ce213b2ed24,group_836_cluster-1
92455b0b-f266-49a5-a879-725cff0d8b3d,group_836_cluster-1
7daab2d7-4535-46d0-b8bf-c40c8a81fb1f,group_837_cluster-1
2d7fef0c-f2ba-43e9-94d3-f8f61c397e10,group_837_cluster-1
4f5a4059-5446-439b-b12f-c97df1502928,group_837_cluster-1
aab0ab61-ab6e-4d80-9481-25a73ec3ff50,group_838_cluster-1
d7fc21ac-44f9-49f2-aa18-7b14a13f18d9,group_838_cluster-1
794749f1-d195-4bb4-b923-e2fde4e453be,group_839_cluster-1
11ce5d65-75cc-4d02-9006-bc5a16127f8e,group_839_cluster-1
b4d33ad2-c8b6-40c6-8dc7-db912657d718,group_840_cluster-1
1b90cd18-f96c-4510-a41a-b9b98a639cf4,group_840_cluster-1
c4f473bc-7059-4ed6-ad25-d9868cd310a4,group_840_cluster-1
8c664304-f453-4d3a-8f38-9b2d551ca760,group_841_cluster-1
72f818e0-2d98-4c58-92da-5467385605fa,group_841_cluster-1
1912f79c-c222-43e8-9539-95d0398c639c,group_842_cluster-1
b33a5a27-dc70-4233-b85b-a073e3014eef,group_842_cluster-1
11545158-cb1d-4232-989b-f21325554238,group_843_cluster-1
07be9c9a-5bbd-43a9-aeed-a785660a3a5f,group_843_cluster-1
ba7d5cc0-430f-424e-9ab9-0e624953c234,group_844_cluster-1
55ccd248-9415-4c63-8242-33278918c94e,group_844_cluster-1
5aae4844-f5c2-4430-be01-2cba085cd457,group_845_cluster-1
35a2782a-3d1e-45a4-adc1-856e367f823a,group_845_cluster-1
f2a89b54-3697-4548-8978-63dd54043f0e,group_846_cluster-1
45bc1a9b-e3bf-4de2-96e7-76f0c6adc982,group_846_cluster-1
7f5b4f24-73f6-43b3-9c57-19c23eb9e391,group_846_cluster-1
ce1e37ef-baed-48d2-8235-b69b81ac1573,group_846_cluster-1
dc92b23b-95e4-4924-8c88-f5e633bbff35,group_847_cluster-1
64d8c2fa-e287-4df4-a76b-3bd5179b701a,group_847_cluster-1
d44e408b-5961-4709-8d26-f55a670f1dd6,group_848_cluster-1
6c379c48-2d8c-4172-907d-91232dcd3ea4,group_848_cluster-1
eb6ce7c5-f3d3-47be-842b-5911269c847f,group_849_cluster-1
33e382b8-e19a-4802-945e-1bb8d46cb14d,group_849_cluster-1
f430380c-6500-4f97-81dd-e688d2d9f4c9,group_850_cluster-1
d8d33712-d864-4d1e-8ef8-9a773bb86de5,group_850_cluster-1
d0033a68-4bb6-4e7b-94e2-2c3f347e8f8a,group_850_cluster-1
8a4a2eb0-62a9-47c4-88fb-0f12a5d1187f,group_851_cluster-1
846bd5f2-71e0-4676-a56b-8c4b220b286f,group_851_cluster-1
a584a0de-6d5c-4040-924d-7d128376d286,group_852_cluster-1
305e1032-f102-49e8-a99b-883b2e3c0748,group_852_cluster-1
baebb7dd-fd6f-4198-8d61-3257a95593e6,group_853_cluster-1
a3593147-1af4-42a0-bc6a-5fdfa819b049,group_853_cluster-1
40801d76-5115-4f53-82d6-88fe6af4d39b,group_854_cluster-1
ee7b6cd5-1f94-4b46-9c79-e7e529906ffc,group_854_cluster-1
7807f969-8354-4f90-bc23-096c832a38ca,group_855_cluster-1
273be9df-e633-4049-8ba4-f10c6a28f0dd,group_855_cluster-1
035b2a1d-eb8b-46f1-81a7-8ee8f27340ba,group_856_cluster-1
3fb453f3-2db0-4bbe-a95d-5aec699db858,group_856_cluster-1
5564f2cc-f95b-4979-b122-e9c07e914404,group_856_cluster-1
c370d3bc-480e-42e9-a2d5-6f3365d37ccc,group_857_cluster-1
0fca05a5-d5e2-46c9-a3af-937be906698c,group_857_cluster-1
d830ff86-4f6f-4bf1-a7a0-483edeff2fd8,group_858_cluster-1
0f4137f6-80ff-4e89-85bb-0df0c33b129f,group_858_cluster-1
5fd400a6-ec0b-471a-bb9e-1d711c7c2832,group_859_cluster-1
9a6a7236-b044-4f4e-b007-58024a2c5566,group_859_cluster-1
a2bd4319-bbc1-4f08-9302-f40bb1840e95,group_860_cluster-1
065f5b08-bcf6-4437-b982-50e4718c50c0,group_860_cluster-1
d5ac9d1d-eb49-48b4-a65e-9d275d580774,group_861_cluster-1
537c1670-f9db-44ba-a4f6-d11466a5002c,group_861_cluster-1
9cd31a03-4252-46bb-8458-0fa7a8417501,group_862_cluster-1
24089988-c970-480f-9c92-a3ade2eca44a,group_862_cluster-1
7883dc74-8880-49c3-bfa9-42443e83b255,group_862_cluster-1
bad74ebc-8a0e-4784-a5a7-0eec83c43118,group_863_cluster-1
b7b047af-9fd6-44a5-a5e3-8f5803e774ac,group_863_cluster-1
13f9ec08-cc8c-4624-a7f4-7d94cc340471,group_863_cluster-1
c5dccc05-cf19-4d3c-b581-fbc76b7db723,group_864_cluster-1
e49922be-0f61-43fe-a40e-85dc773d698d,group_864_cluster-1
6246e115-d4de-4bae-bbf3-f1973e7fe446,group_865_cluster-1
cb2d1bed-98d0-4089-b5a3-f64fe13748cd,group_865_cluster-1
88a3afb1-361b-4b7f-b2d5-4b067caf26d7,group_866_cluster-1
bdb8dd79-428b-4949-bac9-9557f248b47a,group_866_cluster-1
df77a237-4fb7-478e-8183-c376e750a0a7,group_866_cluster-1
a93340ee-1378-4684-b9e1-ec833f3be27b,group_866_cluster-1
cb420a49-fadd-4155-89ad-f08bed4bca55,group_867_cluster-1
2322fd45-45d7-4ec3-a415-b92df04d706e,group_867_cluster-1
abf87708-3c92-4074-aa0f-c93a4ab7273b,group_867_cluster-1
f493f756-734b-4e0f-ac17-875bce2e98b5,group_868_cluster-1
1cda63df-a35c-48bd-bfe9-a60f6efb13b6,group_868_cluster-1
2eea6d30-ddec-4f01-a61f-155d249fb31e,group_868_cluster-1
2fde22e9-57a3-4cc1-b6ea-6e3523d324dd,group_869_cluster-1
93270ccf-c68c-4289-b5c5-7cacf8b7eb5d,group_869_cluster-1
345d2c79-1ede-41e7-b321-8c9de4d362dd,group_870_cluster-1
da6b26bb-c420-41dd-b864-ce9fe74a16ca,group_870_cluster-1
c0dac40b-5a42-4db5-9185-009c9d4f5cc7,group_871_cluster-1
b84e7cf9-d0ce-465e-abe4-7605655b9ec5,group_871_cluster-1
8a3d5ce0-e71c-4f50-bffb-b6394f6765f1,group_872_cluster-1
88dc93c9-5b9a-4c0a-a958-ca1f9db99afe,group_872_cluster-1
7b16af52-cfbc-4305-8c70-983972f69987,group_872_cluster-1
0ece9b8c-5e3c-4cd0-b741-0665ea3ad211,group_872_cluster-1
6c3152fe-fdbb-41f0-af53-ce808d82d3ff,group_873_cluster-1
d19798a6-3f14-4b3e-94fd-c1cac4ce6ff3,group_873_cluster-1
75699d04-22e2-47fb-9839-440357611017,group_874_cluster-1
50c415b4-2233-441d-8590-e72e7ac96869,group_874_cluster-1
9324d0a4-7106-48bd-95c8-d8c6ba396014,group_875_cluster-1
22f6404f-7476-4850-9e83-0aa755a32601,group_875_cluster-1
7b5d3a03-8d3a-4feb-8415-1467f026dc28,group_876_cluster-1
8ab85bc3-e160-45e7-8fb4-830113756623,group_876_cluster-1
b5227139-fc4e-482d-a5c5-220031da47e0,group_877_cluster-1
5433c56e-37cc-48c1-af0b-6913605deca4,group_877_cluster-1
eaa518d5-401b-43d3-a2b2-122f359e7f2e,group_878_cluster-1
10009558-2cfd-446c-9cc7-c1853e2d75f0,group_878_cluster-1
63d4f893-49fe-485f-94d1-78318223a3e3,group_879_cluster-1
404f183e-7992-4846-8077-92caff4aa2f2,group_879_cluster-1
8651aa29-4be9-45bd-9010-ec64ed6639ee,group_880_cluster-1
8bbc0332-6fb5-4c56-a7e7-c381e2f31838,group_880_cluster-1
a16ff886-990f-4f58-b5ae-496b2010c235,group_881_cluster-1
18febc3d-d235-4873-8a85-b2c2d89b38b6,group_881_cluster-1
a6f03f5c-1b9a-4247-947e-a0e417e9e986,group_882_cluster-1
9fa421d1-9f66-4b6d-8731-5062e68aa08d,group_882_cluster-1
c584eec9-a198-4a8c-b6d4-558c1b762678,group_882_cluster-1
211c4e57-ad8a-4135-a644-aab13cbbaf40,group_883_cluster-1
5bfa734f-5a88-451f-9116-a9d905903e58,group_883_cluster-1
e73cba85-36b8-47c7-ad78-301d2ec0bf70,group_884_cluster-1
28b513d9-324a-4c66-b70e-99618269a1ae,group_884_cluster-1
eb92afb7-eaba-417e-af54-8df4a8ae4e10,group_885_cluster-1
403e558b-0d15-4a9b-9aee-e788de27d45d,group_885_cluster-1
b2cf970c-bd8d-4d4a-a805-2ebfda82c3fe,group_885_cluster-1
6dd05528-6e30-484b-9d0e-496d5334fbe4,group_885_cluster-1
364930dc-67c0-4867-b56c-b9573ddd5718,group_885_cluster-1
1ec063cf-2c7b-41c8-9cd2-81ee8679b7ce,group_886_cluster-1
fdf63a67-8c13-45b9-bbf0-20da0dc199e2,group_886_cluster-1
da18b7bb-ef46-4e3a-8feb-9d9830fee9a1,group_887_cluster-1
4a51fba6-309b-4c75-975b-083b2426b75a,group_887_cluster-1
79d03a65-1348-4a8d-ab89-c2e18a9aac08,group_888_cluster-1
275f51b9-d3b6-495f-bd45-7eee328f186c,group_888_cluster-1
b181fd14-92ab-430a-a2a6-d77e89245662,group_889_cluster-1
7730e649-83e0-483e-97e3-276646eb891d,group_889_cluster-1
ada4be1d-2651-47e1-a7b0-4a406f2813c6,group_889_cluster-1
8c87f7ce-8e5a-4541-a784-ca5577c7d99b,group_890_cluster-1
849e435b-cd04-498f-b86b-952c5c897b5f,group_890_cluster-1
7bf0fc1c-f487-4d6e-8122-4dcfc60b0317,group_891_cluster-1
69854c70-b905-4d83-89d2-56410c1e120a,group_891_cluster-1
846521c4-c01a-4ccd-865a-0863000d9da1,group_892_cluster-1
7a9dba2f-1ce9-4a7b-b25a-12bdcf38b5b5,group_892_cluster-1
3a5b485a-294a-44d6-a516-f42a9762098a,group_893_cluster-1
0b7548e9-f707-49f8-a330-ff8ee14fe7c4,group_893_cluster-1
50049a5a-c3f8-44f6-a2a3-39e4db1f4f86,group_894_cluster-1
637dd7cd-6f9a-4c97-94b5-5c894b1bc2cf,group_894_cluster-1
e64dd088-edcd-48b1-9612-c4725b01a1b5,group_895_cluster-1
29a41886-d20f-41cb-b1b2-b9d6c124f15e,group_895_cluster-1
33b625ca-ace4-42fd-b8ca-c083c49b91ab,group_896_cluster-1
eb4fdc24-9a97-4bed-8422-d9bbada157fc,group_896_cluster-1
123b1915-209b-4ed9-8c26-15532997db35,group_897_cluster-1
3a1953ae-0b90-4de3-9ca6-8fabb306c154,group_897_cluster-1
b09ed67b-3606-4487-998d-de4c15486b2a,group_898_cluster-1
04ddb3a2-fafb-4e08-9646-f920bff5ff6b,group_898_cluster-1
b49b8b16-ae46-431f-b28f-76089b97a951,group_899_cluster-1
f948604a-ad8a-4d10-b7b3-a2141407b337,group_899_cluster-1
afc3b571-6704-485a-aa8f-c50f7bb90957,group_900_cluster-1
b5b2f6ca-4fe3-455c-acb9-95ad3cfbe200,group_900_cluster-1
d06e94eb-f563-46f1-8d6f-4adfd41b4646,group_901_cluster-1
64c642a5-b321-415b-9b73-14f520c83710,group_901_cluster-1
680a49d0-870e-4a0b-9a92-10fc46b1a413,group_902_cluster-1
20f253e9-bcb7-4073-8f95-65e3c58b42df,group_902_cluster-1
48dc9369-b5ab-4929-938d-43a2d02091d7,group_903_cluster-1
8f90688d-c5ca-4f09-8595-143299f35f17,group_903_cluster-1
07c56195-c7bf-4033-ae7a-4c3ff804e661,group_904_cluster-1
35f8592e-1a7b-4138-a2bc-ca4d8e323026,group_904_cluster-1
177b7e0e-96e0-4b23-b3a9-e5b3dfe27550,group_905_cluster-1
6ad06f31-a1c0-4e7d-81a9-73186a8227d5,group_905_cluster-1
7dfb4ef2-59b3-4d1b-a423-6ddd06c86249,group_906_cluster-1
02915091-1590-42fc-8000-9aeb0c582d5d,group_906_cluster-1
529f29e1-9d69-4530-9df4-d9f89bc35afc,group_907_cluster-1
401e943d-537c-43ba-872d-24fc9575c090,group_907_cluster-1
50dc37ab-58e5-42f6-aded-336b634b38b2,group_908_cluster-1
787e2c69-89e3-4970-b87b-1bbcd903f087,group_908_cluster-1
f1c7ba1d-23ec-414d-9594-6f54a3ae0129,group_909_cluster-1
6434043f-2803-46c8-b75a-148fb35074da,group_909_cluster-1
6dec701a-8c1f-4621-91e0-23619bf9b996,group_910_cluster-1
83119301-d37d-442d-835f-5c1900a4769d,group_910_cluster-1
50257350-6cce-4f0f-aadd-0728fb9815df,group_910_cluster-1
9622be2c-c98b-4aa6-9250-e6ecd3e004bb,group_911_cluster-1
91eeb7b6-6ace-4bf0-b0eb-746022c69f8b,group_911_cluster-1
497a1fb8-7069-4a47-b7b4-72a3bb79113f,group_912_cluster-1
d41ec517-1d5a-4a6c-a165-4dcdeb7e2913,group_912_cluster-1
f4947b5a-53a2-4fe8-91ec-502b66f383e3,group_913_cluster-1
4e211fea-0007-4a98-a1ea-0bfc3a43c882,group_913_cluster-1
8ab44f26-6d58-4419-97a4-0dcf483dd0b0,group_914_cluster-1
7c9b6a09-82a6-49ba-95c1-754a516953f8,group_914_cluster-1
9273c156-c1a1-474c-bcbe-cefc0a3b3b1a,group_915_cluster-1
c6a10fdc-3b1a-44c5-8868-3eb107f8552d,group_915_cluster-1
42c6008a-ab64-49a4-8bda-b1b7b4820a8f,group_916_cluster-1
dea3e360-a729-47c8-a8be-a38f954fe855,group_916_cluster-1
ae6e0646-48c9-41e9-b447-4fcefb572f99,group_917_cluster-1
1b73354b-02d2-4d97-8120-94f059d7c40e,group_917_cluster-1
92fb1213-0977-4571-8c3c-b2a0062c3d7c,group_918_cluster-1
f6baf074-4207-4f23-b423-d6f838582c5c,group_918_cluster-1
a90e3e89-1054-4fda-b5ae-9ac2e405100f,group_919_cluster-1
c262c3c0-595e-4d02-a7d4-951ed65a6b07,group_919_cluster-1
c5a3b2f9-ce7f-498b-afe8-adcffb599df9,group_920_cluster-1
19d1a181-1e08-4a5d-a82f-ac95105fb0f6,group_920_cluster-1
d2480fb1-7620-4b3f-9cca-93afb24d786c,group_921_cluster-1
0a36cd54-dee0-4598-8bcd-672c4f139b4e,group_921_cluster-1
83d79b68-18f8-4cee-b26c-8805d8d81f19,group_922_cluster-1
ee9de528-ae21-4ef1-8343-67dd62b0e039,group_922_cluster-1
03e85761-13ca-4906-b2ea-a2127b3f6885,group_923_cluster-1
7c953c2d-4fbd-45b8-9c1a-e3fff65b887a,group_923_cluster-1
688d0fe0-bdf7-43a1-93ae-156961c8c05d,group_924_cluster-1
3a5c1729-5755-4fda-a1a7-a3f3d4ecfb35,group_924_cluster-1
0752f8a1-dc09-469b-b518-039e32070075,group_925_cluster-1
fe76d992-fd74-4c01-a007-48d901dba855,group_925_cluster-1
ad1df327-1065-49ef-b422-b9e5d8539b68,group_926_cluster-1
3223a5da-f5a6-4ca5-9a69-96cb074df41a,group_926_cluster-1
4af75c74-980c-4516-8819-a7b1709aee45,group_927_cluster-1
19d6c279-4951-49ab-be54-b58ae0701a32,group_927_cluster-1
19c2b8b5-2ab2-4e7c-959e-1cb416727d52,group_928_cluster-1
e3f5d035-1783-4a27-b2f0-d2508bdc040e,group_928_cluster-1
ccdb5ba5-b66f-4e31-9adc-e99fcba27a31,group_929_cluster-1
be38abbb-ad51-414e-bb36-eee3e55bada8,group_929_cluster-1
eb49507e-6044-44a2-9a98-89ec911f0ffc,group_930_cluster-1
39e053f3-c37e-4676-89d6-76f99d3408f9,group_930_cluster-1
c4d1cd91-d5aa-4dc6-8c19-56ee5d0a1c15,group_930_cluster-1
08ae53d9-84d5-42e2-ab65-0101c96080ff,group_931_cluster-1
5df720e3-09e8-479e-aa53-7dff23368073,group_931_cluster-1
0c23b410-3112-4d98-b39e-ce6de801c2ee,group_932_cluster-1
d191ed77-72e1-4124-a47c-024c34ce3f2f,group_932_cluster-1
5b61293e-1c25-4cdb-857f-78acadbd9d88,group_933_cluster-1
a6e1cddb-a26f-479b-a308-56fcc0ffc1cc,group_933_cluster-1
800b7c51-a72a-4445-b96c-d7de5bbd2124,group_934_cluster-1
1cd90471-aee5-4bce-879c-d0833c5d7564,group_934_cluster-1
5f3b6431-310b-4dd1-bfac-782fd1ecfd2e,group_935_cluster-1
04ae488a-88c5-4255-84af-ea43f23a092c,group_935_cluster-1
c7b5d09d-f10b-42ca-9e4d-6349685a1bd3,group_936_cluster-1
c2a9c702-f9ac-4bfb-a2ba-e565a1cb822d,group_936_cluster-1
14b08a16-5d06-479e-afb2-49aed8e7460a,group_937_cluster-1
02830447-213e-42f6-884a-ce7da4c3f255,group_937_cluster-1
78952d94-0cac-4cc8-9acb-c1ea762c1d72,group_937_cluster-1
a857b3a0-f1d9-451f-9ae8-27267f6ab55a,group_938_cluster-1
dc09185d-bf15-4fe0-805d-a5cc58695843,group_938_cluster-1
677817e6-5a14-48cb-99aa-84158020673a,group_938_cluster-1
31c1bf4b-9964-4c03-a674-dff3d1944e94,group_939_cluster-1
d3868782-ef57-4a96-ad52-c5803fd2babd,group_939_cluster-1
1672be4e-f821-4f46-bdb8-0d97bff4b2f0,group_940_cluster-1
08571b5f-9452-4a1f-9393-3df6483541e4,group_940_cluster-1
6f80417f-4819-4407-be11-ed8f18949315,group_941_cluster-1
48d43cb7-2925-445a-a922-f334f21e05b0,group_941_cluster-1
335d7dae-8a65-4ddd-b7fb-a00745cd85cf,group_942_cluster-1
69613273-1817-47fe-a177-5d4197b35c83,group_942_cluster-1
ca80f4c8-2fcf-42d5-bdd4-e5088b07c988,group_943_cluster-1
c2e29140-d03e-41e9-92a6-e1941be9d728,group_943_cluster-1
5ea9f250-0151-42ce-9f59-3d30c86b6f25,group_943_cluster-1
562ef43a-9eb3-4c23-b679-da0fd7afea79,group_944_cluster-1
b1d38bff-681c-4d45-a321-9120bd34184f,group_944_cluster-1
c4975920-b461-49c7-8483-6545cd3e1168,group_945_cluster-1
771ea7c3-9f3d-429e-bccd-226887c06c2e,group_945_cluster-1
2ac20822-2ff1-4a1b-a470-c4cb0511893f,group_946_cluster-1
c53fbf29-8510-40c3-9597-dd87b58d57ee,group_946_cluster-1
feba2b15-d7d2-4d55-8812-061f64494708,group_947_cluster-1
250618a2-3e6a-4105-a29b-a6f16de637c9,group_947_cluster-1
d2f3aed9-9724-45ad-b2de-44d4d8ed6a7b,group_948_cluster-1
fdaed881-19c8-4312-a25a-39608505d807,group_948_cluster-1
10718c5e-800b-4f41-ade1-acd063530d50,group_949_cluster-1
db1d5496-c3a6-45cf-8bc6-b8e968f6d6b5,group_949_cluster-1
4648cdb2-ebbc-4880-8589-9a134b867f27,group_950_cluster-1
e0c663c8-2a4a-41eb-8c84-87afc939778d,group_950_cluster-1
3fcb35d8-30bb-480b-bef5-025b5637ad91,group_951_cluster-1
7f5cb80b-3e98-4ba9-9e58-253ac9df60fc,group_951_cluster-1
56857a76-2671-4dd5-b65a-24f3f6ee0cc8,group_952_cluster-1
9e5e0eac-b344-49ba-b96a-248b68e4b59a,group_952_cluster-1
79ffa7c9-ad26-407a-906e-5e52c235ce44,group_953_cluster-1
427529b0-0185-4fb7-9644-c905d128cdfd,group_953_cluster-1
b0f3c44e-e51e-47ec-a18f-b54829d79d83,group_954_cluster-1
eae76aad-9eb6-4df5-a394-a003c50dd837,group_954_cluster-1
0feb6bb5-b119-4bb4-9b78-edb14ddb7e87,group_955_cluster-1
8a1dad19-5db8-44be-b05c-3beb15c24b1d,group_955_cluster-1
e22055bb-ecac-4d2a-9c8f-65f22ba0120f,group_956_cluster-1
e0e794d4-d599-40e1-aaf3-1d6253b15ebc,group_956_cluster-1
f871168f-722d-42ee-a881-d3e7f5d79ac4,group_956_cluster-1
f2e600aa-6ed0-4453-b211-895390f83a4c,group_957_cluster-1
0fc8d405-a2ed-497f-b685-7c1bae85843f,group_957_cluster-1
f05f7d25-f2fd-4b02-bdf5-b17171ac3cc6,group_958_cluster-1
6f2afca3-ba70-497f-86d9-afaa335075b4,group_958_cluster-1
37f46699-ae83-4f5c-baa5-f0e54bb8fb27,group_959_cluster-1
26e1863a-43f7-4002-90a8-52d99e08197a,group_959_cluster-1
6a1a4742-e803-4995-ba77-cf5a766ab321,group_960_cluster-1
73fdae4f-9910-41e9-8137-76a04944fe2c,group_960_cluster-1
6156c400-f61c-4f91-a5d1-2fd3b86cb7ea,group_961_cluster-1
1631008d-6c82-48a5-a9f0-e3625269c057,group_961_cluster-1
4d5c2c80-5f11-4a35-a287-3703c4f5ab8a,group_962_cluster-1
aaf62558-4bf8-48b4-9e8f-b48b1af332e6,group_962_cluster-1
1942866e-d4c3-4214-8370-ccbd3865aeb2,group_963_cluster-1
508a34b3-cc7e-4a69-b485-07b342af1e16,group_963_cluster-1
2006f434-965c-4d33-8fdb-e041c298fdcc,group_963_cluster-1
6ec54061-f8e4-4e07-8214-34937040f6e9,group_964_cluster-1
38038fdc-c9c4-41c2-b7ff-9840601204ac,group_964_cluster-1
d9918ca8-a84e-4834-a2fb-4cf91a88ab14,group_965_cluster-1
b6f7fe0b-dfcd-480b-8974-4e299ee5b50b,group_965_cluster-1
7a6db8e7-80f2-4fa2-90c4-142f84663ba0,group_966_cluster-1
0874544b-ae77-45c6-9cfd-21351b89ecc7,group_966_cluster-1
a278366b-6313-44e8-819f-0871e7a49c0f,group_966_cluster-1
6f801cab-d7e4-40e5-b45c-6ecc4aea6d69,group_967_cluster-1
745ca425-4e36-42ff-81ed-930e41241118,group_967_cluster-1
63cf9d96-1c1c-4ad1-b940-7175e13d0c48,group_967_cluster-1
501d70fa-c5dd-4fd5-a4ad-d36c3d169a00,group_968_cluster-1
b4ebe209-3f45-46f6-b3d8-ae247774df36,group_968_cluster-1
26b4290f-63e8-4596-ad64-f5a13e95ea0b,group_969_cluster-1
dce1d3dc-e7da-4a98-9d80-765de9e93953,group_969_cluster-1
4bb1ca0e-e9ae-451c-9d24-69685c3ff2f8,group_970_cluster-1
b54d911b-2b0b-49e0-ac7f-a168c555d3fe,group_970_cluster-1
440f6514-99d4-402b-9ddc-677e7996ea47,group_970_cluster-1
7cab5bd0-384a-4ab5-91c5-89dbc20920a6,group_971_cluster-1
d7d3996c-4d53-4590-badc-cde3ed184546,group_971_cluster-1
921e6ae1-5a81-4ed4-9cc6-38f8f20c7e3b,group_972_cluster-1
a6ee9475-755f-42ee-975b-819a41dc3583,group_972_cluster-1
321dea85-9902-47d3-a3e7-2a357e668500,group_973_cluster-1
11578830-ce86-4457-b276-5b5862fa2ce6,group_973_cluster-1
601a3bd6-d208-4573-a319-9b54aed242a5,group_974_cluster-1
eea7a7d7-cc90-4dad-babe-9375b48d940d,group_974_cluster-1
84c60cce-9476-4157-9ef0-dfa7cf0a8dee,group_974_cluster-1
ba4b0663-21e1-442c-a262-4b154b2c9a7f,group_975_cluster-1
9f5509e5-6dc0-4989-921c-78d703615242,group_975_cluster-1
00b7f779-95ae-447e-93f5-5ce5fbb54c4c,group_976_cluster-1
5aed2097-466d-41d1-ad4d-c14835c299d4,group_976_cluster-1
31b29e13-980f-4531-9ae8-ca064fb0820a,group_977_cluster-1
699c323f-6f89-4934-888a-b95d5d306bd8,group_977_cluster-1
2da88de3-e3f6-4f50-8d07-890a89451319,group_978_cluster-1
fd483cf6-512a-44e7-bcc3-bece2cd722fb,group_978_cluster-1
20902af0-01c4-4127-bf05-f5e9fe0c073a,group_978_cluster-1
9102144b-2432-4af8-9045-a13e3c9a6a78,group_979_cluster-1
5925978a-3bce-4559-905d-a64bd201d66d,group_979_cluster-1
ddd86b65-be5e-4586-af7c-aa9e61dea093,group_980_cluster-1
411c7d8e-e56c-4419-94df-e75b652721cf,group_980_cluster-1
a42e8862-df7b-49da-9689-cf45bf593b68,group_981_cluster-1
ead6cfba-1910-49d7-9b53-2c599f38580d,group_981_cluster-1
aebe36f0-2579-4b3c-bd8d-26214cbfc641,group_982_cluster-1
6937a48b-8841-4483-8483-74565a1ab262,group_982_cluster-1
781f9d15-f50a-4d1b-bee7-478d6e40fd08,group_983_cluster-1
b1b4c648-c924-4d21-94a4-289ad09f9323,group_983_cluster-1
520f3827-27ee-45ec-90fc-ccde6e9190ab,group_984_cluster-1
969a13b1-4eff-4e88-983c-7cc7c2d94edd,group_984_cluster-1
8a9935b8-ba94-476d-8d4f-0916c39e8f02,group_985_cluster-1
68a6650e-bcde-497f-8748-6894a72e0439,group_985_cluster-1
5e99886c-3309-468f-85ab-3a55fcae4d0f,group_986_cluster-1
17fc0344-50ef-4a13-b637-bf9443a32253,group_986_cluster-1
12fee981-39dd-4301-8fdf-d1cacfc4fe1d,group_987_cluster-1
ef57e60b-b382-457d-93f3-654fdc10f89a,group_987_cluster-1
2c67b3eb-3915-4099-b1ff-4c3a1fba5be0,group_988_cluster-1
0ebd5f5b-ded8-47dc-b144-f4320e4f9adf,group_988_cluster-1
04efda6f-3c00-40fa-a06f-c1d85154e67c,group_989_cluster-1
d6da52c2-9a98-4d12-8600-e14ed67ee4bd,group_989_cluster-1
9e038fea-9cbf-40b1-903d-f09e7efd3c38,group_990_cluster-1
5afddd26-9ef6-454e-a8cd-fbf90f90eaa6,group_990_cluster-1
c3aba13d-b043-43a2-a0f7-6eaa7d809162,group_990_cluster-1
c1bb3d90-3961-4f84-adf9-37a09df3bdf2,group_991_cluster-1
8f486805-4262-4759-bf2a-dea8422426cd,group_991_cluster-1
dd497d78-2b8b-4cd5-9df6-e3a1db5732af,group_992_cluster-1
e0b11053-29ab-4106-97f6-b3845891c21f,group_992_cluster-1
7102780d-32e0-44f5-916a-01fa4dd73c1c,group_993_cluster-1
93d39482-2e1c-4047-9078-04c0d7ef196d,group_993_cluster-1
b97807fd-5afc-45c3-b114-616491e7569f,group_994_cluster-1
56c989e3-0e07-45df-8fcc-4f6298326493,group_994_cluster-1
7cde857e-2f07-4531-acad-1fb887ba00cf,group_994_cluster-1
8d588c11-53d4-442c-ab5d-e29ac90b7b84,group_995_cluster-1
0bd59cba-e012-4ebe-91bf-6b1f493301d2,group_995_cluster-1
b980136f-7276-42e8-b063-d4f1cc27fd69,group_996_cluster-1
8b99cb76-3601-409c-8de3-71f486879e91,group_996_cluster-1
e0c6d350-f4ca-46d0-be2a-584ae3e6a88d,group_997_cluster-1
d19f6c81-8766-481d-961f-1a56ec27a702,group_997_cluster-1
6ac82b71-8546-425f-ad38-0b501378736b,group_998_cluster-1
48813606-216b-49cf-b325-4908e9f3c1b2,group_998_cluster-1
a0dee680-d0ff-48fb-8987-1fe08c94b0e7,group_999_cluster-1
b4bf166b-f7b4-457a-b29d-6351f6e20840,group_999_cluster-1
f5c8af5a-3021-49ce-bbd1-1e794f092e14,group_1000_cluster-1
b2aea251-3e44-47ea-bb74-0fac9ea2cbb9,group_1000_cluster-1
4394deb0-7b63-4bd6-9691-8f851d5d8c4e,group_1001_cluster-1
737bc4d2-d12d-4e39-afd6-8cdba260b00d,group_1001_cluster-1
c11549b2-8104-4d4f-8c1d-244afdf0adef,group_1001_cluster-1
a9c2e14e-0c09-4730-8318-c42bcc96969f,group_1002_cluster-1
bc30ab4f-4b3b-4ec2-a15c-7d1225cce8a8,group_1002_cluster-1
f3cf35de-45b6-4c98-868f-fde57e3c08e9,group_1003_cluster-1
877e57c7-b836-4f2f-b800-b15299d93fbe,group_1003_cluster-1
23932808-d9c3-4ef6-a356-9f5adeb28ca1,group_1004_cluster-1
99a72e56-e07e-4b05-99cf-c090e329d4c1,group_1004_cluster-1
90fe588b-b55c-409e-a488-5f8a244e038c,group_1005_cluster-1
d8dacf8a-8baa-4b59-af29-05a167ba1bcc,group_1005_cluster-1
f0d257bd-6c3a-437d-8a47-b2865d97571f,group_1006_cluster-1
b06a0c30-292e-480a-aa99-06359ec9805c,group_1006_cluster-1
