mirakl_product_id,method_metadata_grouped_3
70006973-aa9f-4176-9f38-0ba2c5a1b06f,group_0_cluster-1
dcd81bf4-1605-42f0-9bd7-c7bf5b90c8fb,group_0_cluster-1
8224e8a2-32c2-4473-bb0d-267cb2d1f385,group_0_cluster-1
860dde69-ad18-4b40-87d7-5da58c3e68e3,group_0_cluster-1
fa4b6198-71e6-4076-bf18-0d3261195578,group_0_cluster-1
94a4bbe9-524f-4c1e-afc2-389fa3ce9ffa,group_0_cluster-1
22428fb4-fefc-4b24-b1dc-22b5b1fbe7cb,group_0_cluster-1
ea435d5a-c4a2-4ee4-999e-c43d9a0d5260,group_0_cluster-1
821bd36c-9b90-4e70-857c-0b5a08ae2e65,group_0_cluster-1
ca068810-2abf-4ec4-bd1c-af1c773676b3,group_0_cluster-1
cb0e92f0-fd85-44a9-ba62-e59393322442,group_0_cluster-1
d820711d-09fa-4e41-b659-3cf5d8990965,group_0_cluster-1
4ca6b4ac-fc63-4621-8503-47e16fbb4b63,group_0_cluster-1
9ec9d52f-ab31-4026-82cf-12885ce2d8ee,group_0_cluster-1
fa5b51fb-47db-4d0d-a76e-2ddb2bd3cdd2,group_0_cluster-1
10bd6177-5094-4571-92c4-847d8c375eb5,group_0_cluster-1
178c6182-fcd5-4056-b7ea-0ff40fe7d405,group_0_cluster-1
009a9510-34e0-475e-a60d-25fe85ad0223,group_0_cluster-1
8ee6c27a-5c10-4710-8bb7-f474ab114885,group_0_cluster-1
95893792-b1dd-41be-8639-0913336d5415,group_0_cluster-1
b60a5a94-0a67-4658-994e-418a576a01e4,group_0_cluster-1
50d8eb62-ee79-4d20-b60e-0fe7cb4400f3,group_0_cluster-1
b3e6ab33-554a-4e8a-b206-f1113fa8f815,group_0_cluster-1
23b55e88-cf94-4d50-95cc-4c443cdc945d,group_0_cluster-1
5048e607-a30d-407e-a40b-c0a359521674,group_0_cluster-1
1b8a9056-c74e-4824-be00-ba30f4a506a4,group_0_cluster-1
f49bd6c1-3de1-4cbc-94a4-9aaf9211ba53,group_0_cluster-1
f7e0d3c3-e4f8-42a5-9868-15f8c4d6e140,group_0_cluster-1
5d70c348-2a68-49c3-853f-2629debce94f,group_0_cluster-1
1dffd416-ac8e-43e7-aaf2-99a6b5e2d005,group_0_cluster-1
8285ac29-bd4d-4fa0-aecf-732ad4a50866,group_0_cluster-1
ee481d4e-2227-4953-9ac7-1c30e74091d6,group_0_cluster-1
0ed3e73a-f255-4932-9afa-98184cbf0dc6,group_0_cluster-1
60b07ac1-f315-4249-8259-43fdd2a00ea9,group_0_cluster-1
e7f06428-a260-4ddc-a524-9fe03a23e07a,group_0_cluster-1
1ea7e06b-5d94-4377-a316-53e05c54c920,group_0_cluster-1
06a8a4c7-0e04-4505-b687-e63d6b489a51,group_0_cluster-1
a83a8fca-d33a-42a2-ae6e-6bcec68271c2,group_0_cluster-1
3ed13f77-f0d4-4965-bbbb-265effda0a2b,group_0_cluster-1
c2f63de3-a93c-4233-aa5a-1a6334402c32,group_0_cluster-1
8501ed9e-8216-4e4a-b07e-fe93e2a40d61,group_0_cluster-1
45cf4a5a-d310-4438-8d98-c3ce3bcc9600,group_0_cluster-1
320dac06-ef10-4698-a3de-47722766f866,group_0_cluster-1
f35afddd-061b-47c1-83f8-90c3e6055f08,group_0_cluster-1
7aba2ec0-ca81-41c8-818f-cf70389672a7,group_0_cluster-1
0a994c3c-cde7-4f15-aadd-0b34f93da584,group_0_cluster-1
374bf6b6-c957-4ef2-91d8-f8c36092ffd9,group_0_cluster-1
8bf329ab-a7af-4f59-8dcd-e59bb52bdbc1,group_0_cluster-1
074c1cfb-96c1-4079-b309-0b543b3128e8,group_0_cluster-1
382fa806-1837-4833-add5-45c05bb507d9,group_0_cluster-1
a3d779f7-7679-4a4f-b46c-b34c013984b3,group_0_cluster-1
75d6ec23-37c7-4a74-bbe5-0e8182f2a58a,group_0_cluster-1
27de5bd0-96ba-4f59-b879-33aab7cbbd37,group_0_cluster-1
40547101-4f3a-4a2b-b00c-6cc218ad3cd5,group_0_cluster-1
760c3aff-5d77-4a69-bfa2-703bab439ada,group_0_cluster-1
bcc0112c-67ed-4e6e-a2c8-a1946d3c175a,group_0_cluster-1
5a5192af-5840-4708-a5d1-3e01bbbe6aef,group_0_cluster-1
5b32f47f-fde6-4ee0-9af3-62701d361fce,group_0_cluster-1
578d8197-6eca-448b-9e39-fa2e6915d620,group_0_cluster-1
86227cae-235f-4f38-a6b0-0ad1aaa48313,group_0_cluster-1
0521a583-cff0-4de2-8176-80c8d6b7207c,group_0_cluster-1
59191964-1b13-4c03-b100-af7335965c39,group_0_cluster-1
489a5800-fc65-4a11-aa81-36d4048ec021,group_0_cluster-1
adb42918-9664-4f34-913f-617651312591,group_0_cluster-1
c522a8b6-7944-4378-973c-1680524cd47d,group_0_cluster-1
f6f09d6b-3351-4f46-8261-e75b61798b8d,group_0_cluster-1
4556a400-fae7-4311-886e-921c33ef2c4f,group_0_cluster-1
dca817b0-5fa9-41f7-9009-53f0d9ce39d5,group_0_cluster-1
e5e90bc1-8cab-42bf-a65b-4d75c1ff8bf8,group_0_cluster-1
8ac232d4-0542-4a17-9631-8fecdc82bb65,group_0_cluster-1
0c257bec-1622-4268-b064-2f6cd7f755ce,group_0_cluster-1
3846c986-d025-42df-b7a0-8813b2d401ec,group_0_cluster-1
cf032380-e83a-425e-a412-40620da27d83,group_0_cluster-1
6d367845-49e4-4dcb-bcd7-8370b212287f,group_0_cluster-1
10d494bc-b0df-46a6-810c-cb5cd30997ff,group_0_cluster-1
ee860f43-8ebb-448d-a53a-9d5c6b988fd3,group_0_cluster-1
87ae819d-81ee-46f0-bd9d-91b4c55e786c,group_0_cluster-1
564d325b-8956-4c2e-9975-6ee933d7dc6f,group_0_cluster-1
f1e3726b-4379-46b7-a0fe-7ace6bccd51c,group_0_cluster-1
662a3ab6-3f51-4813-88e5-48fb7b70dfd7,group_0_cluster-1
a7ff47ff-fa0c-4a6f-a8de-d5f182176f10,group_0_cluster-1
bac57ce4-9def-41f6-a08e-0b238caed7cb,group_0_cluster-1
1dda91fd-636a-4832-90a3-1d25b644a621,group_0_cluster-1
31c16874-61f3-4dfd-bd9f-fe0c110fcf2b,group_0_cluster-1
6d4b4bfa-268a-4a64-b9cf-78a145a43ce7,group_0_cluster-1
1f7133c6-3cde-4228-88e3-0a378e592e80,group_0_cluster-1
bee2621e-ee18-433a-9964-052702682532,group_0_cluster-1
4888b0f7-07fd-4fd3-a55f-cb9dab44ab65,group_0_cluster-1
5b0480c8-9e1b-478f-9e1b-7b15aea3d083,group_0_cluster-1
d1e66ce7-e109-4c15-9228-9d70b0f68603,group_0_cluster-1
55965d05-08db-4ca4-b85a-7923797bf49d,group_0_cluster-1
240520d0-a15a-4689-874e-3a5ef70c5a6f,group_0_cluster-1
c9e0e4c5-0307-47ce-a90e-6e253026ea18,group_0_cluster-1
fc2e48f1-522b-4c45-92be-daf9897d769b,group_0_cluster-1
07c58243-8a5c-41ab-bec3-2af14d4535ad,group_0_cluster-1
29ebb835-cffe-4d69-8c0e-fb668811ef3a,group_0_cluster-1
78841eff-a5c3-43a4-b536-5d6e90254174,group_0_cluster-1
d97f2d26-ef8e-40ed-9347-178a5fcabeb2,group_0_cluster-1
1f101ff6-07e4-46a4-bb8a-a268a716e95c,group_0_cluster-1
57a54f1a-f8c2-4ea1-b602-718e64120bd6,group_0_cluster-1
dd6390e8-f7f8-4586-89a4-fc3e082ddffc,group_0_cluster-1
1851cc2a-ef74-445d-94b6-f4cedd738b34,group_0_cluster-1
96833eac-77de-4991-9e98-104473d52a1f,group_0_cluster-1
c7252fe0-5716-44ab-9372-a82e7f215696,group_0_cluster-1
c92049bd-da6d-44c4-b8d1-348858c04426,group_0_cluster-1
ca4f6bb8-3eed-4892-9353-06a340c77712,group_0_cluster-1
959bd3c3-8a6a-43af-a1be-cd892bf454ed,group_0_cluster-1
1c105d75-d8a3-495f-9719-7cb0cc9a158d,group_0_cluster-1
4085ddbd-6ed3-46ff-a08e-88fe6c2fee45,group_0_cluster-1
95e8c278-2b36-4855-a007-8e2b246ac601,group_0_cluster-1
da764619-af38-4163-9936-2fc045b7c71f,group_0_cluster-1
efb88c97-ad7f-47dd-b694-62d5df982717,group_0_cluster-1
e08179de-58aa-4d1a-adca-0bd180e4257e,group_0_cluster-1
a55a334e-3808-4202-8af6-c027d00d034a,group_0_cluster-1
d415f58e-c153-4dab-a919-267876bfbd16,group_0_cluster-1
901969c1-efce-49ea-8507-1ce23115754c,group_0_cluster-1
ac7280c3-cec6-41fe-8828-da5f3e2ebb4e,group_0_cluster-1
8a0e2d52-c818-41c3-a60b-fd48fa74d4a1,group_0_cluster-1
ae96c656-cf72-44ce-9238-3af37c428def,group_0_cluster-1
63bbafa5-1ebf-49f2-9c27-d91c82dced62,group_0_cluster-1
9d91b39d-e79b-4b12-8ce8-cac47b127a1d,group_0_cluster-1
06a6287d-1989-4ad7-b40a-9a45309de9c1,group_0_cluster-1
1588a19c-e006-4752-8966-3a358c89c17c,group_0_cluster-1
ec11033e-e9bd-4221-86a6-218eb0fef515,group_0_cluster-1
2eec821b-fabd-4420-9f62-efedf4deb164,group_0_cluster-1
b3cd01c8-051f-4be3-95b5-df0f17c66ac9,group_0_cluster-1
dcd0c4d9-ae4c-4ddb-a030-a374502f8e2a,group_0_cluster-1
190dc2c6-65fd-4970-86f5-d2c00b7a0d1f,group_0_cluster-1
7ecfe8d1-5c90-443d-a5ae-8529cb8d70e6,group_0_cluster-1
1bc9004b-b98a-420a-9334-9185bd43decc,group_0_cluster-1
0f75c9d8-437b-47f9-b91e-2c998bf32815,group_0_cluster-1
359a5c70-0a54-4cd2-9df7-0b840c131e11,group_0_cluster-1
7c62fda4-486c-4861-b253-29cb18e402ba,group_0_cluster-1
331ed23d-50eb-4a38-95dd-e69b27280bcd,group_0_cluster-1
68090a82-8af0-402a-83a4-633523e24c5f,group_0_cluster-1
ba0032f6-9abb-4c89-bb8e-498ea451c3f5,group_0_cluster-1
8fa4cedc-844c-489e-aea6-86f17e00e31b,group_0_cluster-1
7419f475-4f74-43ca-85bb-8f181d5dca50,group_0_cluster-1
e0175b93-49db-4ee8-8b53-64deef215538,group_0_cluster-1
498c30af-becf-4e20-9a9d-278f85dd0094,group_0_cluster-1
888d64d5-358a-41ac-9442-d18048cebcc6,group_0_cluster-1
724328d1-1370-4a18-a560-b154ef27d0c5,group_0_cluster-1
397251d1-fecd-4e10-aaf5-161dad02260e,group_0_cluster-1
e0f7e5e2-1510-4992-98b4-e4e3f04ed9a1,group_0_cluster-1
e0c90047-7cb5-427d-abdf-5707d9d3f2f4,group_0_cluster-1
89301c4f-1e25-42bc-859d-64ae11f52bc1,group_0_cluster-1
491f0f71-6035-4575-9b75-893db18421d3,group_0_cluster-1
500fa1ea-c4e3-4f46-ad9b-78ceed599287,group_0_cluster-1
f9c07b9a-bdb4-451c-8e55-3b514355e0d4,group_0_cluster-1
f92c3064-34f2-4590-9deb-95f981565808,group_0_cluster-1
1216504a-7f5c-4cf0-aca6-29e1cfb3a84b,group_0_cluster-1
05933bbc-88d9-464d-a364-0bd73e17c021,group_0_cluster-1
c2ababda-94ad-477f-8c69-d6b5a2923c92,group_0_cluster-1
747cbe1b-a7ed-4ab8-bf22-2f92a43d2703,group_0_cluster-1
099ff616-99cb-4979-9ebd-a3318e802577,group_0_cluster-1
95b2e99f-557b-40f6-a539-74d153c0478a,group_0_cluster-1
9158ea08-a2a7-43bd-a84a-4eedf5440368,group_0_cluster-1
3fd0dc21-cba4-40ec-8976-cfdf2862335c,group_0_cluster-1
01ea6f77-4a31-427c-8bac-325151bdff8a,group_0_cluster-1
f1685590-ed67-4d11-9766-7277f4a8619d,group_0_cluster-1
f2b25a40-5f9f-4cbc-92ec-a496471d1bbd,group_0_cluster-1
29eb331a-cf0f-4605-b238-67d8fe078ffa,group_0_cluster-1
3afceee7-605b-4be5-bcad-cf60f2318c62,group_0_cluster-1
fe36f093-a23d-4f25-9535-e9eba04e4a25,group_0_cluster-1
f87e77de-5d24-42dd-94f9-4ef8fc849b25,group_0_cluster-1
ae190fe2-f6de-48ef-b1bd-6dcdbe98db1a,group_0_cluster-1
bc31b02c-713c-4e97-a536-80fe4700bbd6,group_0_cluster-1
c32b7363-456f-4d67-b8f9-411d5ce8caaa,group_0_cluster-1
acd2c538-ebbe-4dfd-91f2-ebc99b0cc8a8,group_0_cluster-1
b4c44558-0846-4bd9-a85a-ab74919a6ca1,group_0_cluster-1
b555493f-83a0-48b2-a359-960383b7b93e,group_0_cluster-1
36d7bbea-e92f-425a-a63b-72a91d622968,group_0_cluster-1
74e1424e-483f-4b61-9a9d-960fcf6dc716,group_0_cluster-1
daa48e92-1463-4e1f-a8f8-dcd029055087,group_0_cluster-1
8b7f37a9-70cd-44ab-adf6-eb64ff204ff7,group_0_cluster-1
75b855e9-d122-4bab-9845-fb720ffd3f1b,group_0_cluster-1
039e2ab7-cde9-4a62-bc3a-5170597302e2,group_0_cluster-1
5daea73a-86ea-4f33-8c6c-8c41bb00d4c4,group_0_cluster-1
695cafee-83ae-4aa5-acbd-da860a3de4c7,group_0_cluster-1
9e0de679-9d35-4321-9f09-e492a82bdf85,group_0_cluster-1
bd972308-ec14-4881-9063-42b3644a564d,group_0_cluster-1
7a6868f7-19c2-43fa-8291-5c2a8ac0d82a,group_0_cluster-1
a563dd61-25dd-4203-90d4-b2a1029f79f7,group_0_cluster-1
1f7ca44c-cb9e-41e6-a6c0-0ee5f263e897,group_0_cluster-1
e72c53ba-2b2c-4070-ae51-d4cccaf89578,group_0_cluster-1
31caf672-9f0c-45b7-9802-990c47ee4d20,group_0_cluster-1
51f9f1b5-3b0a-4589-abc2-6c6e641d20c2,group_0_cluster-1
c30f2949-6162-40ef-b089-2646585d15ec,group_0_cluster-1
e7df8e97-1dac-48bb-87a0-95f1b7fd9516,group_0_cluster-1
5be271f4-3300-4f80-b6f3-9526e435a53d,group_0_cluster-1
07b8ff2f-8b3d-441a-8aec-083e8fc315e7,group_0_cluster-1
1b98fe37-d270-4d5a-96e0-fa8b7787ec4b,group_0_cluster-1
dbac9f26-d241-416e-9ea9-7e3986dff804,group_0_cluster-1
53e38805-4890-4b17-b975-13960e0cfd3a,group_0_cluster-1
3ab04502-4aff-44af-9e6d-0b74ac3df893,group_0_cluster-1
01be6165-dd9a-4e82-acc6-8339705eed34,group_0_cluster-1
449da749-a780-4137-96d3-a63b7a5828d1,group_0_cluster-1
7cbfd6f5-1614-4c44-acca-af8b2c91c268,group_0_cluster-1
5b09c704-b6ed-4b33-8a35-973b19293208,group_0_cluster-1
eeebee45-3e3b-4070-8f43-27f7338e3e57,group_0_cluster-1
40510e0a-4c3b-4904-a7f7-8b049cf51ae4,group_0_cluster-1
0ad05fa0-bcae-4119-83ea-b6d223c284b3,group_0_cluster-1
12bdaa1d-378c-45d6-bc4b-2cbead8e5064,group_0_cluster-1
19a19ca6-a069-4fee-89d3-cafb6ddb8c8c,group_0_cluster-1
2d5a5ac2-dd62-4228-9c61-1ec7e24422a7,group_0_cluster-1
e85b48fb-f680-49a4-a46b-92dd11c6ba3d,group_0_cluster-1
d81cbea0-ac39-4ca3-a27b-7083c7b5d873,group_0_cluster-1
7aaccd4c-e74a-4f73-b53f-4ea76f10e260,group_0_cluster-1
e94c19ab-5cab-4f65-9013-f7fb269784ae,group_0_cluster-1
0bae4fdf-b178-4939-89a1-cb3f2d0081fa,group_0_cluster-1
c79627e3-a719-45ca-99e5-6049880d167c,group_0_cluster-1
4a6ac433-a98f-4328-af07-98e08ac99315,group_0_cluster-1
b0d384d6-0109-461e-9562-9e748a8df405,group_0_cluster62
75f21a2e-9b98-48c0-80ea-4182bae15d36,group_0_cluster62
bcf8e49a-262a-4ed0-81d0-6cf78fab2e87,group_0_cluster62
5763b649-f5b5-4e5f-b38b-4fb8768beb87,group_0_cluster70
7542a84c-8c77-4cc3-a7a2-0e7a78023e39,group_0_cluster70
c83f3439-db0c-4bfc-9234-770e2c65a6e9,group_0_cluster70
71dd34dd-09d2-4b02-ac59-429337f673b9,group_0_cluster70
6a7e87d7-9adf-458b-a1c8-ad25367c67ff,group_0_cluster0
5be694b7-8156-44e5-9084-78939341ab42,group_0_cluster0
22742bec-18e9-45f3-8dde-31a8df489e77,group_0_cluster0
629a5a66-aeb0-4f31-a6fb-cd215f688363,group_0_cluster0
ccf76ad6-da1f-4705-a9d4-a00dd6804c5e,group_0_cluster0
ceff7079-a7a2-4880-8f69-9cafb800cf7e,group_0_cluster0
484e6b8b-e3ba-46b8-891e-cb000547703a,group_0_cluster0
a40bc608-5fda-4988-b2e0-a3c172a0dcf2,group_0_cluster36
04c5c12d-0394-4f2f-a73f-b9baad2cee9a,group_0_cluster36
578c9c3b-8f73-4c9c-9d37-0b43b4a8873c,group_0_cluster36
0a3175aa-d27e-44b9-9d86-2207a36dd0ad,group_0_cluster36
4884f58b-f084-46cb-b776-d2300246fa80,group_0_cluster36
ab2f008d-e40f-47ec-a809-922cbd2b306a,group_0_cluster53
605245e1-2bd9-41e8-8fae-915d6098959f,group_0_cluster53
1a9ed883-91ae-40a4-9439-395f970bc785,group_0_cluster53
beeb6c80-55aa-4cef-9db6-cdba60644e48,group_0_cluster53
aab14fd9-c07b-4043-b9b1-078898c7db7a,group_0_cluster42
3b683b7b-16b1-42a4-b9d9-d2156a9bf5ae,group_0_cluster42
6d0bec7a-4f2f-4c88-a568-3b2fcfa86308,group_0_cluster54
12672b36-789c-40ca-a988-98e268b6561b,group_0_cluster54
cd211785-0b44-493a-bd7b-ea94ef88b1d4,group_0_cluster54
b9db0b73-2ca6-4692-bd78-66d63e0af877,group_0_cluster54
fd74430a-ce4e-4202-8996-4c94bfadff19,group_0_cluster54
7546c9b1-54fc-403f-ab83-d9c8d8590114,group_0_cluster23
49870ba4-ec37-4e57-82dd-3ad95539da7e,group_0_cluster23
183327ab-a979-464a-b32f-93c226a77f43,group_0_cluster23
06d5f50c-8ca3-4fb7-9b56-8ec1e5b21fcd,group_0_cluster23
cbfeacc0-db8a-4c39-b779-61d293332c41,group_0_cluster23
5990b26a-4486-491e-9efe-fe08b858d453,group_0_cluster23
f17c453f-eaf1-4e69-a848-2c92c1f4aaa8,group_0_cluster23
766b28c9-99af-43fa-9ae8-c3cf8e827452,group_0_cluster23
0e1025fa-6460-4767-acb3-a9b5be14e6ab,group_0_cluster12
fbd4127c-c3ca-4797-ace0-fc29292ea8ef,group_0_cluster12
67f24736-8776-43ac-896a-d462d9f3ba40,group_0_cluster12
e9f7a537-f46b-4590-b945-2a30a8e42496,group_0_cluster12
ca9768df-2f91-4c74-90fa-485660420b00,group_0_cluster12
354f961f-703d-4b36-8452-56bfb057cd25,group_0_cluster12
083482ee-cd52-4f5d-afed-77c55f7325b2,group_0_cluster12
a597a0e1-dd97-4966-9d67-05ed27513d89,group_0_cluster28
cde9d0b1-ec78-46a9-b6c8-344d0ae87454,group_0_cluster28
ce0bf583-946a-4773-bef5-db7f57d355ec,group_0_cluster28
d6e3bc0b-7262-4bbd-b88f-0296003fc6fb,group_0_cluster3
6c3152fe-fdbb-41f0-af53-ce808d82d3ff,group_0_cluster3
d19798a6-3f14-4b3e-94fd-c1cac4ce6ff3,group_0_cluster3
9fe1429e-ccf7-4912-bbcf-e02858209465,group_0_cluster3
a6be76ea-91c6-423c-a39b-53397255ffd9,group_0_cluster34
ceea4fbf-e56f-4b10-ad1e-caf81ee7bd58,group_0_cluster34
56b2efd6-9977-4bd2-95d3-b321c6ecab13,group_0_cluster34
2e0dcaab-ceb9-4e11-b08a-b626d4459830,group_0_cluster34
1d41ddc0-3c5a-4ed8-a8e1-ab12cdc49955,group_0_cluster34
73d5a8ff-a62c-446b-adb3-83571ea03236,group_0_cluster34
dee64c73-1069-4d5d-b15b-10897fcc4742,group_0_cluster63
b760943a-58e5-4b75-8083-dea1843ee2ad,group_0_cluster63
1efd970a-47be-4971-b489-2c975d947599,group_0_cluster63
b049ce33-96ac-4c53-8437-7d9a50585ebc,group_0_cluster63
244bc27e-0ec4-490f-9aa8-d41bb7309ba2,group_0_cluster63
5f3422f9-add2-4082-9d2c-8ac7dca6186f,group_0_cluster63
c7a44bea-e462-4c56-99d5-e10d4cbb7330,group_0_cluster63
869582b7-95b2-4258-9e0b-fdd30f097295,group_0_cluster63
2a433c74-4403-4632-b1c6-74efda6ab7a9,group_0_cluster63
e15ad12c-d1fe-4dea-b550-734bc42397a2,group_0_cluster58
3aa2dc53-d0f1-47e8-a7e9-0be671ab67f2,group_0_cluster58
5fd23e65-de70-4da3-9ab7-02298d84b5eb,group_0_cluster58
7cdc5066-38d1-4c66-8cfa-1992a1f18f2b,group_0_cluster58
2965f5e3-8f3d-4a2c-b232-1b7783f9fe64,group_0_cluster49
22f672f4-d0d5-46e3-9fcc-661d3a55a6b3,group_0_cluster49
0ac2b1da-9701-4c64-875c-c8edd7f2fc78,group_0_cluster49
531023eb-3928-48a1-a503-83700fd2f8f3,group_0_cluster49
36481613-02e4-4ed6-bf0c-14853fb8141a,group_0_cluster9
d3ca7f5d-fb00-41a0-826a-13d8818cebe8,group_0_cluster9
92725f7f-5a56-46ca-91a2-0b6de5815c43,group_0_cluster9
a559d9f3-8b55-4264-b074-8279eff16349,group_0_cluster9
b78034cd-66f5-4608-935b-e222244d70ca,group_0_cluster9
7cbddd16-8b4f-4831-81a2-8f03ba93b394,group_0_cluster9
231deb3b-d017-4599-ae06-63860f13e96f,group_0_cluster9
e3cc7a4f-5ef4-486a-8861-11ffe144a17b,group_0_cluster52
9e783da4-2508-4676-8cb9-92aff234e06e,group_0_cluster52
e3b39235-e234-4cb1-ac8b-7f9d9996591d,group_0_cluster52
83f6ad65-829c-4010-a0ab-ad09339820e5,group_0_cluster52
e666cf10-4056-4485-b4c7-39a2e2997bd4,group_0_cluster52
29784a11-5c04-4440-b04b-328ac6edd4db,group_0_cluster52
acb2c920-777e-4817-a448-8a442a745d73,group_0_cluster52
e750a1a3-608e-4962-b79f-ab20b33a6689,group_0_cluster52
378f8e52-c7b4-417c-9397-13b29a82afdc,group_0_cluster50
471d9cd6-c35a-40b6-982f-5d51abf927ad,group_0_cluster50
629d9308-a7f8-49d6-b42a-7e6f031046d2,group_0_cluster13
b283610d-b3f1-4648-b486-e62af2cd0e16,group_0_cluster13
666e2021-278f-4640-aa38-0bfea9234862,group_0_cluster13
27d685bb-0957-40b1-8198-81c9119c4d09,group_0_cluster68
878bc104-42a4-4475-9401-b20b4626d520,group_0_cluster68
c23b06dd-e057-4dc1-92cc-dff45811b0b0,group_0_cluster68
df0cec77-4609-46ec-8030-2e03c3c661a3,group_0_cluster68
cb2c377e-9fcc-46b6-9f68-8f2e57b23ebe,group_0_cluster68
649fbaa7-e4d4-420d-b191-c009aed616c3,group_0_cluster68
5374b1d2-ac92-407e-ac97-d6d54c9b8415,group_0_cluster68
8914c198-46e7-4d65-8c96-58426b3a961a,group_0_cluster41
7df3b3c6-b4b0-4289-8f9f-4ecd8df845c6,group_0_cluster41
dc602605-c5a7-4c2a-afa9-7a468174c8e6,group_0_cluster41
ce630b24-30b2-41df-82bc-ff03e55f3659,group_0_cluster41
7a043951-1cb4-431f-8d2a-c8b30ed07a79,group_0_cluster29
1565428b-0646-4793-916e-7ea5ee6ded9f,group_0_cluster29
800f5c3e-9c8a-4b8b-abe2-87ad15ff6816,group_0_cluster29
047f8dba-b4d4-4f6c-bd59-622d79073779,group_0_cluster29
6b5cd971-61a5-4fbe-a52d-8ce592a9e866,group_0_cluster29
afdcb1df-fe7e-485a-96c4-fec3d707f96d,group_0_cluster1
a12f44e7-d71c-48ac-8c78-28b5bd958881,group_0_cluster1
f9782376-a616-481c-8790-e8dc30552021,group_0_cluster1
260d3faf-ca00-4dbc-8846-7bc0899c32a0,group_0_cluster1
4a34daad-876b-43b2-a8e5-1775d584ae26,group_0_cluster1
a7dabbc4-cc10-459a-b94e-f5464e6b0475,group_0_cluster1
412d4de0-e917-4985-92d8-cdd86549c50c,group_0_cluster1
db5c6162-8087-4ab8-b469-87b521efbdbf,group_0_cluster73
61a0a16d-4984-4e98-8974-41548b3967a7,group_0_cluster73
4a1bc383-e296-47f6-9bcc-7a09cc41ec46,group_0_cluster73
9650de27-e88a-4793-a81b-061c6979d9a1,group_0_cluster73
6b2ede4f-b1d4-49d4-bb56-5858157f6535,group_0_cluster73
5317b679-4244-46c6-985a-97ad94e04b24,group_0_cluster56
5d67b336-1ec0-4af3-9c7a-ed461ac82de1,group_0_cluster56
a7ca9f76-10aa-4e00-b274-0126ee8a23c6,group_0_cluster56
14541bad-1ae1-463f-83bf-94047e6e1218,group_0_cluster56
a0722cdf-f68c-4c86-9760-f9209958f6a8,group_0_cluster56
4cb8de5b-e68b-4b5a-8b8f-f1c6d02543c8,group_0_cluster18
43144cee-27c4-4ada-9248-c37ce74d48bf,group_0_cluster18
7c15911c-55b5-412f-a1a6-62ae329809b7,group_0_cluster18
09abb464-2df1-4d4b-b065-a753e2b2c3e7,group_0_cluster18
8a6565ec-58b5-4ce1-9708-20585f6a2fe2,group_0_cluster38
912ecd25-64e9-47da-addd-98683fb052ab,group_0_cluster38
01d8e14e-a083-4f1c-be4d-76ed8d15b6e4,group_0_cluster38
a04ab051-1fd2-420a-81fc-8e580d13f0af,group_0_cluster38
44c56117-9ae2-4a6e-8d07-d567884d56ae,group_0_cluster38
356da2f7-2701-4237-aa27-b4bd3cf65e1d,group_0_cluster38
f9dbd606-9ae1-4595-911f-6a7fdf94e45c,group_0_cluster8
3e60fb3e-a450-4cbc-a40e-d32edcad91fa,group_0_cluster8
0779b9dc-507d-46e7-aefa-405024557134,group_0_cluster8
ced44a10-9f71-4b26-98b5-40c7744ef1c3,group_0_cluster8
febe3b25-f6aa-4ff2-a3d7-3a63ce2f2263,group_0_cluster8
8b0ddd00-0563-41b5-a0a4-b854341150cc,group_0_cluster8
1bc2057f-4577-4db3-9dcc-435ccc390f79,group_0_cluster8
ced14179-d62f-4ff3-b8ac-335114f40193,group_0_cluster8
adc2b13b-b255-4a41-bb8d-24fa6b386212,group_0_cluster66
3cb528ac-aa99-483d-bfd0-1dddbb81ed21,group_0_cluster66
aa46ae6b-b805-400a-bc90-dde6454656d2,group_0_cluster66
a43252ac-ad4b-4980-82cb-c84be9562d7c,group_0_cluster66
b8c7a2f8-e241-4a7c-a940-57aa43d2b6dc,group_0_cluster66
46dfb065-f962-476d-9ab5-75a6aa4fc71b,group_0_cluster66
5912742a-c14d-4b92-a43a-87f001e826d8,group_0_cluster66
76a4bdd1-8586-4c87-a89a-c84dfe18396f,group_0_cluster66
de7ac180-a230-41e5-bc5a-64b5b0233b70,group_0_cluster22
aa5624e5-a776-4e33-a2ef-41b59a33069e,group_0_cluster22
0787bef0-6078-4ce0-b05a-f8ce78038bd7,group_0_cluster22
24ded340-3f98-439d-baad-3acd1369a060,group_0_cluster22
f694148c-d31c-415b-8ed5-0d52765a5ec7,group_0_cluster39
91bb6ca0-b610-46f7-af36-28ccd38ac901,group_0_cluster39
e53325c0-8a73-4feb-91bc-9bc9c556e680,group_0_cluster39
db91b959-1798-497e-a9fa-011192ed468d,group_0_cluster7
c2ef2ce4-6408-48ef-951e-145cf79c5568,group_0_cluster7
948d74cb-8a6e-4174-ad51-bcd9d2b008f0,group_0_cluster7
b70870ea-4255-4539-91e7-81a5b037f7fd,group_0_cluster7
6e6306b3-26fe-48af-902a-bf895d46c98a,group_0_cluster7
8a3d5ce0-e71c-4f50-bffb-b6394f6765f1,group_0_cluster51
88dc93c9-5b9a-4c0a-a958-ca1f9db99afe,group_0_cluster51
7b16af52-cfbc-4305-8c70-983972f69987,group_0_cluster51
0ece9b8c-5e3c-4cd0-b741-0665ea3ad211,group_0_cluster51
87bca54e-a668-4c76-81b8-cc33e59dafbd,group_0_cluster16
39e51600-2f3b-4e77-8a4b-bf56cc8accd1,group_0_cluster16
f35e55b2-8dff-4c71-b484-2c10bfbd6b45,group_0_cluster16
01e1c436-0dcb-4062-b440-98d14b83babc,group_0_cluster16
a54e92b5-043f-4fa1-a00a-5521e818f983,group_0_cluster16
6e919d1b-d7e7-4edb-88d9-4aa6f3e30871,group_0_cluster16
c0ba6999-82f6-49ca-968f-bd020ad5e994,group_0_cluster16
b6900e2b-6017-44e4-8ad7-73a1a2797202,group_0_cluster16
325deef5-1787-422a-93be-7b8a5070ee7f,group_0_cluster57
fbbf320f-8e1a-4bb8-b96b-8ed408c68d05,group_0_cluster57
88bba0af-a78b-48bb-a126-2fb0fad188af,group_0_cluster57
49992111-04af-46e7-8021-34860c925c27,group_0_cluster57
d10e5cee-b33f-44d4-bee5-f5519eba0c8e,group_0_cluster64
1ee7323a-9e2b-48d8-8719-5f53174dbf78,group_0_cluster64
7b280933-5c58-41a1-94fe-56a0f91b793c,group_0_cluster64
3ab2530c-5451-4015-a6cc-39536d2b6ec9,group_0_cluster64
aa436f7b-6d33-4edb-9210-c42b559df012,group_0_cluster64
29a12d01-a379-40ba-85c7-a9a8d1bcf85d,group_0_cluster40
74697680-f45b-42e2-ace8-8b74a6b1ea70,group_0_cluster40
34ab3369-aef1-4a6b-a250-649096f69615,group_0_cluster40
5a1abf0d-6586-432b-be6d-198b059ef20f,group_0_cluster14
70c93f62-29b7-404f-9850-0c621415ebef,group_0_cluster14
59abaab2-18d4-4be7-8b64-0755ffc06d52,group_0_cluster14
9d64c131-09cc-4a5d-a1ac-9000bf49801e,group_0_cluster14
65ed977e-4b9a-4416-8d59-3a458566d1a4,group_0_cluster14
787cd2d8-aff1-4c39-97f4-560b31f10ce0,group_0_cluster14
ae1af033-8de2-42d7-81d5-187d6fb2c915,group_0_cluster14
b6cf9b1b-5009-46b5-8f2a-b402b89d50f4,group_0_cluster14
425e022f-f64e-4034-a69d-a3e53d652040,group_0_cluster14
aef4f22b-9ec5-4ca4-94ef-56df0060c611,group_0_cluster48
92f60ffe-a990-4281-a8d5-3387d87dec2c,group_0_cluster48
5d58a2fe-1124-4ea6-9069-24fb435c3ed1,group_0_cluster74
d59833e0-6107-4243-a059-4e57ef72c7bb,group_0_cluster74
604015b6-e6aa-4ad6-a704-335c30978152,group_0_cluster74
ad0e79b2-0e34-46cd-9223-d908a9a6e461,group_0_cluster74
5157df81-7ffd-44af-a143-726b9c41dbd5,group_0_cluster72
4f2a1e5c-5366-42ab-bcdd-b6c37ae961cf,group_0_cluster72
4a1858fa-cf49-4d7a-be56-9944ee4d582f,group_0_cluster72
67528174-5e7b-4468-a101-78b260ff0250,group_0_cluster72
32bc0486-5c9a-48ec-ab06-f34e290bc6d6,group_0_cluster30
b937af75-5518-4b6b-a0fa-badfa8303b2c,group_0_cluster30
20831a6f-e12b-46a3-98b0-871f2f4f2923,group_0_cluster30
93fcc5a6-29cf-48d7-aab5-1a831018ce5f,group_0_cluster30
5b220791-ec91-4d0d-bf7d-37e6bb7bf3b1,group_0_cluster59
f3109c40-fa13-4491-a3f0-357c924e9e5b,group_0_cluster59
d1cf1cfb-2dd7-4556-a678-105cbe79cb4a,group_0_cluster59
65bab23e-8782-4e73-ae49-ec57182122a6,group_0_cluster6
43723eec-6e21-408f-a505-f7d89ed3e08b,group_0_cluster6
63336a82-575f-4bd5-8777-3b05887b5809,group_0_cluster6
525026d2-884d-485f-80e4-562a97de7785,group_0_cluster6
0c2f0911-93f0-4850-8b59-afecc80ae809,group_0_cluster45
0a226d1a-1a02-4d85-8f27-2b468ee2c50f,group_0_cluster45
d7359dc0-e26c-4e1c-9cc2-726c0b3b463c,group_0_cluster45
425abc9a-a979-440f-a0c8-6299a62cd8aa,group_0_cluster45
266fdee5-d5c8-4f30-884a-aa7ad4c1497e,group_0_cluster45
3715eebe-5d4e-47c4-b6b1-d31ec326a75d,group_0_cluster33
e628ceae-bc0f-44e0-9469-7e3c1dfa8a5a,group_0_cluster33
ed5ba828-9012-4845-9d80-9a7acce5eb7e,group_0_cluster33
d00d53f3-29de-4242-9638-311530ef3a8d,group_0_cluster33
5eddbef1-72a2-4f35-8f8d-ef8bd2b7e513,group_0_cluster33
940ca796-c54b-418b-9984-f05593f698e8,group_0_cluster33
aeebaf0c-360c-4083-b947-277e65ffc1af,group_0_cluster33
106ed065-9683-4b6c-a79a-a34c869c07f7,group_0_cluster37
0c4c141b-5168-4c98-8eb3-5a17a04c3379,group_0_cluster37
0db89efc-2eae-44c0-bba9-552759dd39a8,group_0_cluster37
5c099d31-e750-40f9-a71f-2ad11f58de77,group_0_cluster47
6d4c0d2b-947c-4390-87e5-2a2167e38906,group_0_cluster47
a809622c-b12f-4462-a247-f317ea1f8864,group_0_cluster47
f9d2961e-07ee-42cd-bb09-c6c6c7a782a0,group_0_cluster47
5da28aaf-6c4c-4e5a-9ddf-99475f58eb61,group_0_cluster5
c9216d17-6b5b-4399-a9da-16db0ec416c0,group_0_cluster5
4899e482-89fc-4bbb-b273-c7e84ca55cfd,group_0_cluster5
24e75f0e-3b87-4beb-b06f-6c75f5051c33,group_0_cluster5
5fbd9e18-2dbc-4b3a-8082-d5a0ae68ec99,group_0_cluster5
b27943b0-287d-433a-bd08-a1fa887d3b37,group_0_cluster10
9c49511c-8d62-47bb-b7fa-c4487b08fc54,group_0_cluster10
ae827308-49db-4226-bb99-5de699fb6e74,group_0_cluster10
413072ca-f4ab-490e-8f88-99a6ccef9ffc,group_0_cluster10
f567a5c4-7ceb-4caf-9df9-69b5b7941c05,group_0_cluster55
8a82b587-75a3-45d1-a9fd-d66fd415ce5e,group_0_cluster55
cf377d9e-d39a-4aaf-ad71-7d75f2df5621,group_0_cluster55
b8bc38d2-797c-4a34-ac2e-22c3ccdf6dcf,group_0_cluster25
0968df0c-33b4-4983-92da-50d82243c022,group_0_cluster25
49a6db86-15bc-431f-a1db-89caf289fc18,group_0_cluster25
80f84f6f-300d-4e38-9877-3ab0733d85ad,group_0_cluster19
c0ad4753-e783-4dbd-9af3-ee2f16e922c0,group_0_cluster19
c2ccaa5a-a748-4fa5-8f40-10a40cc647b2,group_0_cluster19
9d6ecb21-0711-4205-b260-47d8ae0ec8bb,group_0_cluster69
aeea41c0-e60c-4680-bf2f-ddaa3e440394,group_0_cluster69
71731fde-b4cf-4837-ab53-bc9aee00fef3,group_0_cluster32
81db6dde-8363-465b-8cb4-69919a571bf7,group_0_cluster32
bf1d1f02-0e6b-4517-adc1-38a78892d5d1,group_0_cluster32
eb99c500-2586-4422-bb1d-a06890cc7111,group_0_cluster32
09c753d2-d48e-41d1-9dd1-c572ac3e9153,group_0_cluster67
120735b0-e70f-4648-a862-190308462338,group_0_cluster67
88b3b9c3-b426-4c48-aac0-87c26445daf9,group_0_cluster67
b3168cc9-064e-43f1-b825-0b201f8e41d1,group_0_cluster67
4468edf7-608a-49e9-abcf-bee7b918848e,group_0_cluster67
653230c9-49a4-4a62-bd6a-53afcc9d9b8e,group_0_cluster67
c0dac40b-5a42-4db5-9185-009c9d4f5cc7,group_0_cluster67
20a676d4-9fd4-40ab-a92c-c6003c52e2e7,group_0_cluster67
4ad9b9a7-21f3-4592-a8aa-a80097a9d6c7,group_0_cluster67
b84e7cf9-d0ce-465e-abe4-7605655b9ec5,group_0_cluster67
aaa123f8-814f-4c1a-a6a8-0abb48c17778,group_0_cluster67
89e68722-4801-469a-bd04-8e6f8adf4801,group_0_cluster15
41ef98b1-f9aa-4632-a9f5-1a46ab95e880,group_0_cluster15
0c52741f-5599-490f-9c2c-4c36a23dcef1,group_0_cluster11
26a15b48-d1fa-462e-bfd7-eb84f3ca8e3b,group_0_cluster11
adcc01bc-63d5-4dfa-b2fa-aca8fb42427a,group_0_cluster11
796e115d-de58-4e03-b703-c183bad66fa4,group_0_cluster11
4b2b0659-cd2b-40c6-9c8c-7ae241b3212c,group_0_cluster11
3b470c2a-d59f-4c2a-8779-9f667aa8d24a,group_0_cluster11
cd0c24d3-1dde-46dc-9386-547009e836f1,group_0_cluster11
e7f0e147-7cc5-4796-a7bd-56eba69a3e27,group_0_cluster31
a2941388-0689-413d-b0f7-8491949fc2d5,group_0_cluster31
95e114ff-6e0d-4eb9-9fbc-85177d3e9e1d,group_0_cluster31
15d8ff0a-e66b-4e7b-918b-f42cf16d0e6a,group_0_cluster31
3eae5412-0670-4979-91fd-167c7a155cd3,group_0_cluster31
65818fc2-095b-49f3-bc73-9ba72bbd9a18,group_0_cluster27
1749b254-89ef-4976-8616-d2b9608d3b82,group_0_cluster27
8411586e-3092-4994-a244-2b4c2dc9d0ac,group_0_cluster27
a78cdd53-4cec-4cd8-b220-047c46a1bc1e,group_0_cluster60
90f69485-68fb-40e5-a550-e9ba32fa5cd6,group_0_cluster60
8973b94f-50ff-4096-b43a-2171d3e525ab,group_0_cluster60
6bb50305-e412-4bfe-b217-c923d9306c94,group_0_cluster60
ab0ecba6-b8ff-4446-9911-09bfc7a8f350,group_0_cluster65
ef03040d-401d-4222-8b91-17da4623a5d3,group_0_cluster65
f31d1fe9-1140-43b1-b5b7-2b439cc1e197,group_0_cluster65
e2552659-57d7-48b9-b013-f3f72c3196bb,group_0_cluster65
3ce8e017-619b-4dd2-bf42-5df35cb0602d,group_0_cluster17
3668d009-aecc-4a2d-8a71-c485925d7aa6,group_0_cluster17
711d4d5b-e7db-4e07-8ea2-b73b9fa12757,group_0_cluster17
f623e675-8dce-449e-8d6b-b0e27fa8b67c,group_0_cluster44
ce5389f1-43ab-42ee-9ac0-603a7614311a,group_0_cluster44
ea892370-28aa-43e5-b399-7863c4a2a6b3,group_0_cluster44
be21821e-29df-4ced-a157-0aee8631b0d9,group_0_cluster46
3a90657b-b538-48fa-b69f-353127e0eb8c,group_0_cluster46
d81681ee-c3a0-4cf3-baa7-7d4968ada52e,group_0_cluster26
d72e8cde-c78d-49f2-a0aa-073151a4a70a,group_0_cluster26
729dd4c2-2299-4450-98e6-1370788f3f23,group_0_cluster26
b26582bd-ffe0-4f9d-b934-6bfdb100645b,group_0_cluster2
541425bb-5a24-4433-8413-4d69a86b9da3,group_0_cluster2
bda9d27e-a061-4edf-a0b0-c72395b59c59,group_0_cluster2
2b2d89cb-fae7-47e5-bf14-8c95648ad0e2,group_0_cluster2
816c5b00-867f-47ad-be17-13561ba2ff82,group_0_cluster2
33e43f87-ff18-4c82-8b95-fb688e2c4736,group_0_cluster2
b94a3017-0ebd-4c2b-9f91-5278afe5b095,group_0_cluster2
86103854-5a48-4139-b6d9-aca4353cfa66,group_0_cluster2
99a39d06-fc8f-4979-a4f4-c0bb05d10d16,group_0_cluster2
a2162d2d-bf25-4812-8d5e-98258120f874,group_0_cluster2
535033aa-d598-4744-8cf5-a2a117ac1feb,group_0_cluster21
33e9a50f-1541-414b-9846-e5eb52f5df32,group_0_cluster21
971332f0-6946-4638-87f4-1afa0a434291,group_0_cluster24
f0892ac4-cc00-4353-875e-3fff752c0c54,group_0_cluster24
b0d9ed95-b8e7-41e9-b87f-4b4c1996535b,group_0_cluster24
b6e4527b-baaf-4ead-88a5-b61a1a63c63c,group_0_cluster24
5e9776f9-3aca-4b37-927d-faffefed9ed7,group_0_cluster24
8f2758ec-b06a-4aea-a2d4-04dcf58a751e,group_0_cluster24
f575b8ba-a885-4acb-845c-67104406c3d9,group_0_cluster24
7549f4ab-fad8-4b34-a8ab-d16f98b25fac,group_0_cluster24
460c90d0-e268-4977-80db-d69afed0caed,group_0_cluster24
53b66b57-1cff-4799-bc62-6bcc640bd297,group_0_cluster75
a884a8bc-0fe7-4c58-a1f7-5ecf2412ba15,group_0_cluster75
d653cdf2-c9fe-4352-b885-96aff4f8f2b6,group_0_cluster75
30adc3ae-0e81-4d54-a704-e9abb13dfb50,group_0_cluster75
a8172aaa-528d-4a76-9f4a-dbd6d6acf854,group_0_cluster43
ccc2f1c4-2424-4e9d-9358-8c5f5e3bc2a0,group_0_cluster43
dd798ca5-27dd-4e75-9825-6bed55615b59,group_0_cluster43
f99e19b8-862f-4caa-a9f0-989a19986b71,group_0_cluster43
2ceac068-786c-4e26-bd2b-9e1d486d8643,group_0_cluster43
96162b0d-47be-4cdb-bbc9-4d4a3b5c8e6a,group_0_cluster35
411ced3d-29d5-4832-869a-a922f8c53a8f,group_0_cluster35
a2273775-d820-48f0-adac-0d9352741b9b,group_0_cluster35
bfa5aff3-ccf6-4aa2-8a3a-3512c4d9d087,group_0_cluster35
4a0a19e2-5103-4282-96a0-40a2fc67290d,group_0_cluster35
834899db-ae07-462c-b29d-2eb6c69ab5ec,group_0_cluster35
f7902edd-4982-467f-9204-b2e0078d91a9,group_0_cluster71
212d2152-dd7b-4a4c-b5cc-f9f2f18a3ca8,group_0_cluster71
51fef346-cc67-4113-a5da-ad9008361517,group_0_cluster71
bb4bb4a1-4872-4d17-98fa-6b724e2540f6,group_0_cluster71
74e613b8-9036-4a1d-80f7-ae194dfdda57,group_0_cluster20
4f1a83d2-c288-4f7f-9b84-f1b36fb8bd34,group_0_cluster20
5dd7e954-c4c0-4d1f-825a-0c9295fc8158,group_0_cluster20
fa8e6747-b536-41a3-96e5-3c74cf45fe04,group_0_cluster61
7c809dff-3992-4fae-a733-74e08c0877aa,group_0_cluster61
29cc73b1-135c-41ba-8a27-c5f45297be22,group_0_cluster61
56157373-5124-49a3-bd46-2b3c2d6b4c81,group_0_cluster4
18dfa8f6-e9e6-4276-9ff7-8a20bb2e5a5a,group_0_cluster4
05ce00d6-4860-4b5d-91f6-2340b2579b53,group_0_cluster4
2fbff41e-60c8-4cb0-a510-d5fd5daffca6,group_1_cluster-1
a0208e68-0540-4c14-8106-b50a8034b998,group_1_cluster-1
7410bd3b-c256-4613-972e-e99ab4e81696,group_1_cluster-1
5aeaa19d-2b79-4e10-be70-e4100618f325,group_1_cluster-1
13771d35-46cb-4d2d-bb69-9654fd73ffae,group_1_cluster-1
d52d586f-3ca5-44db-9b57-9cb005abe54b,group_1_cluster-1
6d00bea4-2217-4aec-bc9a-68243357fbf0,group_1_cluster-1
3a6a8705-5628-49dc-a4bf-00ea42d765c8,group_1_cluster-1
3e36c5a8-5430-460e-b522-21552203af5d,group_1_cluster-1
82758d23-85fa-4602-ab92-5c144347a44c,group_1_cluster-1
392bab9f-76ba-45ac-b79e-fe585275484e,group_1_cluster-1
e94903f0-a30d-4bba-a756-faee2618823f,group_1_cluster-1
9712aed4-1028-401a-a17f-9718d6cb946b,group_1_cluster-1
3c32ab03-18e5-400b-8766-90d4b2f8346e,group_1_cluster-1
0bd6e4ba-bd4d-4f17-88b5-a4e4656e9c8e,group_1_cluster-1
ca8d2f16-3b6a-4285-a103-233535dbd44e,group_1_cluster-1
067184a1-24a1-4084-b157-3299f459f808,group_1_cluster-1
4975ae2d-7f3b-452f-ae64-f5b419dfcdd2,group_1_cluster-1
be82215d-0bcc-42dc-a1f5-7c6b7cb58e16,group_1_cluster-1
44b35622-2efe-4cb4-babb-c90d14b95eac,group_1_cluster-1
689ebd3a-9114-413c-9020-0bea90d673cd,group_1_cluster-1
8582e278-dcfd-46b8-912f-5920e3f582b2,group_1_cluster-1
52d24773-0836-4c90-aebd-f6bd2d2036cd,group_1_cluster-1
bc270cf2-9272-4dbc-9e4e-88b9c4412615,group_1_cluster-1
22f0a8e5-e9fa-4312-812d-c6a4d4e60261,group_1_cluster-1
58fd997c-b544-4b27-8354-e3d165654b7b,group_1_cluster-1
d308ff6c-94fd-4ba6-ad2c-4c7f5f2d08ff,group_1_cluster-1
1f56246e-1a48-4cde-8694-c149dc428729,group_1_cluster-1
db99639e-b06f-4af1-9379-a090e4a590ce,group_1_cluster-1
966ff463-9f84-4d01-9cd4-1bee6abd1d55,group_1_cluster-1
ba82ef64-5525-4367-b304-12284744c90a,group_1_cluster-1
19e145ef-9b8b-4deb-9122-101206d4df98,group_1_cluster-1
2c3f24e1-cf00-4e73-9f4f-65015be96351,group_1_cluster-1
b2b0d8d9-ce36-4d91-8285-79fb5a7b2ff7,group_1_cluster-1
a7ede145-1579-40b3-9aa7-b179560472d9,group_1_cluster-1
805eb00e-11ea-4fd4-ae0d-40fdd3f4a482,group_1_cluster-1
b41fc24a-4c91-41be-9647-78eb488964c5,group_1_cluster-1
8885bca0-fbe8-4e2d-a8e6-73d44e55933b,group_1_cluster-1
3762db5a-32e5-4836-9c1f-bb94a1edf6c2,group_1_cluster-1
bc08e941-ee2c-4e85-9eaf-bb550d8075d3,group_1_cluster-1
4189efb9-a290-4237-8adc-d99860d3c7de,group_1_cluster-1
7a296060-936b-4513-9d6d-6531b391222d,group_1_cluster-1
1cbdb907-30ce-4dc2-a686-d2a59cacea72,group_1_cluster-1
ce4e962a-a5e4-490f-8d1e-f2211dfdef61,group_1_cluster-1
761b1c45-30ef-453f-ba54-681c34a75047,group_1_cluster-1
4c91ef07-e2f9-4830-83f4-feb0493b9845,group_1_cluster-1
e9115c1d-062d-4fab-81f0-89d1e9d97575,group_1_cluster-1
190a5293-8670-44c0-8bb1-cdbf036c8b4d,group_1_cluster-1
338008e1-36b1-4cf7-88b6-31df3d727c48,group_1_cluster-1
3e6d3a2e-13da-4e8a-a816-62bd919df232,group_1_cluster-1
890ad34a-1f75-446b-9b63-1e428d716905,group_1_cluster-1
8b60a237-4d7f-45fb-bb35-d748d4c59f4d,group_1_cluster-1
d80bfcc6-dc53-45e9-9b2f-6a622f3a4a70,group_1_cluster-1
b1a3a2a9-672a-4959-b6bb-a383dea9b98d,group_1_cluster-1
5fbfa6b0-5c04-4491-9980-0049ef7b3b2c,group_1_cluster-1
e9b2b0f3-365e-42ae-9373-514d00c36dd0,group_1_cluster-1
cb9d4fee-30a8-4d81-8af4-1b1ce6b2f5a9,group_1_cluster-1
ea2dc574-6fd7-4d68-a701-6ea597d3a067,group_1_cluster-1
2bc608d7-557d-49df-8c54-6fefc4d87695,group_1_cluster-1
6c51d6df-0c6e-49c1-95b6-20e7293cc0c0,group_1_cluster-1
de7ce452-3ef7-4fc3-9adf-99a43d7d35b3,group_1_cluster-1
cdd35f41-6e49-4d0f-96b2-f3b206ff8aa7,group_1_cluster-1
82b8d279-6e6e-4ddc-8534-ac3d334152ff,group_1_cluster-1
fe69f150-f51a-45ea-9faa-58607eea6d7d,group_1_cluster-1
775bf7e5-6534-4276-9808-1c9904cf51dd,group_1_cluster-1
7f2c124f-afdf-4863-92e2-2dfc12652822,group_1_cluster-1
e633e565-0da0-415b-96f8-3a3c05531a01,group_1_cluster-1
bb557aed-00cb-4b8b-b0c2-f30a56da6fb8,group_1_cluster-1
cb600ea8-a3e6-4a7e-863e-ae043551a8bf,group_1_cluster-1
ad59bcdb-102a-4e35-ab7d-ad5fd486cf7a,group_1_cluster-1
089976ba-0615-457e-99be-59042aff8c23,group_1_cluster-1
540223ad-3441-408f-ae79-db5cc0423ff7,group_1_cluster-1
2b217c1b-9332-4b09-b967-452f880fc644,group_1_cluster-1
4d930a94-03bf-459c-bb1b-c15afc07dc83,group_1_cluster-1
adf5e43a-84ee-4ff6-b991-ad51be520635,group_1_cluster-1
960be011-7590-44d7-b5a6-ce4262afa013,group_1_cluster-1
55b59b11-a3ab-4142-82b6-dc80a6b3e0c4,group_1_cluster-1
44dd5e35-3b15-4cdb-b1f7-872b033ee0ea,group_1_cluster-1
a3df4651-0394-4905-9d2e-4af014f8107e,group_1_cluster-1
2c556363-9751-4743-a4c6-276d1fa6ef26,group_1_cluster-1
41abd496-7833-463b-8e17-46912b55ae4e,group_1_cluster-1
f987789f-9d3c-4e5f-bd40-9d803f662707,group_1_cluster-1
4fa2b66d-1328-4e62-92f4-5afbc0dd51ec,group_1_cluster-1
140815bc-1b24-4214-b902-a34d0ef4de09,group_1_cluster-1
53d876b4-a0f6-4801-8b42-53f18cee5f7d,group_1_cluster-1
4040a443-7117-483e-95e5-48ebc1887a07,group_1_cluster-1
49fd98ce-7e9a-4481-a1db-cd49e83ffa2c,group_1_cluster-1
266f8f8c-bdcd-42f0-9e48-13ca51c0e27e,group_1_cluster-1
ba5a8d33-6f9d-411b-88e2-ac80bf53ba07,group_1_cluster-1
09607444-d600-4ab0-bf5d-a2f86075d7af,group_1_cluster-1
813ad134-a199-4d94-932d-5c6005fb8ede,group_1_cluster-1
a00e542f-8e61-436a-b7bb-b2825ea6edbd,group_1_cluster-1
1c755e19-b508-4ca7-9ba3-b4042e9b3fe5,group_1_cluster-1
79ec1a37-c2bc-4aa4-a85f-37e7559be9bd,group_1_cluster-1
e78325d2-fc9e-4895-82a9-6afb7d9aaeae,group_1_cluster-1
d944ed6c-1321-49de-84a8-eeb8fcc34268,group_1_cluster-1
a575232f-5424-4b79-8975-f9a284e283fd,group_1_cluster19
a324bb37-b972-4617-8c24-2fcdc590b9c2,group_1_cluster19
d11f9248-08fd-482b-9224-e72aef3a0390,group_1_cluster19
a55aade4-83ab-4d9e-b6e2-5895cb3fa7f1,group_1_cluster23
21d18560-49e1-4cb8-92c7-7451d52a620c,group_1_cluster23
dd97a60d-a13e-4065-9564-340eb501ce3d,group_1_cluster23
29c5d3b0-6ce2-4116-997a-0a7b239ad570,group_1_cluster23
2aecc04d-a1c0-443c-be3a-6cb110a16d3b,group_1_cluster7
ec4bba1b-1408-4888-9da9-fde29a46666a,group_1_cluster7
5801f0b8-f7b4-4b35-88b1-41549366f843,group_1_cluster7
94ef73a2-5f7d-41c5-be54-ae98fbf3b26b,group_1_cluster7
7d9bb2af-002c-4ffd-a452-2b060a296659,group_1_cluster7
cb065bdc-8e86-4f1f-88d9-f360de0acd10,group_1_cluster7
5c84fbd3-0750-41bc-a48a-80d7b058fc8d,group_1_cluster7
c07a8e33-ec4c-4906-a06c-63c3ab641cac,group_1_cluster6
3c4fe3bf-b67f-45a0-b104-282b1eae7eff,group_1_cluster6
edacf73f-ee8e-42b9-bc13-cc1dbba892b0,group_1_cluster6
c35ebab1-266f-451f-9aff-48d49d8cbca4,group_1_cluster6
748da034-7f62-4abf-b785-c66519e212e2,group_1_cluster29
4017301b-492e-4d53-998c-a629b4eb53dc,group_1_cluster29
8045ca1b-6297-4274-9e23-918601563637,group_1_cluster29
ebd852b1-d46b-4668-a55c-b74f9e1862ae,group_1_cluster29
7023df20-1a19-4691-8340-9fa2246daaf5,group_1_cluster29
3ffba6f8-ff8c-4111-94f5-f290c4d2a9f9,group_1_cluster29
ad39361f-af12-490b-a20c-c040731006a7,group_1_cluster29
3e1bae3e-0fce-49e5-a80f-d55207455b45,group_1_cluster20
472a1b23-d6d9-4f83-8eef-e2c317ea6e22,group_1_cluster20
e1a5546e-b4dc-486c-bc3a-fdf728cc55a4,group_1_cluster20
6c21260d-8537-41bf-adc3-c2e78e9ee6b2,group_1_cluster5
7fb98dbc-d984-4b9d-b2e9-4130341f3eb6,group_1_cluster5
3bbd009f-0dbc-4061-b7f1-3d7a49a99674,group_1_cluster5
b8e9a564-8ea8-4f3e-beb3-f742096f8eb6,group_1_cluster17
63086d30-a4c7-4112-93e8-e36913eea64d,group_1_cluster17
dd1796db-3f8c-4c8a-bab2-afea96578dfa,group_1_cluster17
266ea99a-c983-4868-96de-d736ee506758,group_1_cluster11
3553a411-56d8-4fc2-88e1-419e2db08b84,group_1_cluster11
97b15f7d-3956-436e-858b-c8a70db3669e,group_1_cluster11
1a7d3c82-f3e6-40d5-ba07-f23dba2da00b,group_1_cluster11
dc013bfb-d73d-4bcf-adf4-5534840c1431,group_1_cluster11
a327eaf3-78f2-4327-a340-4d5390c4e540,group_1_cluster11
c046b6c8-0914-4f7e-b590-11cc7c221b0a,group_1_cluster11
bd8611fb-6f37-469c-86a3-b831fc34d0ae,group_1_cluster11
b362acec-4eb6-4623-ba5e-ca5cc20b5af3,group_1_cluster24
12fa754a-e7ad-4cb9-a3bd-20c8fab91214,group_1_cluster24
5769044d-0452-4097-ba62-454bf09cd0b9,group_1_cluster24
8ecfb9d0-ecb5-47c7-9d82-60d0819354f6,group_1_cluster10
b43a7512-446a-4c0d-8ab3-13711eb41c0d,group_1_cluster10
e9dfd48c-da9b-48a8-ba3e-61cca8255ae3,group_1_cluster10
b77fcec0-cd3a-4d98-b0a6-19a9fa10c53b,group_1_cluster10
b639661e-3053-4947-afc7-5f105d150662,group_1_cluster10
bc1f5e48-7c46-4506-86ea-3a9d9fad203c,group_1_cluster10
c1a4b3f8-d03c-4992-b265-d032246405c3,group_1_cluster10
05d0e97d-a828-40a2-b1e8-b77f16a27d96,group_1_cluster10
bd32152e-a3e3-4329-997c-1e02f2da67e7,group_1_cluster10
a805f329-8b74-42d6-aa60-747bf5913e71,group_1_cluster33
8cb617d6-1934-48c1-a27b-c2e69cb1080c,group_1_cluster33
d920b78c-9ba8-4e4e-8209-a069f3dfdb2f,group_1_cluster33
b359c910-e6f5-45ce-b0d2-19c659a29183,group_1_cluster33
8426caef-00a9-4df3-b860-9d442f5e6f95,group_1_cluster33
a11b7855-5b3a-4130-b7b6-fd5479287b4c,group_1_cluster4
4c532c45-511c-466a-abec-3e36c8b3650b,group_1_cluster4
d10f4e94-3eaf-4bb4-95eb-4e2e9736df3b,group_1_cluster30
d33504d3-166f-4c42-81d7-023b0bdac1a7,group_1_cluster30
6cecfcde-3071-425a-8a7e-49a7135e4755,group_1_cluster30
2b20f8f8-3e6d-4836-bac7-9ef2b17ebc10,group_1_cluster3
067bb2bb-52f3-43e4-a384-ba69cf8e5d97,group_1_cluster3
fc4f4d41-e287-477e-b2ca-e7b21f823ab7,group_1_cluster3
2dd2df50-8210-4ed6-b51a-0f312ea52d22,group_1_cluster26
293b7316-b28e-4bff-882d-a5d192afb288,group_1_cluster26
9324d0a4-7106-48bd-95c8-d8c6ba396014,group_1_cluster26
b01a0311-87c3-4835-bfa2-70d7c706f79d,group_1_cluster26
22f6404f-7476-4850-9e83-0aa755a32601,group_1_cluster26
50cb2cc5-fc74-4e82-841f-9a775df692e0,group_1_cluster13
477d9d6f-aff3-48c5-8f6c-425e8881b028,group_1_cluster13
dee8cd84-c4fd-4fb8-b0b4-01d1cb5f2d3c,group_1_cluster13
40808305-0ecc-4f04-a2ab-0c00f786a1e7,group_1_cluster16
761b7959-5651-4a04-8ae7-71a89999c555,group_1_cluster16
8ee9dde5-b9bc-4b2a-b6a2-705d8179cd26,group_1_cluster16
134ceb66-faf0-48bd-8bbe-e8b74ae5942c,group_1_cluster16
8e3d7782-d680-43ef-bcbb-1d720d406b5d,group_1_cluster9
c5285b89-9afb-42b4-835d-ccfda1255530,group_1_cluster9
d9ef9db1-8291-4be5-8e25-ba946f0f1482,group_1_cluster0
6dec701a-8c1f-4621-91e0-23619bf9b996,group_1_cluster0
a896fce0-3bcf-4c99-b022-4d5b466c8733,group_1_cluster0
83119301-d37d-442d-835f-5c1900a4769d,group_1_cluster0
50257350-6cce-4f0f-aadd-0728fb9815df,group_1_cluster0
74dff0a4-4dae-4951-8863-3fbcc118f1bf,group_1_cluster31
fc911b4d-2c07-4933-b3d4-6062282ef7fd,group_1_cluster31
06fa8d4a-e93c-4056-9fec-b2cbd6d0439b,group_1_cluster31
171c7c76-deef-4b20-ad1a-6b4160929657,group_1_cluster31
a3893503-abdf-4877-a9f4-f0abd587176d,group_1_cluster31
840add65-1316-4c45-bbbb-436482e62b6d,group_1_cluster31
ab385307-be38-4e50-a633-00bcef3ea06a,group_1_cluster32
42a32104-6a71-4fc9-8d64-13a56bac20cd,group_1_cluster32
e37684fe-b1bc-454c-b998-fe1886651f85,group_1_cluster32
e8a194b8-b1bd-47a7-9852-991aca633df3,group_1_cluster32
79f58247-c49b-4ee3-9ff8-a674ee6132a8,group_1_cluster32
03326781-e0d9-4a9f-8c1c-d86efbdb4420,group_1_cluster32
1a198564-a3f1-4e41-a338-fcc0f401296d,group_1_cluster32
5de6d60b-7e8d-4514-9c2d-16171c2b61c9,group_1_cluster32
c28d59e0-d962-45cf-b6ee-4f682c08580a,group_1_cluster32
1c6fc2f6-4fc1-4bc3-a581-b9a67a6873e8,group_1_cluster14
6c6064a4-dd00-41d1-a5cd-bdc62a7af8f0,group_1_cluster14
95ddc5af-662e-4973-81ba-094e3e55384c,group_1_cluster14
ae824160-50aa-4a7f-b1bc-990ebdfee0ab,group_1_cluster27
75699d04-22e2-47fb-9839-440357611017,group_1_cluster27
6697a720-8f03-4da2-b78d-eee80b3a4f59,group_1_cluster27
536bb614-a193-40fa-90ac-dca62afd65db,group_1_cluster27
50c415b4-2233-441d-8590-e72e7ac96869,group_1_cluster27
82cbad12-7bf3-4801-a8bc-7c1a6e96097e,group_1_cluster27
ed51d9ec-62bf-431b-8c51-5db2c2482842,group_1_cluster27
144a25dd-4908-4c94-afcd-5ebc72ecb869,group_1_cluster15
346e78c6-c01d-4af8-93fb-2501a76b9653,group_1_cluster15
60305549-660e-4177-a959-b4ee58dedb81,group_1_cluster15
86e623d8-1800-43d5-bba0-4fdd5dd4bd55,group_1_cluster15
82c423bd-bc69-41be-9f8a-3408cfd4fdee,group_1_cluster25
123be0ad-619a-4b55-9b88-537633eacb15,group_1_cluster25
4e4f27ed-4344-42f8-8a8b-4c15ba61af4a,group_1_cluster25
bf76d99e-fd02-4e0d-a15d-aa1f1ac0f269,group_1_cluster1
5471c4d9-49b1-42bc-acd3-2dcfe1f4c091,group_1_cluster1
7071ed67-b248-4a00-bef0-677c42b52c03,group_1_cluster1
53b356af-7b50-4c20-8517-5325a9130163,group_1_cluster12
9498b7fa-c1cb-4a6a-b324-13d85b6f790c,group_1_cluster12
a544f7fe-3b99-4d9a-93af-5b862b5b15f0,group_1_cluster12
845f17ce-a96e-4047-aeb7-a56cacb47b7b,group_1_cluster2
4644ab1d-3cde-40c1-a7c3-700d11a4beed,group_1_cluster2
4a55cf23-6e47-477a-883c-2a3238b43149,group_1_cluster22
df0a79e3-4927-494f-b3fb-c8de2cad4b92,group_1_cluster22
6d45be45-fb56-4663-8286-9af351d7fd24,group_1_cluster8
386cf2c1-ad97-4d6f-b822-9d88ccf23b6a,group_1_cluster8
f9e5b55d-ce41-4eae-8779-7b7d4a81bfe5,group_1_cluster8
00fbba72-1bb7-48b8-9df7-b2644ba96be4,group_1_cluster28
917b1998-bbd1-4c11-b2c6-775dbfddb039,group_1_cluster28
3007ff74-5c72-477b-8bcc-36bcfbc1b17a,group_1_cluster28
a296e6ea-58e1-4c15-9bd5-f589960d38d2,group_1_cluster21
7a3cc396-1fdf-4b23-ac73-6cb64edabcdf,group_1_cluster21
fa92628a-5af9-467f-87de-299234fc7194,group_1_cluster21
b03e939e-f01a-4d2b-85ef-075c11ee497f,group_1_cluster18
d1737101-c5ed-47a7-b863-dd29a63329fb,group_1_cluster18
18255b45-d99e-4c2e-9eab-bfb60a78b7b3,group_1_cluster18
cafc8d82-9879-4c76-b699-dffc24f91052,group_2_cluster13
0948b0d1-2324-494d-9f08-08a99ca0e468,group_2_cluster13
c3407e30-d4fe-4a62-b477-eb0b4e6056a7,group_2_cluster13
3d7eb74a-a87f-4a77-9dec-9af85b32c09b,group_2_cluster0
5b115174-2b82-400b-8ec9-b649bce5e8af,group_2_cluster0
c8afdca9-7df2-4f75-96f2-a466b846bbb3,group_2_cluster0
40c7400d-f5b3-4102-8624-f7bdb38fcbbe,group_2_cluster0
4896f1c3-6918-4693-9580-b4b1c3578909,group_2_cluster4
55b5351a-4002-40d1-b78c-a238b2d8f9b7,group_2_cluster4
a075df7c-c920-49fb-b33d-3a03f3029629,group_2_cluster4
e59ad49e-58ff-4a5d-8a30-17d8dcd65489,group_2_cluster10
04fb8f05-6aca-433a-a67f-55c3c7205196,group_2_cluster10
7adcc029-a7c3-46ec-967f-7c002c8571f9,group_2_cluster10
e5bc8c40-fb76-4ea3-9fad-6229d22ebe55,group_2_cluster6
833642d9-abe8-4978-8d3b-410e3e12a03e,group_2_cluster6
1b9eb782-0dc2-48fb-9d28-9788fd295185,group_2_cluster6
18ac3da7-8715-4b68-8efa-4c8439a77f53,group_2_cluster6
bf74b0f5-9db5-4599-b2b7-1ac6e4899da4,group_2_cluster-1
8773780c-1cec-4e5b-b3d7-53b9217b75d5,group_2_cluster-1
84ec0c35-ace9-408f-97d5-a92f4803963d,group_2_cluster-1
f892dd2d-e425-492f-a2a1-74e2799f5c9a,group_2_cluster-1
10cf193c-7364-4992-838f-db2b17c6eeb1,group_2_cluster-1
dfea475d-b265-45f4-8a7a-88c08bf52792,group_2_cluster-1
86f9677b-c8a5-4eac-b33c-6e13fa6a80d7,group_2_cluster-1
ed28d877-43a4-43b2-b086-902e01dbb448,group_2_cluster-1
a066de6f-abd9-4b0b-bad6-2497a384e30e,group_2_cluster-1
c0ce9199-fe11-431a-b018-534edc845c52,group_2_cluster-1
f9291bd1-779f-4b59-926a-5b1f815885e3,group_2_cluster-1
a30030b3-81f0-4fd5-9930-55cbb37b05a2,group_2_cluster-1
182a34c7-efe2-4631-9023-53644afe3193,group_2_cluster-1
a381218d-23de-4e75-ae2d-7a72a6af4b19,group_2_cluster-1
2e3ae212-4904-4f83-b698-c828cb8f7dd1,group_2_cluster-1
5686c087-7de8-4a5b-a9e6-d779f487b944,group_2_cluster-1
215c6214-015d-4707-a754-115b40491d8e,group_2_cluster-1
80896f63-00f7-42dc-ac77-82da18e74856,group_2_cluster-1
386328b1-4a4f-435b-93d8-a6ca609c014c,group_2_cluster-1
3fa5ad46-9774-482b-b172-817576ab7aca,group_2_cluster-1
5b6e036d-bf2b-4c74-830f-dfd399db657b,group_2_cluster-1
f4fcb307-bd6e-475e-93d2-10f87d588d12,group_2_cluster-1
7a445336-fedf-427f-922a-e10cb68cddc0,group_2_cluster-1
ed776f14-f1c4-43a3-88a3-2b1b3eae0306,group_2_cluster-1
05026f38-8184-4a3c-904f-69f4ff11585e,group_2_cluster-1
09fb1ce1-cd8e-433e-bfc8-0fb03594bd91,group_2_cluster-1
561a5907-6321-4617-98af-9eae429d432d,group_2_cluster-1
73b3f773-ac2e-405e-ab0e-3a45dd92bdcd,group_2_cluster-1
35f052cc-1095-4bc8-886f-c2d1b0cbd7d0,group_2_cluster-1
b1a0a6a7-1867-4da4-8378-fe8411c22f98,group_2_cluster-1
48e22068-b206-407b-9ddb-d089f3d83024,group_2_cluster-1
5fd0cd36-3d29-4d06-912c-5e481564a700,group_2_cluster-1
e5d2b29f-8fb7-493b-8595-f0015fedd76a,group_2_cluster-1
03ec4e90-881a-4fa7-b14a-42b27f682ede,group_2_cluster-1
607c2bd1-74dc-45a0-9951-51866c89d331,group_2_cluster-1
5134a4e0-a678-4c3f-b764-42106db2a116,group_2_cluster-1
8796a586-69ac-45c0-994c-b381ad9f07fa,group_2_cluster-1
b88a7ef9-c9ed-493c-b255-66265e136f51,group_2_cluster-1
faed5f21-0e4d-404f-943b-acf14d0fe014,group_2_cluster-1
84287369-6603-4f20-947a-771741612a04,group_2_cluster-1
08fc3354-f498-4d6f-9877-0d7a7edcc083,group_2_cluster-1
fe50bdfa-9d52-4c57-b653-b12aac971fb7,group_2_cluster9
63739e9e-1fc5-43b7-935c-dac192532524,group_2_cluster9
e5254ce6-a26c-4d4a-bb9c-78b465ac9ff9,group_2_cluster9
f58bb831-ea00-4907-95db-22d1721a6bf7,group_2_cluster9
7a599278-c06a-4ffd-8e1c-c34aa34fe002,group_2_cluster9
57ee0863-7424-403b-83db-b975de4d2edb,group_2_cluster9
4962220c-2e79-47b4-8628-6f4abf858091,group_2_cluster11
bf580c22-5df3-43f8-930f-d82d29763d74,group_2_cluster11
4045edfd-e043-45ef-a393-884cfbfcb57d,group_2_cluster11
55fd7c71-5860-4e09-9efb-5b9e3593dbee,group_2_cluster11
fb38e437-0ad4-46e8-b3dc-ca3a6e4657fb,group_2_cluster11
cdc6a1de-979e-4d91-a36d-fa10e626c41b,group_2_cluster11
7c77717d-a8ca-423e-a9a9-acdee2f0b9bc,group_2_cluster11
6ae63178-baea-4905-bd1b-07ea4307668f,group_2_cluster11
ca553169-e466-4284-881c-66e202378ad4,group_2_cluster11
571787e4-0f73-4422-9829-ff42d50a1aef,group_2_cluster11
ed5df292-8926-4937-9e64-c95ac6bf1869,group_2_cluster12
6632ad8d-550b-427d-8b47-9bcf2c00c264,group_2_cluster12
7b689da5-8f76-40a8-8413-36bd7eb74385,group_2_cluster12
e29e85f9-c398-48bd-9373-1bed3030aa7c,group_2_cluster19
8b900a1c-e43c-46c7-a754-2ee696245072,group_2_cluster19
83bd88cd-bf68-4c8d-b335-9540f79f05d8,group_2_cluster19
d84665a6-8543-407d-88dc-80398e50ee50,group_2_cluster19
4680d110-876d-4656-839f-6fe300e09a8a,group_2_cluster19
d0bd9a85-4221-43a9-a30b-6b0e07e84c90,group_2_cluster19
1a9180ec-a3ab-4bce-9564-e0f040ebe323,group_2_cluster19
094a07a8-5e1d-438d-a836-4de7a8939659,group_2_cluster14
4efbd560-3c57-48f6-a5a8-3d931395f2c2,group_2_cluster14
c9f838fd-50be-4c79-9164-e78176e9c868,group_2_cluster14
9197dbda-bdca-4e7c-b6f7-ca854947431d,group_2_cluster20
d08813df-f0d2-420e-8e99-7c5be6d101e2,group_2_cluster20
f82a6352-6f71-4ea2-ab4e-35dde7b3e9de,group_2_cluster20
4721ba25-d116-46f4-97b5-cfe0e3c3ce79,group_2_cluster20
b8f9a450-5ab7-417f-a862-d18575bf838f,group_2_cluster20
ecc7cd54-7189-4b70-b5b3-9c725933f315,group_2_cluster5
c9637add-ade3-401b-ae07-47170c7705f8,group_2_cluster5
f061e3cc-19ae-4a53-a792-791534bbdd0a,group_2_cluster5
1b221edc-59be-4e61-a5a4-1c89acb97728,group_2_cluster23
e4b328aa-84bb-425c-8c0c-7c7235f3a2e7,group_2_cluster23
98a5c36d-a59b-410b-a67d-2f984237922b,group_2_cluster23
05f72679-51c8-45a3-a158-d97b4501b997,group_2_cluster2
bba7b183-83d8-4d66-b20d-b8d0eb6318ac,group_2_cluster2
24feab77-cbe5-45dd-be57-81d8164236f3,group_2_cluster2
37e04a14-693d-4a3d-9399-67e41b4973b6,group_2_cluster2
ab64d1d7-89e9-47f4-b0b6-2b18051e2f25,group_2_cluster3
daebab99-cf20-4916-8c32-2c87b49f5cd8,group_2_cluster3
e051675b-0ca5-44f8-b116-ee1525fd6ab2,group_2_cluster3
f6adf939-d8f8-459f-8890-7c377bc415c0,group_2_cluster15
4a1a08b7-8bce-4fa7-b30a-250a66585d49,group_2_cluster15
cbb122c7-b1ab-4364-89ad-62515a9c3ce1,group_2_cluster15
67c7ff22-9f52-431c-acf4-a7465491b141,group_2_cluster15
df635787-82d8-4fa2-a3ed-7fb0d5798ac6,group_2_cluster15
a90e3e89-1054-4fda-b5ae-9ac2e405100f,group_2_cluster7
c262c3c0-595e-4d02-a7d4-951ed65a6b07,group_2_cluster7
9cbdd1ec-b9d2-453a-807e-5140918b0133,group_2_cluster7
afbb7ab9-a0e2-44e3-a19c-38b95f863c51,group_2_cluster16
add21acc-3b02-4ea3-92bf-4c4440739e9b,group_2_cluster16
22cb2013-a119-4d8c-8f81-25d0420e0b2b,group_2_cluster16
055d9576-d2bc-4569-9fc7-812270335c13,group_2_cluster16
b36ce637-f19b-49e7-a8a6-10854267082c,group_2_cluster16
312988e9-698b-4f45-9525-e1fa833157f7,group_2_cluster18
9b6d556b-338c-4202-9869-d9d88cd0871d,group_2_cluster18
44d5a8c9-c0bc-425a-89c6-c47f140d6e10,group_2_cluster18
cb6502a5-6ec2-4b9b-a63d-688bad1b3582,group_2_cluster18
3fd5c68d-f721-417c-8ea7-6e191a47a0f6,group_2_cluster18
125600ae-cd8f-4035-8000-95c128e5fd42,group_2_cluster18
da4d11e0-7777-4df7-960d-5b94377faa1c,group_2_cluster21
4179b15f-9a14-4753-bb58-ee92bc78a879,group_2_cluster21
0fa34fc9-6667-44f3-88b9-f24e0b2d79e3,group_2_cluster21
4ade8b04-af1c-4596-9601-da699cb6f91b,group_2_cluster22
a585b38d-fd67-42f0-9d32-b683deb24484,group_2_cluster22
fb00af88-5674-4a1e-9a5d-8420e362f847,group_2_cluster22
a9c2e14e-0c09-4730-8318-c42bcc96969f,group_2_cluster8
b2ad568b-dab4-4cc6-b08c-1efb33612f04,group_2_cluster8
bc30ab4f-4b3b-4ec2-a15c-7d1225cce8a8,group_2_cluster8
eb207905-7a97-4f60-8b4b-43c5cd5414b7,group_2_cluster8
9e8eece7-6f1e-4e97-91e5-5d2344c482d3,group_2_cluster8
23c9a5df-62c3-4b1a-9529-bdd3fa302b0f,group_2_cluster8
3712876d-b738-414e-9b1f-86d23b4422ff,group_2_cluster17
31c134c1-f044-4563-8dc3-974e4ad1d653,group_2_cluster17
9a9455d8-4bd3-4635-bcd0-cfa9e816bbe2,group_2_cluster17
d1efb409-d822-4856-b724-8bb38a54be12,group_2_cluster1
3e532cc1-d5f5-4f6e-b1fb-75a5f2af46b6,group_2_cluster1
099b3697-019f-4ec0-b8d1-1826449ed226,group_2_cluster1
414c333c-9dd5-4863-a628-8914e74e561f,group_3_cluster16
d0c671ef-74cb-44e3-a981-ea3fca29c9fb,group_3_cluster16
5290d790-46f3-444a-80d7-f6fbaeb2e1dd,group_3_cluster16
04d2bb82-04d7-4a79-9e76-9b940ffc7bdb,group_3_cluster16
95018854-e31d-494f-991d-723addafc26a,group_3_cluster16
d75ddf93-edec-47d2-93f3-b2e5cb682fc2,group_3_cluster18
33808cbc-11e4-44d2-9ed9-c4995a5d6bd6,group_3_cluster18
6b298de1-32de-4165-b846-b3f9973c6fdc,group_3_cluster18
c30f050f-9371-48ba-8215-451a84c45e87,group_3_cluster18
cfd641ec-6d2a-42ce-8e64-20dd77ef0b73,group_3_cluster-1
07311082-006c-47b1-a6d2-e69458cd6385,group_3_cluster-1
2fc2f661-d580-47da-9a36-90ecd63e4132,group_3_cluster-1
ca2f4e48-b729-4a7a-82b7-483bba72e8bd,group_3_cluster-1
bebaf68e-ef5c-47e1-b470-e308162d4d8d,group_3_cluster-1
6342104b-7c2d-4ddc-ab9c-61a0e7dde3c6,group_3_cluster-1
457f705d-2e34-4454-94ee-7bcba65bed70,group_3_cluster-1
6481d1c2-a8f4-4cdf-8cf8-471922cf63b6,group_3_cluster-1
b5ec2c6c-8857-41e0-87fb-5315e71948c3,group_3_cluster-1
c8794bc2-a207-455b-9163-02cc13c3a525,group_3_cluster-1
1604ff05-c132-4b71-b5e0-a1dadb457670,group_3_cluster-1
0ee7cd7d-2dac-457f-a86b-209fd50f2c94,group_3_cluster-1
c3391052-7538-43ed-8251-927e7380cf03,group_3_cluster-1
2d7d557d-ab83-4819-8d65-27152cb592cc,group_3_cluster-1
dc76774e-ad60-4c8f-a84f-ab1872e9f3b4,group_3_cluster-1
fc70e737-7700-42ac-8a68-12a2b0daf4bf,group_3_cluster-1
d2612902-379c-4b72-b68e-b2235c10ed1b,group_3_cluster-1
106f991c-1f43-484d-9065-0d32a70dd6a3,group_3_cluster-1
f43e33f0-d0ae-4d73-b921-1bfafc2689fd,group_3_cluster-1
db29782d-f4e9-4238-9b75-219dc69f4147,group_3_cluster-1
b1bb457a-83d4-4e87-887c-b3dd466cdbf2,group_3_cluster-1
8a9e5fa3-284d-4ce5-8292-7dd6eb97d3ed,group_3_cluster-1
f58d5ec1-ceed-4804-a2f3-60334a857901,group_3_cluster-1
dbaae1d1-9ae2-488c-8ee4-9abb9abd7abe,group_3_cluster-1
922aa2bd-7f6a-48a3-94ba-92c620195058,group_3_cluster-1
32d48732-4381-4a21-9756-fd574d881ed5,group_3_cluster-1
5de7b990-e57d-4297-a6bd-4cd0ff575f06,group_3_cluster-1
dd0a89d7-14fc-4680-b4a7-b9b620c0fa5b,group_3_cluster-1
da02d1a1-c67c-4260-88df-7fa3b0587f79,group_3_cluster-1
1ac0e327-579f-4b33-9d70-57f5f8f85422,group_3_cluster-1
fe916892-71ad-487b-8ef4-ce748bd76e56,group_3_cluster-1
97d853a7-8555-457f-b6b3-e2685082a111,group_3_cluster-1
20375b61-9daa-47f4-b324-94df9ae23f40,group_3_cluster-1
1bf56398-bcd1-491c-8fb9-0907d5953348,group_3_cluster-1
de5969a1-5d44-4e8b-8de1-5fe4eedf66ef,group_3_cluster-1
cfa4f764-55a7-4d5a-9076-4c1f0fef68bc,group_3_cluster-1
1e1676a6-524d-4eaf-aab6-da472d311f69,group_3_cluster-1
664707ba-3f65-4199-b027-871eafc46d8c,group_3_cluster-1
fcc51390-09c7-454b-8864-196cf63ef38a,group_3_cluster-1
d549f126-53d1-4822-bfe0-e0e0ecc9ff4a,group_3_cluster-1
f513202a-9851-4903-b674-409f096c9a9e,group_3_cluster-1
bb78a1ef-1b11-499e-b48b-3b709c3dfed5,group_3_cluster-1
4d29cb61-efc3-4c1d-9b05-160748e4f1fe,group_3_cluster-1
7d02f12c-17a3-4aaa-8996-186961cb03a0,group_3_cluster-1
e9028677-ccd3-4b02-a37c-6e6566451a8c,group_3_cluster-1
4fb5c857-2ba2-445a-a07e-ba2dd81f8d00,group_3_cluster-1
8f808221-82bd-496e-b03a-d42bf0be4145,group_3_cluster-1
4b9f12dd-d145-451b-8011-98abcc84f7e8,group_3_cluster-1
c4e43d73-fc1b-4b9f-8a37-8c1eefd6cdb3,group_3_cluster-1
08a30c89-0051-41fa-a3c5-fe4d20db7b7e,group_3_cluster-1
02531ea9-0881-4881-9c4f-1f53ae8a7ae2,group_3_cluster-1
20a98c02-d464-4989-b14c-0826ec4f1089,group_3_cluster-1
f89bb39b-ac44-4255-954e-537fe761f383,group_3_cluster-1
d5015dfb-af0a-4163-b029-4e9d8620475a,group_3_cluster-1
de7b120d-1eae-4bc9-a188-2e312e7ee58e,group_3_cluster-1
f3469c2c-014a-4b0d-99df-57e924507fd6,group_3_cluster-1
cdaa1773-4d2c-4e64-8fe3-477aac1ed5bc,group_3_cluster-1
1915d077-c6ac-430b-b798-69d8828193e9,group_3_cluster-1
c0add1c0-e05c-4a53-9f47-55d0f9d0c647,group_3_cluster-1
d7c77982-38d2-45a7-a137-e0ba84b1242b,group_3_cluster-1
55a030cc-7ed8-4b24-bc2e-353e746dee3b,group_3_cluster-1
0f944664-bf2e-4643-b3fa-ba4f76c50c08,group_3_cluster-1
b01999d6-f22f-4bc2-8ab9-d18e61c08a33,group_3_cluster-1
f555353e-187f-4611-b047-1df8095a7d74,group_3_cluster-1
222e39a1-ddb7-4167-8e9d-19e2080fbc22,group_3_cluster-1
5c56552e-3f21-4a5f-8135-48bd2081f7b7,group_3_cluster-1
97310e9f-a2b5-4ee9-93a5-803eb60cdf6b,group_3_cluster-1
6d040720-0a00-45a2-88a3-56660df93682,group_3_cluster-1
209d7399-8517-41bc-a448-d7f76050b501,group_3_cluster-1
96cea280-52c7-406d-93ed-61eb7ad1a842,group_3_cluster-1
62e32e91-a61c-49f3-827b-f840d9bf760d,group_3_cluster-1
b84e3994-d58c-4233-b9f5-b8500fd7f19a,group_3_cluster-1
9454ec2d-8ce6-4995-afaa-f9e44beded84,group_3_cluster-1
700bed05-e649-420f-8b93-06857f094dd2,group_3_cluster-1
d3877c49-b64c-4f97-a184-d32a86964b9d,group_3_cluster-1
1595286f-f556-4dec-a03d-7fa8614817a3,group_3_cluster-1
5103dcf3-0978-45e9-9300-f952cdc15954,group_3_cluster-1
7f9b6a99-6012-4d02-b317-2b0906cb6bf3,group_3_cluster-1
01e68577-64d4-49e7-949b-dd095f9faef6,group_3_cluster-1
0d313938-446c-483c-8f75-63be0abda2bd,group_3_cluster-1
24031eeb-4311-4f86-a0ed-c4054fdae71c,group_3_cluster-1
37560301-816d-41fa-ad61-5b3cc11cb861,group_3_cluster-1
446ba6b1-8e48-44af-a0c2-2025404097f1,group_3_cluster-1
1b341fdf-cddf-4d99-be17-28311c709f03,group_3_cluster-1
35876875-c7b4-4a81-808d-166ff793902b,group_3_cluster-1
1ed83a8e-42c6-4ff6-b64b-0dd1b2926465,group_3_cluster-1
e51b4cc6-956b-43c5-8e5d-d23e3c4d8e04,group_3_cluster-1
b4f9266c-0f9a-42a3-b8a7-cd7991edaa19,group_3_cluster-1
d8412aea-82e1-4947-9b65-197b4fbb9498,group_3_cluster-1
0e6f5462-0425-4b9f-ab81-1771c31a97d9,group_3_cluster-1
346754eb-18d3-4b99-a0d2-d69960097244,group_3_cluster9
c5ec3d53-9aa7-4f38-ba01-78ed49c14bbc,group_3_cluster9
5e5fce41-2426-41fc-9c63-f3ab3e942e37,group_3_cluster9
fe64b164-787a-40c2-a764-2a808ad9bb6f,group_3_cluster42
ce01c80e-bdf7-41de-bd9e-06bb47aacd86,group_3_cluster42
454a30d1-9957-48d7-89e4-f0de867abc5f,group_3_cluster42
899f50d1-38ce-4c69-a9d2-d57a08698ec6,group_3_cluster42
0c7dcae5-9d1c-4fc5-ae1d-6a4be3c2c422,group_3_cluster42
2d074730-ffda-4dae-97eb-2fc8fe40e8be,group_3_cluster2
5ae1d56f-8209-4a47-bb4e-3038e8a7465d,group_3_cluster2
4153048d-b371-4cd9-8de2-9599c489d152,group_3_cluster2
851165ea-c6b0-4e49-83f0-926e7b4d5796,group_3_cluster13
9b3942d9-0c1d-4042-bd17-6bec3ab18c22,group_3_cluster13
1353841d-f463-4f85-97cb-4c5031148ef3,group_3_cluster13
4d0a5532-999c-4857-bd1f-e5ec1c5fc59a,group_3_cluster29
4d43f6c1-6cc5-445f-8414-37605335c191,group_3_cluster29
adf93d41-7fd5-4331-a464-2ead3c718764,group_3_cluster29
2e2581ff-d34a-4f01-ae2d-07230c824468,group_3_cluster29
443f6c86-2bad-4b4b-99f7-98561d389002,group_3_cluster44
19a1ced8-bd7d-4fbc-b21b-c28880b391ba,group_3_cluster44
35c7b0cd-40ac-4706-afdd-b45118f84c7c,group_3_cluster44
bef4f6f5-2aee-4e67-9698-f93cf968e461,group_3_cluster44
502a5457-69e8-4dbd-b480-99ddd0b51ebc,group_3_cluster44
6ef69606-3fd5-4681-bed9-ec22b04ae8f6,group_3_cluster44
59577c6f-b776-42cd-a775-e100106822aa,group_3_cluster38
4e113455-56fa-4f03-9808-215e00317813,group_3_cluster38
eee0488f-e4d7-43ce-9a73-dd66f812f0fa,group_3_cluster38
85766e6d-cfd9-4bc0-b901-ab0cdf0081e5,group_3_cluster33
8be74a00-281d-4478-b9cd-82972eaae31c,group_3_cluster33
64a3c800-c283-4690-8432-5409f97503e6,group_3_cluster33
3c0e26f1-b781-447b-af07-e28929949d35,group_3_cluster3
62c0b064-d548-4171-8ba5-76aca770bd97,group_3_cluster3
4924ed66-009d-4577-96db-99d8b5e4e26b,group_3_cluster3
05b7c313-56ee-4e97-ad1c-4d3db780a8bd,group_3_cluster3
ac98f978-035a-486c-bbd4-032833ceea6f,group_3_cluster27
47c12816-82b8-445c-9f8d-603fe5b5c0c2,group_3_cluster27
47b1b289-40c7-4250-91a0-3d81db6f044d,group_3_cluster27
2a647204-5a8b-4d1d-abd8-c05bdbdb4bea,group_3_cluster27
445d9abe-71e5-405b-9f9e-173c46508311,group_3_cluster23
dde541c5-e08c-4295-9161-30eb90ae5e2e,group_3_cluster23
6e66a661-9db3-422a-b3e4-9691f48ddd1a,group_3_cluster23
8e0ceeb4-5c86-46c9-b9f8-e7e3b0bc5b6a,group_3_cluster23
cda6d740-9872-47f4-b56b-9413c1743ef3,group_3_cluster23
81c5b3df-e939-4824-aa61-8de27202aef5,group_3_cluster23
90938e58-9bbd-41ba-945a-ce2acf279dc3,group_3_cluster23
d42982dc-373a-4395-a8c8-6253620cba4f,group_3_cluster30
a16f514d-03e4-49e2-9cfb-f078ced93d4e,group_3_cluster30
106dfc6d-b162-4a2f-98b4-fd497d737a75,group_3_cluster30
71495f96-ee76-4e83-a1f6-8b2371f0908b,group_3_cluster30
cfc5ebe0-3bce-4b58-859e-b869683a3cc1,group_3_cluster30
758cd415-f05b-460a-977c-d3813138c8cf,group_3_cluster15
726e4251-82f0-4d86-a0db-24bb8c0487df,group_3_cluster15
83488842-3c52-463c-879b-431f75e09d55,group_3_cluster15
0ff08fc7-983b-4345-b6a0-423592e28933,group_3_cluster31
8594d7c5-e9ef-4c17-8b6f-29d13b24cc78,group_3_cluster31
45e53dce-c790-4835-9a72-e61ad446c1f0,group_3_cluster31
eddbf6d7-9598-459b-b7cd-557eb55b6092,group_3_cluster31
5333e782-f5c8-45c5-b9e0-496e252b5ea5,group_3_cluster31
263735da-3865-4ee9-933b-7b7ecdfb0cca,group_3_cluster31
e41b836f-b7b1-4168-a880-b5b23202a9ec,group_3_cluster31
b508618d-7f5a-4a98-82e2-05d41147a140,group_3_cluster5
0ce8e487-2621-4136-88c0-9d8ac1a77e97,group_3_cluster5
3a5be08e-68f8-472d-989b-512525fa38ea,group_3_cluster5
100b0970-05fe-4778-a07f-931563954f26,group_3_cluster5
c1235575-5245-4b54-9320-bb61d049d0ca,group_3_cluster5
8687a65c-fae9-4508-8f66-35a7b1eb0f3a,group_3_cluster6
495dc41d-83b0-4d30-aca0-19cf5b14e899,group_3_cluster6
e58516b4-cc6a-44de-9cc9-1dee77af243f,group_3_cluster6
f34e6474-1ee3-423b-8487-7de82f1a1d90,group_3_cluster8
208221e6-da29-43a3-bcfb-c83336c6ff54,group_3_cluster8
650a6287-d9df-4cc1-907b-3257cbf98ab9,group_3_cluster8
e3b0ada2-44a6-400c-a342-4425caa5456d,group_3_cluster8
374ed4b3-1757-460c-b127-b461ab78eb9b,group_3_cluster8
536579f2-4bd3-414f-86a9-c536f7704f31,group_3_cluster8
6b57dbaa-69df-4a0c-99ad-7b98cdef5283,group_3_cluster8
abca56e7-7bb9-40ad-8c96-2fda8c367fce,group_3_cluster8
33c7412a-73ae-4db9-9e54-931b79dd9a06,group_3_cluster8
ccfd7415-fc7f-4328-a4f4-d61ffa124fbf,group_3_cluster8
78a3a355-303b-4d15-b190-28ef9831d0a7,group_3_cluster8
22b2e5ea-2906-4b01-a371-f5bc1fe113bc,group_3_cluster8
70a9475a-652c-464f-89d2-bdc67bd112bc,group_3_cluster8
dceaf7eb-94d7-4b5c-b9c4-78ab03d95747,group_3_cluster8
93d1fc0d-d0b2-41a1-99f4-cddd4cfaed91,group_3_cluster8
de774638-abf7-4a01-a7c3-32d30c3a13de,group_3_cluster8
6a686107-a503-4b25-b0bd-21a2f8c2b13b,group_3_cluster8
cb202868-2cc6-4fb3-b0f4-16921895eb8c,group_3_cluster36
b5227139-fc4e-482d-a5c5-220031da47e0,group_3_cluster36
79f01a25-e81c-40f8-b99d-101b87985c47,group_3_cluster36
71a30525-52f6-4396-b937-95aea7008677,group_3_cluster36
5433c56e-37cc-48c1-af0b-6913605deca4,group_3_cluster36
42c7724f-6d43-4631-932a-775a6e667094,group_3_cluster36
02f791ec-78b3-4e52-a3ec-9321ac44ed71,group_3_cluster0
c2618f44-a18a-4bc4-bde6-589139fe512a,group_3_cluster0
9a3f0fb3-fa17-466a-9fb6-8ba07152d107,group_3_cluster0
bb9c1942-0dae-4ceb-84c9-f3315d91c66b,group_3_cluster32
7a1482b0-081a-442a-a9f9-e25c8398089b,group_3_cluster32
0b88efcc-4195-48cd-bf65-f567007d4aee,group_3_cluster32
40f8b4d6-acc4-4654-b061-a835c11447bd,group_3_cluster32
c65542a6-7037-4e73-87c3-02279eaf1c5c,group_3_cluster32
84a39c1d-0952-454a-848b-1c73b2608fc5,group_3_cluster26
248eef10-d48c-4c29-9133-b6fb1977fb6c,group_3_cluster26
a510b3cc-8b59-4bba-8872-3c81884a4488,group_3_cluster26
73ca9a55-352c-4a85-bcaa-9b0beb2ab702,group_3_cluster26
dad7441d-5328-423f-b1c2-2fa440841015,group_3_cluster12
c8de6f0d-720c-4b4c-8d68-30d2419d7152,group_3_cluster12
4cfea5d2-7c3d-42ed-a22c-a9f02caaaf25,group_3_cluster12
1eda3829-ea86-491a-bf5e-5201f5ac115b,group_3_cluster19
21f73660-3d70-40fd-a17d-4d9c9722ddee,group_3_cluster19
679f4fdc-b9eb-4216-924a-bbbdd583a92a,group_3_cluster19
053a0517-576c-4865-a4d4-9f35c1b3876a,group_3_cluster10
fd12e663-592d-4466-b4d7-47dd2693cc39,group_3_cluster10
1d469ba4-da6a-4505-baef-113360a234a9,group_3_cluster10
be0012f4-78a4-4c32-8e33-ed96d1456aba,group_3_cluster10
097a77b5-7bda-4b8e-925c-5d5278c0642b,group_3_cluster10
d73a0c5a-8c60-463f-8585-3319f8b9afe3,group_3_cluster43
81cd7fcc-2670-43d0-a913-8c3aca2ebee6,group_3_cluster43
94902be2-7047-4193-b2f1-b342a6735002,group_3_cluster43
7deffdfb-6852-446b-949b-6841019b519d,group_3_cluster43
560218f7-3333-44fd-b922-4d92aa62bd98,group_3_cluster43
3f6dc110-b8cd-419e-a867-b4c0e6d3880e,group_3_cluster11
2278a1b8-bc3d-4569-93e7-cef5b10dd6f7,group_3_cluster11
bacf0065-7c41-486f-ab70-ac8b399dfe4e,group_3_cluster11
feca6884-0398-4eab-9a01-b0de20304cdf,group_3_cluster20
6ae89e59-6246-451f-9d80-4637cde3753d,group_3_cluster20
b25d81f4-01ea-4e9c-a340-dc640aeddbed,group_3_cluster20
da67e40c-91b3-4c3b-bd2e-b923caef63b9,group_3_cluster20
e2eb382f-adf9-4c47-9e19-782116811699,group_3_cluster20
428805c3-9f69-46a7-8928-748b978b4772,group_3_cluster20
3147f55a-8986-47a5-b86c-5da1e3b6d9e1,group_3_cluster34
5c0d3f0e-9e24-416e-9daa-c4ff877e7826,group_3_cluster34
da7f2923-915c-41ad-a31c-7c552cd9225c,group_3_cluster34
17b9d187-3978-48f1-8f38-c39965a43cea,group_3_cluster34
7975d5a2-99c0-4909-9dbf-d50dbb99f855,group_3_cluster34
ec9a470e-5de7-40ca-87b1-745d833d7d3a,group_3_cluster34
614014d7-1f98-44d7-874f-fcb4ff9f422d,group_3_cluster25
f51b7f2d-c20d-444a-b39e-ca7215671284,group_3_cluster25
0042b471-c2b8-4d42-8dcc-b0475e1313e4,group_3_cluster25
2c09c6b6-1822-4876-bd3e-eda0e4c2f66e,group_3_cluster25
40a0e550-976c-4eeb-8eb4-8e40ce2af86a,group_3_cluster25
f3494d07-ab82-4109-bea1-6cbef933d93b,group_3_cluster1
f4881bfc-b624-42ca-974b-0580241b4261,group_3_cluster1
1003ff34-bc30-4ce5-9e6b-4e99a53309cb,group_3_cluster1
4af75c74-980c-4516-8819-a7b1709aee45,group_3_cluster41
02108933-1010-453e-a387-bf020933c9c2,group_3_cluster41
19d6c279-4951-49ab-be54-b58ae0701a32,group_3_cluster41
960cec03-dbd0-4d40-a103-690ce9cb1d16,group_3_cluster24
ddc214fa-3ff1-4280-ac2f-4fbbd1fb1092,group_3_cluster24
a1ffe1ec-dc86-455b-8712-6dc7d0793777,group_3_cluster24
59d20e06-037f-4694-93a8-d7bc1b2de7b9,group_3_cluster24
3d1a26ab-db84-43c7-a6a6-75f43c50495f,group_3_cluster24
ab6248fc-c0a5-45fd-ade2-3eacd22cef80,group_3_cluster24
85518e01-2df4-4fa9-8d92-ed28aa8c1159,group_3_cluster45
7b5d3a03-8d3a-4feb-8415-1467f026dc28,group_3_cluster45
a3a4f1a5-d0ac-490e-a751-2db3cc1723a5,group_3_cluster45
ce845dfd-ef74-47b1-bf68-37d71fa0c41a,group_3_cluster45
8ab85bc3-e160-45e7-8fb4-830113756623,group_3_cluster45
3ef0416c-d526-475c-88bf-f0b7e503766f,group_3_cluster28
ef7b958a-81eb-44d0-b312-35359985965d,group_3_cluster28
be32b29c-74e3-4b33-996b-58481c23fd61,group_3_cluster28
56cb9316-3564-461e-af71-5a6854338b53,group_3_cluster7
3ddeecfb-59b2-437e-a780-c6c5dfbab0df,group_3_cluster7
b986f9fa-82dd-48af-ad01-f32823f07c9b,group_3_cluster7
4acf5133-8070-45fa-9a17-123c0d9308d4,group_3_cluster21
80ac30b1-4713-402d-aae9-6455fd11f5fd,group_3_cluster21
292e684f-6daa-4ca9-b4ba-a30131583f82,group_3_cluster21
8e1eef4d-240e-4ce8-bc26-a6570fe8ece6,group_3_cluster21
31124c63-0e30-4fe9-adf2-c695f3008995,group_3_cluster22
a5e47a45-e147-4863-85d7-254d8f9afaf9,group_3_cluster22
4302704a-83d5-4b86-a8b5-b0593681d178,group_3_cluster22
2abbacda-9f2f-49f5-835a-c6d95b49f32b,group_3_cluster40
6972bf78-a852-4f64-b7e9-c579287977dd,group_3_cluster40
5bbab370-088a-48fa-84bb-6115c549c8b9,group_3_cluster40
f2897965-a7ed-411c-b2b5-0e209cb6bce5,group_3_cluster40
67298388-97aa-43fb-89b9-e7205d94f8b1,group_3_cluster40
86e6b859-3fbe-42cd-88e4-624c08a615f3,group_3_cluster40
1d720edb-7cc0-4d89-a937-7f5cdbc45e8d,group_3_cluster40
e733c608-da84-49f1-a3ae-52a025b1cb3d,group_3_cluster40
c9983c74-fd09-4fce-ac5d-e05fc4d2c308,group_3_cluster17
de73fd67-0c11-4bf4-9a57-bf47e45fcd03,group_3_cluster17
d41957b1-c77f-4dc8-87c9-4f1157ea8680,group_3_cluster17
20e0e0fc-efd2-45da-a49b-2cf6bdbb6348,group_3_cluster35
76255a15-f478-41f6-90a2-b5b4ca1b03d5,group_3_cluster35
0b742e70-17e2-4b9e-af66-68aa53f0930f,group_3_cluster37
a1c901f3-16f8-472d-94a9-b7b08d216bc3,group_3_cluster37
b1b847bd-8a99-434f-af22-7fe1951c194e,group_3_cluster37
6ea67e8e-8c97-4b98-82e6-49c894f8bec6,group_3_cluster37
c93e2336-de56-4353-ba7a-038be8fff597,group_3_cluster37
6ebf2d02-6b60-4721-b26c-b15cab22ac90,group_3_cluster37
8be46640-d9d3-42ac-81d4-d5dc9408266e,group_3_cluster37
a7ae6597-46a9-4b5e-ac07-3fe297609cc4,group_3_cluster37
651907b1-b5d1-4fe9-b1c4-2586a50702cb,group_3_cluster37
0dd38844-f46b-4b76-a603-43a4839284ce,group_3_cluster39
8cc74798-97cd-4276-8386-28e0425ac2de,group_3_cluster39
9f398fc1-912b-496a-b55b-274ab58582e5,group_3_cluster39
99687444-6597-4bbb-8563-52d385c4babb,group_3_cluster4
e80d5805-ea79-447b-af14-81249b1c164b,group_3_cluster4
419e3688-16b3-40a5-b093-5805560c1541,group_3_cluster4
661f8510-d860-4c8b-876d-382486bc9b88,group_3_cluster14
b4ee8dbd-6892-4653-93b6-e15ea4ab5315,group_3_cluster14
a42e8862-df7b-49da-9689-cf45bf593b68,group_4_cluster-1
1ff7c9b3-ed3e-42e4-9d4a-71e31b057cda,group_4_cluster-1
87c97094-0366-4c25-b898-dd18324a4898,group_4_cluster-1
ead6cfba-1910-49d7-9b53-2c599f38580d,group_4_cluster-1
fe502b98-f17e-4919-83a4-e6c232c9bbac,group_4_cluster-1
2d571aae-1992-41da-9e44-51a65168b5f2,group_4_cluster-1
7441dddd-ea72-4572-ad95-ce5a8822a61a,group_5_cluster0
3cf3c498-3b5a-4701-8687-9236440e1f07,group_5_cluster0
6d804c42-6629-4a75-a88e-564a70902746,group_5_cluster1
cf789334-18e4-48d0-9d50-acecda34c6f9,group_5_cluster1
c47e83aa-7c00-4f2e-8f75-588ff280d8e2,group_5_cluster1
49d80b77-f57a-468a-a4af-324df94217d1,group_5_cluster-1
c00dd214-3009-4d40-bdd8-09838d552dec,group_5_cluster-1
54c15079-3f4e-4692-85a7-b0eeae8c5f9f,group_5_cluster-1
ba8a9c10-f1d0-4c82-a3ee-086b0e6dcad7,group_5_cluster-1
9807e26c-30da-4b24-a024-d36389c6fa65,group_5_cluster-1
2964493a-7925-49c5-ac93-3a9acfe3baab,group_6_cluster-1
286f3f75-d33d-46de-b287-cb13cc8f84b5,group_6_cluster-1
139b511b-70d4-4881-883a-fdc981c59f80,group_6_cluster-1
dbe857b2-0a1d-4c82-bc6d-9f45d9298ba1,group_6_cluster-1
bd90126c-046b-40c3-8680-a0c10f6c4475,group_6_cluster-1
16cced1c-eb7c-4348-b720-0648118e9dd2,group_6_cluster-1
ea7dfb68-d465-47e4-80b7-d74ef18118ba,group_6_cluster-1
b302be70-f604-4ddf-b515-723210b7e11c,group_6_cluster-1
6889e328-934a-4fc6-8418-6d5c6946d21e,group_6_cluster-1
c17cf2ed-34cb-451e-bde5-2785ae794091,group_6_cluster0
31c1bf4b-9964-4c03-a674-dff3d1944e94,group_6_cluster0
d3868782-ef57-4a96-ad52-c5803fd2babd,group_6_cluster0
8605a344-c7d7-4f56-b6d4-8b9469aad53a,group_6_cluster0
084c2c68-963f-4494-9b28-5f3a63f26935,group_6_cluster1
4383b1d7-4b8a-4040-833c-884255a113b2,group_6_cluster1
29212f5d-820d-4128-8c46-299a4f8f3ffc,group_6_cluster1
d96975c5-0bea-41f6-a4a8-fdac53f374f3,group_7_cluster-1
6e1dc07f-9d81-454e-b9ce-9ddc7a79e535,group_7_cluster-1
de2090e0-00de-4273-847e-24b07160e7fd,group_7_cluster-1
f61000a0-91fa-4860-943f-19b8d7044437,group_7_cluster-1
5e26458f-eb1e-4ac9-876d-4d2838975c8c,group_7_cluster-1
2d0cee9c-0211-458d-a03d-7ed89b27db3e,group_7_cluster-1
7fb4ac5d-7d63-4c83-9278-d808d3cc4147,group_7_cluster-1
a059b6ce-04c1-4d1c-99f8-1c2b4e71fe94,group_7_cluster-1
cf1c9646-14e1-4cf9-9f8b-198a54a4c886,group_7_cluster-1
cf4cc4a0-ec61-4a2d-b1b0-4dd20fdf17d4,group_7_cluster-1
abf532e0-9e78-48e4-8592-73ed609236a6,group_7_cluster-1
be13c2d6-8d22-45a9-86a8-e280a389af12,group_7_cluster-1
38621c11-80da-40bd-b6a9-391a96a51611,group_7_cluster-1
eb318212-fdd0-43fb-a6ee-67edd9aeb7fa,group_7_cluster-1
74488e72-1e44-48da-a71b-8a3bed02b14b,group_7_cluster-1
2613b1f4-5441-413f-8274-285362def2b0,group_7_cluster-1
78dd1c63-79c1-4c4b-9962-dad627902132,group_7_cluster-1
e22569e2-87ea-48b2-96ad-b6d954848d11,group_7_cluster-1
3ec2ced2-e5c0-4e98-a572-7e0aa49d05d0,group_7_cluster-1
f9712fa3-5f5b-4858-ac9d-1809d7359b79,group_7_cluster-1
3532052b-8c68-40d7-8e09-6c1239513519,group_7_cluster-1
399cf738-dc3d-49b4-b6e7-cceb55a0c260,group_7_cluster-1
788f346b-1f2c-4da6-a848-d9c38338207b,group_7_cluster-1
6b7a44f1-96db-4981-a68f-e998249e5e16,group_7_cluster-1
5d95b9ae-df54-4810-9380-28dea0e250c3,group_7_cluster-1
38e96e9a-d8dc-4ef0-9e77-8a5d6b04a173,group_7_cluster-1
3eaead1f-ceb1-4548-ad3f-6fdc949ba46a,group_7_cluster-1
7f84c405-47c3-4565-9aa8-7c92c1204353,group_7_cluster-1
8f820e90-7c30-4e64-bdff-71eafd2e2fef,group_7_cluster-1
67ed397e-9d71-4568-acde-3c7b298b463a,group_7_cluster-1
2905f6d1-8123-47a2-8dc9-93734691a241,group_7_cluster-1
5fe78fc6-6fe5-4b6d-9b80-af9f1150d03f,group_7_cluster-1
65362bc4-f3c6-448e-b707-e1ada54a19e2,group_7_cluster0
6e796ae0-4d93-4061-a28d-b165be05da2d,group_7_cluster0
e361f9ad-cf83-46b7-8021-ad9e90474e1e,group_7_cluster0
20ef460f-9c8f-4e2a-8473-7560c6454f97,group_7_cluster7
362daef2-bdda-4a8d-bd32-8e6418a9d6fa,group_7_cluster7
928931ae-3a22-460a-abba-131318050b4b,group_7_cluster7
b564061d-a675-40ea-849a-6f7b9f569b39,group_7_cluster7
679dc35b-4aaf-4de3-9dfc-207aa5a34e56,group_7_cluster7
c10f583c-46fc-4c3b-85af-82363d1aaf7e,group_7_cluster7
bc941de3-59f0-4e59-90ac-186784d4c418,group_7_cluster7
205f00c8-0eb8-4274-8187-15a21c1618f3,group_7_cluster7
3767a847-ca71-4bdd-ae12-868767379dbc,group_7_cluster10
ce0b59c3-072b-4ce9-9cba-eecd0cc1618c,group_7_cluster10
8a2b1cdb-8c33-4be3-a801-72ab1d71860f,group_7_cluster10
89250c6a-7188-47a4-b7fe-2502ad57e770,group_7_cluster10
5fac1ac2-7ba9-4c36-b1ac-1f498886e1d2,group_7_cluster10
34a99619-136d-4644-867c-bd9873882732,group_7_cluster10
b4896f53-5014-41f3-8972-8fb61969a269,group_7_cluster4
39d62aa9-724a-4d4b-82db-51189db70119,group_7_cluster4
fc110f1b-4df6-4fd9-b831-955dea020f7f,group_7_cluster4
d7baae4f-8238-4710-8611-105c8238450f,group_7_cluster4
30e43693-2ad6-4a79-8647-dd2d356d1bc0,group_7_cluster4
7f4abac2-7570-4aed-912c-33425e46bded,group_7_cluster11
b9373dbf-ca52-4973-a4f5-4a887382f7d2,group_7_cluster11
d0f97060-0d39-4a2b-90e5-299ee1dc2aeb,group_7_cluster11
0e671c52-0506-4e73-9c14-789726ce13cd,group_7_cluster11
f152932b-9de2-41a5-83fd-2ab370e1039f,group_7_cluster3
c800ccb4-782a-4998-a472-7b4abc11afac,group_7_cluster3
f506a813-33ed-4e6c-a1cc-781d9ea22c33,group_7_cluster3
1c799908-e111-4e89-8595-13f1bdb7f887,group_7_cluster3
8bd82c43-b25d-496f-9643-7f58c638febe,group_7_cluster3
66dc31e5-f6a5-4834-a12c-31ebf7c23bbb,group_7_cluster3
fb6742a6-c300-44ff-b554-d1c94625d53e,group_7_cluster6
1f031760-87b9-47a3-87c5-85e75990dc42,group_7_cluster6
7b0c6d37-fe6c-426a-8d96-838b0f7e2ce2,group_7_cluster6
6981d128-0881-41d0-9669-3d2ad33c131f,group_7_cluster6
ef3c561a-f4d9-47fb-bf22-6e1c99349d48,group_7_cluster6
c771d673-713e-443e-b661-376cb4797a14,group_7_cluster2
41d8dc84-c5af-477b-9020-e576b8e43cc4,group_7_cluster2
dadd543a-b196-49c9-b6d0-ad297970f57e,group_7_cluster2
c31c1a2e-1051-427c-8408-7eca2a1d1f5c,group_7_cluster5
97a449b8-471a-4f8f-a0b5-1dd9ebbef25e,group_7_cluster5
13b44a1d-0ab1-40b4-adac-66a95fb95d9b,group_7_cluster5
53cf1e81-6bde-4060-86f1-b51dff67a320,group_7_cluster5
439d4a31-fe0f-4bd1-9bb0-90721b3dcee2,group_7_cluster1
5eb7d767-175b-45df-bdca-2b2dc69a8812,group_7_cluster1
281a6ad6-dc57-45b6-80d0-a2451f8d9108,group_7_cluster1
17b0fdfe-26a5-4b82-8426-855d0fdd218a,group_7_cluster1
fa34521f-3b0c-4c7d-8b1f-6c42cfc5b75f,group_7_cluster1
719829a1-fa39-4888-9cad-85f3ee088c91,group_7_cluster1
bcd982c6-42d6-4219-95a8-967aecbbd3b1,group_7_cluster1
4b386da9-124a-4d45-871f-0c7d956dcc87,group_7_cluster1
79fecc26-905f-4a44-aeb0-f9a0cff26596,group_7_cluster1
73e18f44-3db5-49eb-ac59-07c3d3368043,group_7_cluster9
8e634858-bc3d-44e2-956f-d6695a442aca,group_7_cluster9
6db6fe11-5161-4850-aebc-af2740b34f0c,group_7_cluster9
5c73216a-9d66-42b1-8f94-414eeaa71271,group_7_cluster9
ded6a903-09d7-4604-a314-f0dea9c53665,group_7_cluster8
5199ce38-0689-4092-aa63-0b2c11a38d41,group_7_cluster8
ffa50399-c6f3-48e7-9180-157b72039605,group_8_cluster-1
99e8c205-629a-4de2-bc54-d1ca58fdc2ac,group_8_cluster-1
778a99df-14a4-4d2a-8157-7ea9edfcfb02,group_8_cluster-1
a83acb0c-d679-4575-a243-972e92e3509a,group_8_cluster-1
bfeeef79-0431-4d51-be78-4ae8539a6b58,group_8_cluster-1
63d64f5b-3af8-4a37-94fc-01b038046bbb,group_8_cluster-1
ce942a71-f46d-4f55-ba00-70c6dd7f471f,group_8_cluster-1
907e24e5-5fbe-487c-adc3-9f09cc1c6aa8,group_8_cluster4
cc1df684-798d-4141-ad74-20426cb185a5,group_8_cluster4
b9e2eb54-f8b7-4aa7-be32-5e69c295c19b,group_8_cluster4
6ac82b71-8546-425f-ad38-0b501378736b,group_8_cluster1
48813606-216b-49cf-b325-4908e9f3c1b2,group_8_cluster1
9317df6e-c1bb-4884-a998-c872e861a7d7,group_8_cluster1
b95734a8-27b6-4934-b5e2-249ed1a22e2a,group_8_cluster2
97a5a408-aab1-4a8e-9aa4-3a88a8195f94,group_8_cluster2
4d8201ec-f386-4e13-8a9f-72d52162afbe,group_8_cluster2
edbec8ad-3025-4812-b25d-149a160b2d92,group_8_cluster3
e61097dc-dd32-4ba1-9046-63d18aac69fa,group_8_cluster3
06a3f20b-8fc9-4ff2-a7ae-bd421b5e02d3,group_8_cluster3
49fe2631-269a-4f78-a104-91be56a4c6ab,group_8_cluster0
afc87e98-7b87-4e36-b183-45b9f6b44ba0,group_8_cluster0
2bc211cc-e473-48ab-8ca7-88777f6d7469,group_8_cluster0
af452b92-6947-46e5-9dcd-42e81bee453f,group_9_cluster-1
1b3b1edb-897c-45ba-a085-2bd6f317c4bd,group_9_cluster-1
81910c09-7ca5-4fd4-a10b-762e36df1e88,group_9_cluster-1
93b23231-a98e-4b6a-8970-6ffd22577ace,group_10_cluster-1
46f080f8-b233-4591-918f-e8c99b9e7400,group_10_cluster-1
b59f0f9e-2bbe-4137-9a9e-a50826485a8a,group_11_cluster-1
8d3a478a-0d85-486d-a498-bd285861eba3,group_11_cluster-1
cbb7ba3b-ebf9-4e5f-8845-33569b8e24a7,group_12_cluster0
1228c9b1-1920-46ad-9683-d4139c68eccf,group_12_cluster0
0a2a9fcd-1779-4123-841c-8c606ac72c54,group_12_cluster-1
98dc7766-5d0e-4b5f-8e2d-82e6b79715c4,group_12_cluster-1
3a8a6826-9bd0-4d09-a00f-110de6a1f1cf,group_12_cluster-1
d880cb16-1c38-4a5c-91bb-7728f973b745,group_12_cluster-1
d80d8401-e94d-4936-9fc5-90b45a285071,group_12_cluster-1
e6df2f88-96a2-470f-86e6-5c1c61d84e52,group_12_cluster1
19b73794-b5cf-4ec2-ab77-98f0c79ea57b,group_12_cluster1
a384da56-e2b3-47af-8b2c-4d1147019f74,group_13_cluster0
a0224f91-7f79-4c6c-a61b-ddc6aac6c5ad,group_13_cluster0
b9720763-1a33-44c6-a8d2-b8151bfee3df,group_13_cluster0
c31b7a03-4a2b-4681-85a4-bddbce3676ad,group_13_cluster0
4e52a38a-a169-45d7-b43f-ab6705f47a5d,group_13_cluster1
454adbac-0754-4b7c-bbc0-0c2079646f88,group_13_cluster1
c70c055e-dba6-43fc-b845-16e8bc6a6705,group_13_cluster-1
3634968a-3aa9-4175-8b14-0e868d8e1aea,group_14_cluster0
5ef5d37d-56f9-4edc-b794-3e7ab98e31ca,group_14_cluster0
1c7325ac-ac4f-4b71-b7ed-d8e602e2da0f,group_14_cluster0
3c3cb834-9edd-4df6-bc91-0272471ef52b,group_14_cluster1
f2476e60-c471-4f10-b097-86f9c6e6784a,group_14_cluster1
219ddb3a-ffb4-48d9-b37b-319d6423b71a,group_14_cluster1
80d2a175-8635-4ecc-bd1a-345d16d4523f,group_15_cluster-1
7a91d677-3b28-4ec3-b7b6-aa472fcf408a,group_15_cluster-1
02345190-cc2d-454b-b082-e04bace38a19,group_16_cluster-1
6295ecac-74cc-4e1c-9f7f-a7721bf91689,group_16_cluster-1
3bf5e451-28a0-4cc6-a01c-c92ac346d9d7,group_16_cluster-1
e8673307-826f-49ee-a874-b606e323816c,group_16_cluster-1
b0eac91d-d80c-4424-b153-9f643c01eb02,group_16_cluster-1
8b5c4745-1e73-4070-a286-48a54da061c7,group_16_cluster-1
1da8476e-5ff3-4ab2-9217-1fe03b8f579d,group_16_cluster-1
044b624d-8f22-4c4d-9a47-6153c2186247,group_16_cluster-1
2e4c4e94-ebdf-46fd-a275-3536359a819c,group_16_cluster-1
94938764-8960-4ebb-b6c8-12cb91a9dd11,group_16_cluster-1
4c0a03d5-8a3e-48a4-993b-d24b542165f3,group_16_cluster-1
43ef8f82-f71c-4ca1-af3f-de74ee049eb6,group_16_cluster-1
8c917b82-4e7b-4176-98c4-9167b927b8f2,group_16_cluster-1
034ec549-6a49-4bc3-b3d6-46e2d93dd26d,group_16_cluster-1
b618242f-3156-475b-9a02-68dd7f3b4962,group_16_cluster-1
59328bad-92b3-49a2-a153-e9585e485a50,group_16_cluster-1
f9c25507-25d8-41fa-ba3b-cc2a309770e1,group_16_cluster-1
1ab9b58e-d9d9-46c8-be15-ce5f866e6f6a,group_16_cluster-1
4f0db758-9d05-4e11-8106-cfc7b32f9f35,group_16_cluster-1
acdb8093-c93c-49d7-af05-f04cae009f99,group_16_cluster-1
f6964e1f-ab8a-4c1f-8f1e-26ab7ec8e79b,group_16_cluster4
a7952cba-0692-46d3-a8fd-f1a2bb84586f,group_16_cluster4
f7c1e2ea-9981-4852-98b7-37cf8330139c,group_16_cluster4
eec47f85-ac6f-415a-a134-03a83bc7cbdb,group_16_cluster4
2dfcf05e-a881-4edf-ad15-2dfa1ea5fba2,group_16_cluster4
a343a2f2-fac1-4782-9671-370daaa1aaa9,group_16_cluster4
9557788b-636d-4c87-aa0a-4d0ca4d4a2ae,group_16_cluster4
825f3c65-82ea-42b5-a6ff-d1baf719cdc5,group_16_cluster5
aa0e8996-9c9d-4674-9773-8dc4d064b1e3,group_16_cluster5
3f54a536-33ef-4c23-a145-0196a1da53e3,group_16_cluster5
a07328f3-31ca-44b9-982e-fb96296a2386,group_16_cluster3
d8ea40c8-e72e-4029-956d-1bbb6fb1ada6,group_16_cluster3
ff32541b-34a3-40ca-ad1e-b0a6f0697fa2,group_16_cluster3
3ca43ddb-427c-43fb-98d5-c21e7210e373,group_16_cluster3
8a0c8ed8-4ec7-4d46-9644-fb7658c79115,group_16_cluster3
f25e1ac0-499a-4aad-9ad8-9fcb3e09fd33,group_16_cluster1
0c8469f4-c44b-40dd-8d2e-da1028c76964,group_16_cluster1
77cc0a25-0a87-438d-ae03-d6370f04a013,group_16_cluster1
e7ce653d-2aec-4a70-9051-892300f32bad,group_16_cluster2
7cd328a5-f906-4ee0-a892-c4b313800106,group_16_cluster2
2e1c8578-20db-4aad-b22b-af8414c66367,group_16_cluster2
c0f1df4f-1614-4b7c-bb50-c26cc476d9b5,group_16_cluster0
2454fea7-ca6e-4c2e-84f5-89a39aa5326e,group_16_cluster0
08e0b037-7180-4d9e-ba3a-f63ea2206ffd,group_16_cluster0
4b1fe660-e85d-4e13-9a35-7a3b955f2c33,group_16_cluster0
0f844398-9d29-48ed-ad31-68b0850acebd,group_16_cluster0
27f55097-cd1a-4e8a-b2b0-bfb49e14c3f2,group_17_cluster-1
44b896c4-822e-4ee7-9918-808af385e2c1,group_17_cluster-1
c961ce9a-2938-4e86-8da9-36de34db69f0,group_17_cluster-1
4e0353a9-c959-4fac-8ada-2cbf6080eb5b,group_17_cluster-1
38585e04-4c19-4331-9205-4fbe3fac996d,group_17_cluster-1
ca555e5f-bbb7-4165-892b-938a7ccb5638,group_17_cluster-1
19de46b8-1a9c-41cf-8492-b22421c5b3bb,group_17_cluster-1
a4105bc8-0e67-41c8-9c4f-4d0c8025b8fa,group_18_cluster-1
50ce2d31-25cb-4d0a-a15c-b096a7b310d2,group_18_cluster-1
2ce9894e-1af1-4e2a-96e4-c1dcce1d0096,group_19_cluster0
019a1dce-fe3f-4b83-b4bc-cfa584998294,group_19_cluster0
035516b5-5a13-41fa-9979-68c89a12a666,group_19_cluster0
0c0b6d72-7143-49bf-8c53-d690854f76f4,group_19_cluster0
5f13378d-1756-4c32-b793-962f5a106269,group_19_cluster1
7fdf3b96-a45c-4faf-920d-850a397992d4,group_19_cluster1
e1ec1a20-cea8-4c55-a244-d2350df63cfa,group_19_cluster1
63a42859-9278-4e1a-b823-e85e2465c0e9,group_19_cluster-1
aebe36f0-2579-4b3c-bd8d-26214cbfc641,group_19_cluster-1
6937a48b-8841-4483-8483-74565a1ab262,group_19_cluster-1
e888e4b1-acbb-49e7-a839-6c642cd3206b,group_19_cluster-1
fa327315-6d37-4a05-a383-fb304278c894,group_19_cluster-1
520f3827-27ee-45ec-90fc-ccde6e9190ab,group_20_cluster-1
969a13b1-4eff-4e88-983c-7cc7c2d94edd,group_20_cluster-1
46b62839-2d1b-42e6-9492-247977fe106c,group_20_cluster-1
8c580c05-c598-46a5-a850-5e1c7e7da3ca,group_21_cluster1
2082bfea-5fbf-4691-b467-f75f1d3ca5b7,group_21_cluster1
8f9bf6de-e75a-40d7-8d84-8a54e3786abb,group_21_cluster1
47a77ae8-718b-4091-8c36-c9511ea7b978,group_21_cluster1
7c4399da-d7eb-4078-943c-496ba65bb728,group_21_cluster1
445c125e-ca93-413f-9783-57d2558afe52,group_21_cluster2
8556af6e-a897-4c6e-ba5e-4758ff00ef61,group_21_cluster2
fdc85a3b-7e96-4b77-9e5a-65623ee3b579,group_21_cluster2
e673ef78-e41c-411a-8ff5-e19aaa81777f,group_21_cluster2
1b9e1055-a01d-4e2d-af54-7fda742588ed,group_21_cluster2
9fafbc5c-661f-4c0d-9d1f-ab1fcc4b4414,group_21_cluster2
cff214eb-e12e-4a23-aeb5-522d7e04ca56,group_21_cluster2
6885755b-8c29-448b-ac1a-a984e066961f,group_21_cluster2
04319d07-5f42-43a5-828b-dd2522de2651,group_21_cluster-1
5719a48a-0df1-4d62-9d54-78cb86a9c02d,group_21_cluster-1
26442cd8-4cfd-467c-a5e1-009f78fc5eba,group_21_cluster-1
d86a14b0-7e6d-4b4d-914a-b619d2aaf33b,group_21_cluster-1
218b3ec1-fdd8-4e09-a8d4-54f067c8eda3,group_21_cluster-1
ad0c99ef-efb9-48e3-ba9c-734675ee0192,group_21_cluster-1
64e12e29-057d-4a66-92f8-beb1a4b70cde,group_21_cluster-1
5207d9cd-d9fd-4e51-be2b-158dd66df87c,group_21_cluster-1
b7c87e97-f65a-487b-bdfb-aaf362539362,group_21_cluster-1
bab601bd-0556-4254-81ff-d0a86d4698da,group_21_cluster-1
fa1d35a2-74ea-479e-9f73-fab96693d707,group_21_cluster-1
6922fae2-c5b0-48d2-87e7-4859858adcb6,group_21_cluster-1
2e36ce42-caa7-49bf-8422-f93064c0a242,group_21_cluster-1
0896107e-318d-450e-8dd5-7b11095607f3,group_21_cluster0
1c4825d5-5f5d-4bf9-93e8-146df18546fd,group_21_cluster0
31b57df8-c826-4780-86b6-efcc4a8c38ec,group_21_cluster0
1a2c19ff-c40f-4952-b525-3ea3cbc8e6fd,group_21_cluster0
4962f981-99f9-4af8-8e85-34eb8411019b,group_21_cluster0
aa603c47-66ad-48f0-a565-acbd664da9a0,group_22_cluster-1
50839e80-26dd-473d-ae1d-e0d8a09f8416,group_22_cluster-1
d354e2dd-3f00-4fce-8947-720a16f300a7,group_22_cluster-1
4a5d5f5e-95cc-4c2d-8fc5-3c2da83855e4,group_22_cluster-1
fb2b1efd-5102-4bdf-9867-a5c6a19fa133,group_22_cluster-1
fbf8a372-8f0d-4c1b-b84a-5c09ae6d03e6,group_22_cluster-1
4fade748-8a2b-4620-8a5f-b29032102623,group_22_cluster-1
b72bc193-9dec-4578-a6f0-770b71a459d4,group_22_cluster-1
45697a38-c3e8-466e-96c6-dc85f6865042,group_22_cluster-1
8171ccdc-c81f-4ad8-ae16-626f25954c11,group_22_cluster-1
d1584f22-1dae-4e35-ae52-91a841dbda3a,group_22_cluster0
58236e35-fe15-423e-8c59-d1e20f704025,group_22_cluster0
4d776f13-4306-4153-b23c-db5410a3c5fd,group_22_cluster0
927cc0af-77ef-41ff-a8b4-7b8bc44d7254,group_22_cluster0
a9dea006-0ec1-4134-be29-9cc88e289fd7,group_22_cluster0
542eec6a-0573-4dfb-aef0-8708982daf6c,group_22_cluster0
7fc6f6e9-d041-4963-8009-ca575d694ed3,group_22_cluster1
2f817225-78e3-4bae-b814-ea3af7307923,group_22_cluster1
fa6a2a90-c479-4adc-ba3a-bcdc1d4d00a3,group_22_cluster1
54ee52c0-5094-4772-8f1d-763b59a311c8,group_22_cluster1
dca529b4-bb8e-42ec-828c-54d4c58ca301,group_22_cluster1
e0665b37-4351-4e0a-832c-e2ccf96b4ce5,group_23_cluster-1
5b0657a2-9490-4a7b-9cd0-4220131c500b,group_23_cluster-1
18f34f39-60e3-4d53-a242-33ae46446cbf,group_24_cluster2
e11ef7e6-86a9-4007-acab-0252b53a6387,group_24_cluster2
578f5812-cbfb-4af8-8eeb-07659cd0c9e1,group_24_cluster2
bcf995f3-a574-42bf-b164-da83054dc9d4,group_24_cluster2
0515c911-33d3-411c-bde8-9028329e64b0,group_24_cluster2
50cccba5-7fa6-497a-b365-229e088cd3c8,group_24_cluster2
74192df7-8725-40bd-a687-bc35957bc536,group_24_cluster8
73961bfc-cf50-4aa8-804b-56748396b966,group_24_cluster8
6c4269fc-3abf-42fc-9245-530fe25fe98b,group_24_cluster8
ce1bde21-0f82-4268-9f38-ec82f12c79a7,group_24_cluster8
0f600698-6054-4581-b507-4a081a905b9a,group_24_cluster8
c2819cfd-1141-4bf4-bc00-072a81c2756a,group_24_cluster-1
2340b28f-5633-4bbf-8761-6891c5e34194,group_24_cluster-1
62d64437-2fd8-4590-8c17-74ccbbdd1354,group_24_cluster-1
aa95a440-82e5-4f3f-9d6c-2758fd431c82,group_24_cluster-1
87caab52-61f3-4864-9eea-9fd36e2351d0,group_24_cluster-1
e6343926-4be3-4474-8143-c69f9d474243,group_24_cluster-1
24587e9d-bd39-4cc1-b680-97b573ab9417,group_24_cluster-1
ec840fbb-ced0-45e4-8ce2-50b0798057b2,group_24_cluster-1
18c760d2-3a21-4c4d-a4d3-d6e5646d9332,group_24_cluster-1
a3eaf008-6df9-4f9b-b9c3-eb6037cdc47a,group_24_cluster-1
58ee4fac-5096-4d14-a634-fff03d5f7d3d,group_24_cluster-1
ba3e2928-1395-416d-9898-8026d2b57247,group_24_cluster-1
e4606996-0dca-443d-b161-7829990d969d,group_24_cluster-1
174774d3-b00f-42d5-83f4-edef7d3d211b,group_24_cluster-1
4e65b3f5-ec6e-4558-8f55-667f8fa34d06,group_24_cluster-1
5fbb0776-cec7-4c94-80b7-f583b197a9e6,group_24_cluster-1
b121b8fb-34ae-4225-a4a3-3678a77eae2c,group_24_cluster-1
62938f05-fb1e-43c4-9be4-0b2c055ba744,group_24_cluster-1
c8aa246e-9f3a-4ea2-8e3f-29f0a4db4128,group_24_cluster-1
47da6d6e-f147-4309-a895-2444a4d2b611,group_24_cluster-1
8590df96-8c0c-4480-a647-b36044aeaec8,group_24_cluster-1
9ec80e3a-071f-4086-8919-316024f93070,group_24_cluster-1
e3d32fca-def2-4357-962a-ba8eeb9b444c,group_24_cluster-1
f7e4058f-25a4-48dd-bdd6-5dee756125d6,group_24_cluster-1
ae5f5998-feee-4c6c-82a2-ea9f61691b1b,group_24_cluster-1
c9acc39e-551b-45bb-8e25-a669985cde31,group_24_cluster-1
e3856033-4eaf-4282-b8f1-47f3a9449b8d,group_24_cluster-1
1b1a9c26-0422-4768-a0aa-465c99572225,group_24_cluster-1
db0ff704-38b1-4097-b8af-c169167cb046,group_24_cluster-1
c637765f-5f0b-44b9-9ed1-9d3fe0304369,group_24_cluster-1
7b516a03-3ac2-4d2f-8a28-6f02a9d592dd,group_24_cluster-1
16bf1a1a-357c-436e-8400-3d28046857db,group_24_cluster-1
45b28350-25fc-4641-9c29-94ed9ae51d59,group_24_cluster-1
9ac87f99-aded-4816-a021-baa961578dc5,group_24_cluster-1
3df6c53e-b735-45a2-8592-e124308a7515,group_24_cluster-1
2593aab4-e58a-47f9-a8cf-938bfa8b70e6,group_24_cluster-1
d097c7a1-c050-491c-bd84-681e2b0faa56,group_24_cluster1
549425a4-701c-4b5c-aee5-72a88e0600ad,group_24_cluster1
59e38162-69b4-42e1-bf78-a2b9982f425c,group_24_cluster1
814b74ab-29c5-44d0-a6a5-f0da040e3e96,group_24_cluster10
d7398ae8-7a52-4090-bfcf-26a9959e08d4,group_24_cluster10
9b0bfb39-4fd1-4e0d-ba7d-81f77d9c8493,group_24_cluster10
e3fd75e0-eb7b-46d6-b10e-299cf877f497,group_24_cluster6
9935db8a-de1b-4ce6-8830-e5c7a7a6b58e,group_24_cluster6
055721ca-3a52-4933-bb4b-10b7ca3a3508,group_24_cluster6
9187b034-2e3e-4389-b326-02459c4eb76e,group_24_cluster6
a7852721-2176-4c31-8db0-d164a90f19cc,group_24_cluster6
c0125e4f-ef86-4f11-9c17-d3f50bf7cf03,group_24_cluster6
0f087ff3-c425-4646-b7ae-6cb396b5bb9f,group_24_cluster9
cf3f00d4-97fc-4269-ad6f-922d1466a95f,group_24_cluster9
3ab05449-694e-4ae7-a13c-61e4c4ac050c,group_24_cluster9
91f93960-0f9b-454c-88fb-642c073ef876,group_24_cluster5
4e52ce34-8bc2-4e06-8f18-d276b2bd2bc3,group_24_cluster5
2023f95d-bf14-4faf-ae10-1fd2e575b962,group_24_cluster5
72228583-8756-4474-8887-c04ce8b8a7bd,group_24_cluster7
bfbb474e-5cb8-4acd-88c2-fdfda9b19684,group_24_cluster7
fc0be2a1-6f0c-4960-a8a3-78b2fa243712,group_24_cluster7
698521aa-6eaf-4c79-b994-63be383702eb,group_24_cluster7
7b189c47-9aa1-48ab-8f43-c9c374b26166,group_24_cluster7
82888bdb-8070-4cb9-bbf2-e2a82ba5346d,group_24_cluster4
69ce3c81-7ca4-4a5b-b2d0-7527bee78e56,group_24_cluster4
d478f07c-1e30-465f-9397-9315200306d1,group_24_cluster4
b2101e0e-4883-44c6-a569-3fcdfdbc4ab5,group_24_cluster4
26f7f9b1-c8d6-48ad-9615-a34909d06606,group_24_cluster3
d75a9982-3e93-492c-a9af-d2d8c5c14c9e,group_24_cluster3
9d145241-189e-48e5-96fb-68124e2b3f31,group_24_cluster3
acca39a9-8e46-4314-8c6b-ff39a9ba9388,group_24_cluster11
d8ed385e-570c-4a7b-aa61-2e90753aac68,group_24_cluster11
2c727c51-c328-4e21-ba3f-85b92a047c37,group_24_cluster11
1a42604b-75ea-464e-8733-5fe4b756e576,group_24_cluster0
638821ac-e290-41de-9046-9f2b1fb9bcdf,group_24_cluster0
f902461e-2889-44c3-95ac-2bb492eb6470,group_24_cluster0
1c99ee52-7546-4a7c-94a7-ff035c408490,group_25_cluster19
89b59b27-df02-4ca8-a9fb-98e823c1a0eb,group_25_cluster19
540739bc-bbb9-47eb-ad56-32859a56d93b,group_25_cluster19
dbe48bea-a6fb-4726-9883-ad747f2fe9d2,group_25_cluster19
2a1a16f2-44fc-4074-8756-b82fbd29a238,group_25_cluster7
3a4d785a-90e1-413e-89a4-c5e88fc2037b,group_25_cluster7
204c430c-5973-4028-b8c7-621cecf647b5,group_25_cluster7
a2748868-f3b4-4550-8f0f-a78170e6fa41,group_25_cluster7
ddb0b80d-5ad2-4085-a7a3-02ea4b26489b,group_25_cluster7
a395ab79-2479-4268-8fdb-d63c8fb43d18,group_25_cluster7
0740001a-81ee-4b5e-b513-4321d776bf21,group_25_cluster7
75f15701-6ab3-4589-894f-742b27cfd8a7,group_25_cluster7
b4a05008-0d15-4d06-aa9e-b7f59943ec1a,group_25_cluster6
1d9a0bc2-349e-4342-bc8f-f0637448dbbd,group_25_cluster6
ca5a6705-7f75-4e6b-9744-5c0b7ab32a3d,group_25_cluster6
5b85b151-191d-40bd-9bc6-70b6e39c56da,group_25_cluster6
5a66e674-7357-4ad5-a749-6edbb51b4f35,group_25_cluster6
e3a32111-b4a1-466c-84fe-cc953b1f713f,group_25_cluster6
1c2041ec-148e-433d-aca5-a97922faba72,group_25_cluster6
9d8a1cdc-8870-47a4-acb8-bc1096ec0016,group_25_cluster6
18b81c2f-668a-45b4-8b20-61f66390b79f,group_25_cluster6
2cd56b92-b56c-4681-b01c-bac9d93a3dd6,group_25_cluster6
ee156a37-972f-4a54-8aa9-a1295a96b2a4,group_25_cluster-1
b43a5b4c-b36a-411b-b4a6-ac34fe0be86f,group_25_cluster-1
024ae7c2-c020-460c-9126-56a4e6f50b59,group_25_cluster-1
d4b47a71-5f96-4402-ad41-eca22115caa4,group_25_cluster-1
b21fcf40-4619-45f5-832c-6e96102605e3,group_25_cluster-1
672c7cf3-f188-4fda-8469-7d741452bba1,group_25_cluster-1
f38a9789-845e-4914-9012-895b57013b64,group_25_cluster-1
bacee918-62f8-411d-b9de-036ca8e7bed4,group_25_cluster-1
7258098a-cad3-4203-8ba6-0da07b19b2e8,group_25_cluster-1
3444388e-9db5-4df7-8e6f-883674300748,group_25_cluster-1
654bcf93-f590-48ea-b4ef-5288f05bc64b,group_25_cluster-1
c164c6f4-aed9-4fdc-9e4f-6fdad3689d15,group_25_cluster-1
7f389462-1573-423b-8594-5c20fa489e43,group_25_cluster-1
c12eac83-492d-4a69-9539-803bdc2a28cb,group_25_cluster-1
8a89ecbd-830b-424e-99fd-481843e3eb29,group_25_cluster-1
2ec74ae4-2ec1-4f2c-b6c8-57d9a71cae1b,group_25_cluster-1
43bcb354-c5ce-4c46-8c05-f19cb3aa36c7,group_25_cluster-1
0ef4f840-3c2e-4929-be96-43a025941cf3,group_25_cluster-1
fe4d4a77-ad3d-42f0-969a-e0843e4c7b1b,group_25_cluster-1
8fdb9f26-4718-4a97-b79d-65f8e536c049,group_25_cluster-1
505f0e2e-d961-47a7-9e17-b4fdb4f40be3,group_25_cluster-1
fe624e2a-30da-4b3b-a3da-4be64f44990b,group_25_cluster-1
9622be2c-c98b-4aa6-9250-e6ecd3e004bb,group_25_cluster-1
b6a6a39f-c0a6-4249-8a28-c9cea4296b76,group_25_cluster-1
3c753099-3f9b-4cf7-9c35-6f35bd3d0137,group_25_cluster-1
00b432a3-14c3-4273-837f-f155540851dd,group_25_cluster-1
f35e7c43-4de6-44bc-a257-4fa6c3f482cc,group_25_cluster-1
e90a7b2f-b4c8-489d-83c7-9329c7e59c4e,group_25_cluster-1
fe04b31e-e207-48c2-a066-2d924dc720a7,group_25_cluster-1
0eff6b51-22c5-4603-bf3a-c530846633c0,group_25_cluster-1
c08435dc-0afb-45ba-bfa0-5a99c8ea63cb,group_25_cluster-1
6144d6cf-d7db-43e2-bfd0-7e45f764b2ae,group_25_cluster-1
cf584c78-0ac1-4b2d-977e-04e795f198bc,group_25_cluster-1
29dc8f25-12a1-40c9-bab3-8e73616e46e2,group_25_cluster-1
6980095d-adec-488a-85fb-419e2d4431a7,group_25_cluster-1
d4fdb70a-6801-4fba-b961-98c32eb37c14,group_25_cluster-1
e1c2f630-f4e0-4279-b6d4-5dbc87e27758,group_25_cluster-1
9355f0e2-6b41-4a79-ba18-d3ea7135b26d,group_25_cluster-1
9a45c41c-c27a-4e53-816d-26c952ad6ea6,group_25_cluster-1
85ec3b32-c4f1-4774-a022-a1d85a68ce18,group_25_cluster-1
f3635864-146c-47f9-9801-a46004a949a4,group_25_cluster-1
f3cf35de-45b6-4c98-868f-fde57e3c08e9,group_25_cluster-1
14b570fd-5980-4d01-bb7a-2f92b8632bc7,group_25_cluster-1
dc906f41-07eb-40ac-9d95-819cd8d2359d,group_25_cluster-1
fd8c7183-d31c-48d6-9ad8-361508d6e488,group_25_cluster-1
38f45d58-c77b-45c5-87da-3a378d9cd2b9,group_25_cluster-1
b2f5461f-1955-4db1-a957-509b1b894253,group_25_cluster-1
d53e3aa7-666e-465e-9b04-8f392b529c25,group_25_cluster-1
34645f13-aea0-4b9c-b615-72ce18d45510,group_25_cluster-1
8e9faeb3-5393-4f70-8afa-9f59348c0c4f,group_25_cluster-1
d2853529-0b7a-4372-94cc-154e8e4e8480,group_25_cluster-1
c819b47a-5634-47e7-b89d-3df4ff13207d,group_25_cluster-1
fc4afb9a-6ad5-4b35-a3f5-a5a3273f3df9,group_25_cluster-1
e01ce8c6-cbc3-43ec-b9bf-edcc17dbe209,group_25_cluster-1
f467ffa8-7a3c-4852-a4fa-9c9983e49912,group_25_cluster-1
29ad9ee7-efb4-4c84-a6c5-932ebc5117bb,group_25_cluster-1
351ccc53-629e-400d-9da7-70a62e197390,group_25_cluster-1
4a31e5f9-2dff-450e-97d4-421441a26aad,group_25_cluster-1
602e6bfc-f407-45c4-8441-2b91f357c01a,group_25_cluster-1
4ccdce08-b58f-4e3c-9ac7-25e6d9469963,group_25_cluster-1
877e57c7-b836-4f2f-b800-b15299d93fbe,group_25_cluster-1
bc81aa3c-f129-4aa5-9acd-c3965a1cdab3,group_25_cluster-1
5fbdc27e-93ce-4ce7-97f5-8aec2da6bd5b,group_25_cluster-1
7bc0802c-eb38-48ba-9d25-f5609afa1714,group_25_cluster-1
22138d17-f50d-4fe0-abf3-86ba1c71ed77,group_25_cluster-1
4f0b5058-1fba-4a1f-a7cc-9813b6c5601a,group_25_cluster-1
6454ba1e-c52c-4968-86ef-7519b6f7e2b1,group_25_cluster-1
fe70dc49-e2f4-48bb-8de7-6d787a04a25f,group_25_cluster-1
bf239037-20ad-4406-9351-956b8922c70b,group_25_cluster-1
e6fc5b52-6811-4563-b92a-7506979f4845,group_25_cluster-1
cdf0e5d8-1203-4b37-977b-042ae1d31287,group_25_cluster-1
28e8312c-a62d-4bfd-8767-cf6b8e1a7029,group_25_cluster-1
81357eed-5a37-42d2-b67a-9767d69cd233,group_25_cluster-1
a82c0594-2d16-40be-b70b-d2e38c81cce2,group_25_cluster-1
fb49ca85-0ec7-45a9-ad76-c2a3d6e4a78c,group_25_cluster-1
4a66dbed-1cc7-4ef0-9a3e-7e6d7d75bd29,group_25_cluster-1
ab8929b4-32dc-46e6-8e84-fa9db8e82dd8,group_25_cluster-1
d0c5084a-2a2a-4490-8110-ae6804df48b6,group_25_cluster-1
0356bbef-b6ba-415d-9484-064544da02b3,group_25_cluster-1
00bd277a-1138-4354-ba48-7025f5d41fed,group_25_cluster-1
e5f997e8-aaf1-49f1-be86-01b8bce0ab40,group_25_cluster-1
fca603ad-4927-49a2-9e31-deab803d3338,group_25_cluster-1
422884a5-2719-4ba3-a2d4-c1f3111c8ecd,group_25_cluster-1
4752c0f9-27b6-4bbe-86b0-d3ba9693a124,group_25_cluster-1
d90049f1-372c-403b-a66c-27e5015f4419,group_25_cluster-1
08b5cbdb-a3b8-4ea3-a3ea-cbc0349679cb,group_25_cluster-1
dd8925c6-77ff-4e0e-bc26-12cf3cbdb549,group_25_cluster-1
c0c7df1c-0aa2-4c81-be75-f25039922c22,group_25_cluster-1
ebfbb60a-1b3e-421b-8295-17c6f047eddb,group_25_cluster-1
956b3a8a-ebe8-4adc-b089-9bc5f4e9b794,group_25_cluster-1
91eeb7b6-6ace-4bf0-b0eb-746022c69f8b,group_25_cluster-1
55de74c6-57c6-4688-91b4-617715bfadb2,group_25_cluster-1
bc3a75aa-7f12-42d4-aa76-41067d274adc,group_25_cluster-1
ff58fc09-d41c-4aa3-b09d-69a3776c1481,group_25_cluster2
b65a4eb5-8cfb-441d-8225-ab9dda4851be,group_25_cluster2
2debd90b-a600-4ec2-a16d-b8fe38f66fd4,group_25_cluster2
b0d79f5a-65d8-48ea-bf3b-bddc651de9dc,group_25_cluster2
7c66be99-6b06-41d6-836c-31bee26f7439,group_25_cluster2
312d87e6-3867-4342-86c5-64f34b8e4fd6,group_25_cluster2
8facbf3c-797c-4e5d-8763-3931bc6789b7,group_25_cluster17
48f2ce28-1223-45f6-a440-233fa0f24316,group_25_cluster17
f37810e1-0a1f-4a17-b3dd-8e10f69b3860,group_25_cluster17
b431b157-10bd-4ddd-8371-1e1e6d5e9f55,group_25_cluster17
f076fcc5-3d9e-402f-8f46-a804090a0c6a,group_25_cluster12
33b9f9df-5630-42ec-9d6c-b906909bfad2,group_25_cluster12
951ef8af-93d4-4899-af2f-dde9e0f1c739,group_25_cluster12
d8150d16-a81f-4059-9058-7758a383076e,group_25_cluster12
748461d5-b5c8-4411-bac6-135becf9052d,group_25_cluster13
8d20612d-a5aa-4f9c-bba1-0095a35079c6,group_25_cluster13
2123e0c9-0d4f-4aae-96ca-fe7efe1987e3,group_25_cluster13
ce9f367e-7f4a-4dfa-9585-62f83462fc23,group_25_cluster9
b16bbd61-be82-493c-a9ef-133997d7836c,group_25_cluster9
580516f7-2532-4dc3-8297-c38c2388c664,group_25_cluster9
071f504c-ad99-4a20-ac80-1c2b118a2efa,group_25_cluster21
b48fb300-981f-44fb-91d0-74ba0a878449,group_25_cluster21
5b5f0e3d-66a8-4968-ade4-9952cbd96cf4,group_25_cluster21
3e96a94e-43a1-4a79-a915-ee0c13ed4d9e,group_25_cluster21
ceec4cc0-97d8-4249-a642-204059a69d01,group_25_cluster21
166ba9ed-f027-43c2-815f-709aebec01d6,group_25_cluster3
66ddd507-5fe5-435a-a2eb-e24d938a238a,group_25_cluster3
8af9fe78-ca66-4076-8051-ba2e21e04e39,group_25_cluster3
4099f380-9e47-4b90-a3c6-0291a3ba88bc,group_25_cluster3
5844b4d1-7b5d-4817-936a-14d52f21bced,group_25_cluster4
07c949c6-adfa-4950-b684-b4ff428d31b6,group_25_cluster4
8585dd9b-c3c7-4125-9ea1-55af0bb6c900,group_25_cluster4
f2547d20-ebca-41fb-b18e-2d4f1a940928,group_25_cluster4
10e5341d-b6d5-47e7-b242-85ac3faf2e02,group_25_cluster4
b6ff3f64-a42b-4ab3-bd4f-baf39d9e329c,group_25_cluster4
3b8c07ee-252a-4227-b990-3b4131500735,group_25_cluster4
f11da05d-64ad-4561-96ef-2025ee11212b,group_25_cluster4
1f920a5d-a07d-44c1-8f6a-d824787cf723,group_25_cluster5
606031f9-c575-4422-9f19-1708c875252a,group_25_cluster5
21227d88-ef49-4417-8281-1fe40182d680,group_25_cluster5
f563e3be-1c69-4216-a682-8ed5784d2b85,group_25_cluster5
ed4e5cd6-db0c-4f93-ba05-efaac57eca3b,group_25_cluster5
d6586965-7ea8-452e-844a-c7d32a1d4d32,group_25_cluster5
38264692-ff49-442c-b198-b8c2acbce5c0,group_25_cluster5
49bcddfa-1c69-44ba-9a71-6ed70f413cfe,group_25_cluster15
da98ca40-c678-4ef4-bd03-e5ef510c9a32,group_25_cluster15
0ecc43be-1c71-4067-9be7-d90cd36fac22,group_25_cluster15
29904ea5-c1d9-4694-9e5b-5ed1f47ca008,group_25_cluster11
84579eca-f717-427e-84e0-3c95f7a125dd,group_25_cluster11
511c1cf2-2344-499b-ad32-b76a835535dc,group_25_cluster11
a8d639a0-c16b-443f-a21f-a4ed44f7af3c,group_25_cluster28
bbb5a806-5514-4513-a7a0-57b8c57b93db,group_25_cluster28
23a6436c-7129-4aa1-818f-451f8348d3b8,group_25_cluster28
5d37d25d-317c-480d-8533-388cb02cb469,group_25_cluster28
93ff42b4-e225-43c8-9ce6-90374805c9e7,group_25_cluster28
e020fcb3-a4e1-48fe-ad3d-a392ab2e9146,group_25_cluster28
c65524cb-a26b-4bbc-8aa0-ae1524d522dc,group_25_cluster28
3e4b4a71-cd70-4da3-b872-66e462bad45d,group_25_cluster28
98f0679f-fad6-4458-9cdd-55def4287a78,group_25_cluster28
ab26482b-42bf-4d67-be68-6653159a6779,group_25_cluster28
0a1b717d-5270-4a4a-a988-0d74372e9edf,group_25_cluster27
0b06c83c-76a1-4a8f-84f6-cc0f18d92528,group_25_cluster27
de5f14da-d0b6-42f6-b0df-fcc3e3cc0883,group_25_cluster27
1460c07a-f423-4125-89f7-ef3a4bc3429a,group_25_cluster27
e4c673c1-2996-4a85-beb1-aa59a8b14ded,group_25_cluster18
b5d11bcc-d45a-4b0f-954d-1de431a26883,group_25_cluster18
9c3a915a-a681-4c65-bb73-7c0bae0fff7b,group_25_cluster18
75069d16-858d-4130-96e3-79ea885731b6,group_25_cluster18
a4a9d1c1-176f-46fb-a7bc-51ab57ffe774,group_25_cluster10
4b93483a-3d37-476b-9e28-d79341ecd705,group_25_cluster10
ed056dd6-28fd-4ba1-a254-bc9b46b56e0e,group_25_cluster10
54debd25-f650-4b19-9936-808e76435165,group_25_cluster10
ab012f6a-5b62-4a30-905b-b4a2684fc7c6,group_25_cluster24
88655936-c9b9-4182-865d-8d229149e4b7,group_25_cluster24
95901572-c2ee-4752-ad09-1a5c5fb84069,group_25_cluster24
43507249-1e8e-4a22-b452-2da3764d6a6b,group_25_cluster24
eaa518d5-401b-43d3-a2b2-122f359e7f2e,group_25_cluster20
63d4f893-49fe-485f-94d1-78318223a3e3,group_25_cluster20
7d6d4028-2784-4349-afca-ab5511981d74,group_25_cluster20
10009558-2cfd-446c-9cc7-c1853e2d75f0,group_25_cluster20
404f183e-7992-4846-8077-92caff4aa2f2,group_25_cluster20
d31651ac-6cd6-46fa-a529-f15ea331846e,group_25_cluster0
25833a65-9592-433d-b6fd-137c7d864d5b,group_25_cluster0
65e9c5d0-f285-4d05-948c-153a71bfe486,group_25_cluster0
67c4493b-1be8-4b08-9813-4658a6ada9a7,group_25_cluster22
04e1cd5c-d6ad-4b37-9cbd-79179d734172,group_25_cluster22
ba8abe5a-9db5-48bb-a451-aeed677424f8,group_25_cluster22
103dccf1-0b55-4f70-bcfa-445582123792,group_25_cluster22
23b49978-3c06-45e2-8107-9b20553ca058,group_25_cluster22
9e038fea-9cbf-40b1-903d-f09e7efd3c38,group_25_cluster8
5afddd26-9ef6-454e-a8cd-fbf90f90eaa6,group_25_cluster8
c3aba13d-b043-43a2-a0f7-6eaa7d809162,group_25_cluster8
0c92fb95-a257-41f9-838b-0b64db67b400,group_25_cluster14
7e7ccff8-94a0-4df8-a342-311d3404c852,group_25_cluster14
1619bc8d-e2bd-47df-8749-4e1b139d4530,group_25_cluster1
26666572-05d6-4c3f-8415-5258f741a759,group_25_cluster1
9e295a54-1afc-4c1d-b054-0f9825c3eb78,group_25_cluster1
b97807fd-5afc-45c3-b114-616491e7569f,group_25_cluster30
91a3df8d-a89e-436d-8c59-829965106e9a,group_25_cluster30
56c989e3-0e07-45df-8fcc-4f6298326493,group_25_cluster30
7cde857e-2f07-4531-acad-1fb887ba00cf,group_25_cluster30
5341f884-d21a-496f-822e-072e2fd14a87,group_25_cluster25
cf9495ed-235f-4c4b-bea5-569ecb1284c8,group_25_cluster25
ff6b73de-fd88-4952-8e0d-ab574094ef3d,group_25_cluster25
07a99e69-34af-44fe-a365-a9fd74033324,group_25_cluster26
1f0ae216-605f-4ac9-871e-906eb806eb47,group_25_cluster26
e745a7dd-a7c3-4961-96cb-5971b83bc3ee,group_25_cluster26
ac20709d-6134-4bd5-bfc4-e9c6c723ac0c,group_25_cluster23
0139e55d-c475-499b-92dc-e499096fd7a2,group_25_cluster23
c64285fb-37c9-46c4-8fec-ae5eebcd2924,group_25_cluster23
bc2c1bbc-c568-4877-a21d-4f318eaeb76c,group_25_cluster23
e1483ad5-ad6f-48d3-b223-d979ccc65147,group_25_cluster29
eda14330-22cd-4b40-b96d-931332fffe39,group_25_cluster29
1fcc9bad-c1c3-4c37-9e34-09da50e78b09,group_25_cluster29
ead064b0-558d-43ed-9e2f-1f57000ac4c2,group_25_cluster29
53159576-81ea-4cfd-829f-355e8205545f,group_25_cluster29
24b31f61-46ba-41df-8eed-c1f4c52d3bc5,group_25_cluster16
de70f3fe-fec7-4f3e-b586-ddf0607a4cb2,group_25_cluster16
b980136f-7276-42e8-b063-d4f1cc27fd69,group_26_cluster-1
8b99cb76-3601-409c-8de3-71f486879e91,group_26_cluster-1
aaabc1c3-947f-4b90-9c4b-a31e08fe622c,group_27_cluster-1
e819e688-5cfc-4e97-9544-33e38fd935c8,group_27_cluster-1
da0223e1-1150-40a4-b84f-efd7a595d3c5,group_27_cluster-1
adb1a53d-8dd2-4a96-b5a0-fb6fb4c72ec4,group_27_cluster-1
fd02df7c-6403-4c25-b9c7-fc6650318b88,group_27_cluster-1
6f98b173-7b52-45e0-9264-4b01c75f3bef,group_28_cluster-1
1e05737a-dd73-42b0-9e2e-6ea77c12dbb5,group_28_cluster-1
3d93d24e-758f-4a29-b637-a1e61f3ffba0,group_28_cluster-1
a650c436-d75c-4e75-855b-d05ed92ca90c,group_28_cluster-1
4a58f1af-802d-4c85-b35f-4e39080102a8,group_28_cluster1
d8e2bb37-6aae-43c1-a8b3-bff6c59c9b45,group_28_cluster1
38491c9c-a9ba-4876-856b-b3b5d263a76c,group_28_cluster1
d7b76b7b-55f9-4ae8-965f-1106a8145884,group_28_cluster1
71a3593c-cb4a-45f5-b537-1be9c8e30eb0,group_28_cluster1
f520be4c-018b-4052-8731-0770be48dea2,group_28_cluster2
8715e389-68b5-4445-b5ef-c96660e18d20,group_28_cluster2
5715012b-e9df-4a26-bf64-6b9763fe3c60,group_28_cluster2
a79de1e0-3ec5-4948-a268-ebce5827d955,group_28_cluster0
b92a0317-5400-40c9-b249-5a0f6141f60d,group_28_cluster0
c8b9e6f7-9f3e-459d-932c-e397a1d3d025,group_28_cluster0
eddb6968-e019-4d53-b0de-ae70346f21b3,group_29_cluster-1
d98999f7-a3cc-42bd-8608-64e3466354ba,group_29_cluster-1
c52635f2-1ffb-4c75-a590-2e39439d50ec,group_29_cluster-1
ac84d41e-d488-4ecf-b1ce-e2c908bac258,group_30_cluster0
be259a5c-659f-4903-a5aa-4d0a0ee3f136,group_30_cluster0
48e05a6a-b181-4c4c-a0f5-f24fef27625a,group_30_cluster0
b51c602b-34e8-4f8d-87b6-3f7c086b6bbf,group_30_cluster0
cd081997-fde9-4ce1-b2c6-2af0e2a93dad,group_30_cluster0
7b0332c8-b3d4-416e-9e48-eba9e0657f96,group_30_cluster0
b0129cf6-793e-4274-a7ae-6b980d68b96a,group_30_cluster0
979e54c8-b659-4ef6-aed1-d8085bca7a11,group_30_cluster0
c9ea90dc-8c47-4e50-927d-910370a7d7f0,group_30_cluster0
aabad757-c8b5-4d4a-85da-570910327201,group_30_cluster0
dd7c91f4-0122-4f32-bf2f-596aed95bce6,group_30_cluster0
0a80f0ae-d214-421e-a9cd-ffc0b1894daf,group_30_cluster0
129f10fe-5fdf-44c8-a697-32631623d86f,group_30_cluster0
913f7544-d196-48be-9014-a8ce143b3637,group_30_cluster0
34a72440-3d3e-415a-abc9-67c0524e5dfd,group_30_cluster0
dc06b550-05d3-453d-8b72-5e4fa8926026,group_30_cluster0
d05440f6-56d9-4d26-8ec8-7294272b2b25,group_30_cluster1
d1114cc6-69bc-47d9-98ab-70534d306014,group_30_cluster1
fb111d7c-dfb1-415c-bf54-198b5082dbf9,group_30_cluster1
3ae66333-112a-4d1b-9dd2-05e13fbf29de,group_31_cluster-1
2da689b2-72da-4fcf-ae5f-954e120b2e64,group_31_cluster-1
14970de3-68ab-4037-9e49-44054443c6e4,group_31_cluster-1
57652606-8dc5-4879-97eb-52116ef9c95f,group_31_cluster-1
5ffcefb1-fc74-4755-a02e-de718ca55988,group_31_cluster-1
b272f782-0ff0-4b46-9e7e-23400eab4745,group_32_cluster0
539442dd-1bbc-4092-9dbd-f937d6781df7,group_32_cluster0
1672be4e-f821-4f46-bdb8-0d97bff4b2f0,group_32_cluster-1
08571b5f-9452-4a1f-9393-3df6483541e4,group_32_cluster-1
89411b79-f31d-4fe2-8a9f-aadd8d8ce149,group_32_cluster-1
6c2d3b8e-f6f5-482a-91b0-f6b462524064,group_32_cluster1
4d1ecf4b-f243-44ac-8ba2-109f3d70d4bc,group_32_cluster1
cf3507b3-97de-402b-99eb-bb215c854058,group_32_cluster1
74c3d875-55d8-4c11-baf0-1c472d81c41a,group_33_cluster-1
e0e0b5f3-662d-4f0d-86e4-91a2c609cf19,group_33_cluster-1
3a1d9044-c4ff-4eba-bb2f-e962eba9a704,group_34_cluster-1
359f8037-9f89-444e-9f92-3ae6b7853595,group_34_cluster-1
2931c602-5b60-4dbf-be03-8fe4c72c87db,group_34_cluster-1
04066fb7-0b1b-46aa-a01c-c42f90b86cad,group_34_cluster-1
3c9c4a2f-f3e8-4d91-8dc2-9627f2463290,group_34_cluster-1
6a151e6a-77fe-43cf-b787-6a4ccaa33dee,group_34_cluster-1
43d0675e-352d-43e8-bffe-3116fb3aa7bb,group_35_cluster-1
67d8d4ce-a1b9-4e50-a095-76bb0c2ae447,group_35_cluster-1
a1a6f781-574e-45cf-84b7-7ca3643ccf32,group_35_cluster-1
94a28e2a-6b2f-47a4-950a-fb34309d4223,group_35_cluster-1
8bfcedb6-77de-43a5-bb50-b3df14321f03,group_36_cluster0
f03a027a-63a2-4263-97c4-dc9e48468e42,group_36_cluster0
7761b45b-3761-48e4-8c0d-c27730cc9468,group_36_cluster0
eff3e0b2-d232-49aa-b366-1cd12af11479,group_36_cluster1
0a4c705c-1911-4c5a-bfe3-a72da3dc73dd,group_36_cluster1
ae66a13e-8493-414b-a6d9-22e11a3ee73c,group_36_cluster1
4ae15332-3ac1-459e-9669-684777ee08d9,group_36_cluster1
0ea23a2c-7246-4f61-9595-704b8497cf05,group_36_cluster1
6156c400-f61c-4f91-a5d1-2fd3b86cb7ea,group_37_cluster0
9665ea8e-41e3-4d18-9a9a-217f4a69abe8,group_37_cluster0
8109dc79-8380-4a94-9b6b-a8ca5c37e38e,group_37_cluster0
1631008d-6c82-48a5-a9f0-e3625269c057,group_37_cluster0
b8cd4154-d2bb-477d-917f-4b25163c1563,group_37_cluster0
4dbbdbc6-2bdb-49a9-a72c-7cd2db2cc595,group_37_cluster0
c2b37fa4-a6dd-4e80-8a87-0187ccb174a2,group_37_cluster0
5034d0ec-e504-43ab-a23d-be7bfdb7b172,group_37_cluster2
ee2879f8-746f-412e-8279-2b4d33a819f1,group_37_cluster2
04456aae-3a25-4b87-838e-f5fb9b5ef745,group_37_cluster2
9abeb434-5c59-48fa-b9ba-9ad9766a4f8a,group_37_cluster2
fd427c6a-7891-4255-a336-e72e07a96d9d,group_37_cluster2
5959dceb-e15b-4d06-80e4-8ebfa6ca2b36,group_37_cluster2
c7cfe48b-4a76-4cdd-b7b7-308328660965,group_37_cluster1
4e3b303a-c569-4948-96cd-2011fc92c60c,group_37_cluster1
ecb33b95-d3ec-495b-8131-e3fe4a9fd020,group_37_cluster1
6a62c30f-7166-4ea2-87ee-6f1d6ddd3455,group_37_cluster1
7aa84387-1ef2-4108-90b4-151074aca86b,group_37_cluster1
1bc16cb3-f36e-4b9f-a8f4-f6d5a3883fc2,group_37_cluster-1
944ac4b2-3f0a-4d9e-9523-9e804c7c5ab6,group_38_cluster2
b5ddc48b-5bab-4fb3-a8c8-9b3eb0dd5f01,group_38_cluster2
b854a524-773d-4fc2-8e62-6a205e3b97a2,group_38_cluster2
a817b37d-7ca9-4dc8-a5ed-4d9700600a7d,group_38_cluster1
b291d43a-9313-40fc-89c5-2a696936deae,group_38_cluster1
165b0044-5112-4138-89c9-0e91f97b7c12,group_38_cluster1
584cf4c2-e96f-4c48-98b0-5c68cf0716d6,group_38_cluster1
4d5c2c80-5f11-4a35-a287-3703c4f5ab8a,group_38_cluster9
aaf62558-4bf8-48b4-9e8f-b48b1af332e6,group_38_cluster9
96f619a8-86f7-4a5c-af56-1d6af736f184,group_38_cluster9
f937326f-a007-41f1-ac8e-6374bb81602c,group_38_cluster3
2f5903b5-0ce9-4ac0-b716-c89351072e57,group_38_cluster3
72f5f1f1-5931-4af1-85f6-3f2785ea190f,group_38_cluster3
1942866e-d4c3-4214-8370-ccbd3865aeb2,group_38_cluster4
508a34b3-cc7e-4a69-b485-07b342af1e16,group_38_cluster4
2006f434-965c-4d33-8fdb-e041c298fdcc,group_38_cluster4
2e70807d-3f44-43e8-b51f-8b8d9c075dba,group_38_cluster4
c2bfc603-5804-49e4-9ac4-77ffc65cef04,group_38_cluster-1
1227cd46-0afd-4b79-aa08-b3e03efc57bd,group_38_cluster-1
e8a0c96e-e5d7-41f6-ac7a-b31de842df95,group_38_cluster-1
63e6f21b-467f-4206-8e08-749160ae64e5,group_38_cluster-1
273034ce-dbf2-4f41-b954-eb6d5abf1dce,group_38_cluster-1
f0990c9e-b5f7-4d66-992f-57c067a8b854,group_38_cluster-1
c205eac2-1147-45fb-8536-ca25a7c5da56,group_38_cluster-1
d537bc0d-b7f6-4e53-8394-f52cee928dbc,group_38_cluster-1
ee262ff3-ca9f-4628-a34e-f6280a58ea78,group_38_cluster-1
8f144cc7-f5ea-4566-bcfe-775f3a14380b,group_38_cluster6
616cb79e-69b8-48d5-99e7-5fa5d8919d0b,group_38_cluster6
ddd86b65-be5e-4586-af7c-aa9e61dea093,group_38_cluster6
187df6cd-a2fd-4de5-a951-afba2f0a2fab,group_38_cluster6
497a1fb8-7069-4a47-b7b4-72a3bb79113f,group_38_cluster6
f62df007-4be6-450d-8057-79e7d51eb309,group_38_cluster6
411c7d8e-e56c-4419-94df-e75b652721cf,group_38_cluster6
d41ec517-1d5a-4a6c-a165-4dcdeb7e2913,group_38_cluster6
d6f9fe96-ab04-419d-830e-64606e3fb336,group_38_cluster7
577f024f-12dd-497c-baf2-8d6f50e58012,group_38_cluster7
b6a39ff2-41b3-4acb-ab27-5927d829d6f0,group_38_cluster7
242bc36c-177d-41ef-b93d-db2b6b211296,group_38_cluster7
e09e28c8-1540-4d6f-a2a1-429eedabeed6,group_38_cluster7
18583a1b-2234-4e18-86e6-5e0cb1d56b4f,group_38_cluster7
3991a67a-d9a1-4ad9-b778-95b3b924ff96,group_38_cluster7
a4003b7d-607d-436e-af00-04c002ba477f,group_38_cluster7
7bcad946-9b3b-4b18-9340-6e4cfd5a0b60,group_38_cluster7
6f80417f-4819-4407-be11-ed8f18949315,group_38_cluster8
1ace01a0-d6d4-4be6-a961-3efc0c18cfe6,group_38_cluster8
ccdb5ba5-b66f-4e31-9adc-e99fcba27a31,group_38_cluster8
be38abbb-ad51-414e-bb36-eee3e55bada8,group_38_cluster8
48d43cb7-2925-445a-a922-f334f21e05b0,group_38_cluster8
d3b9cdba-ab69-44da-8446-8ea26ecb77ae,group_38_cluster0
b8323473-5b7d-4291-ac1c-a2182b20ba2c,group_38_cluster0
57b73fab-b38c-4ef1-a494-41112695d7f3,group_38_cluster0
ac89c06b-fbc0-4aef-a47c-40e641d53ba6,group_38_cluster5
5275977b-e3a7-487d-aa1b-db456093fb0f,group_38_cluster5
5e9af55f-4b1a-4feb-a898-53235b788d0f,group_38_cluster5
3e38872a-66aa-46a0-a30e-7de3043c6178,group_39_cluster-1
7cc2d149-3d5a-4eda-83e7-6a6b09e62867,group_39_cluster-1
6dab56eb-6555-40df-a359-cf38090f5c06,group_40_cluster-1
64dad606-190f-4eb9-b5ba-dd653235099d,group_40_cluster-1
0b6e202e-ceb0-48d5-acb1-b7f45db17099,group_40_cluster-1
300c06a3-15b0-4273-9863-2b3d30d89be3,group_40_cluster-1
39f7c2d2-dff5-40a9-869b-6b6b9b98bda2,group_40_cluster-1
2467b89b-17b1-40dc-b796-9c3883b5aa33,group_40_cluster-1
062722c4-5f5e-42c3-8978-1e75a7175a44,group_41_cluster-1
0a5eeb8c-e94f-4757-95bd-9846adc2cb75,group_41_cluster-1
fc91409e-1bcd-4605-a397-d8eaa2ad20bf,group_42_cluster-1
f052593b-2a43-47d7-8d10-f01c5f604dff,group_42_cluster-1
2f58a614-dbb2-4d71-ae51-890869daf610,group_42_cluster-1
772bed16-d096-40e4-a64d-4ed5aa97c170,group_42_cluster-1
ad97fff7-40fe-4fd6-9921-a6549a51b711,group_42_cluster-1
3bbf0ce9-6199-40be-adbd-28915f789b8d,group_43_cluster-1
25b51a0e-6a3a-44e8-b474-ee456997d78f,group_43_cluster-1
4edcb60a-0710-4ab4-b89e-d19f552f2664,group_44_cluster-1
42360f6c-8b17-4e7c-9105-815be59dd81d,group_44_cluster-1
94bdc3ff-3802-40b0-8b1f-1155ed9eb58f,group_44_cluster-1
825d3e87-385a-49cf-875a-278f14c5d262,group_45_cluster-1
ce09eb55-b856-4c90-999a-40781780fbf6,group_45_cluster-1
e02874f5-f175-48a3-bf4a-bd3f08e162bb,group_45_cluster-1
ffb2fa12-f018-4c5a-a9b3-a2c2bea6e88d,group_45_cluster-1
b1238166-1a90-4319-83f5-d0abc3bc7fa8,group_45_cluster0
b641aeef-930a-4647-aa1a-f63726afddd2,group_45_cluster0
d3aea627-ae0f-480d-b809-3244ecd06e1d,group_45_cluster0
b13d7162-7290-443d-8229-f5a7b6a6a0cb,group_45_cluster1
8d49db8e-8062-4ec3-98d9-3d4e895eede0,group_45_cluster1
6d8cf85e-93bd-47ea-8a59-3e43fe4ef732,group_45_cluster1
3aa05aa1-0e43-4bbc-a001-bea549e78288,group_46_cluster-1
69031fbd-6125-4412-aa6f-aa7fb1c324d3,group_46_cluster-1
d6455177-0005-4b68-b4ee-0ae2cee387a4,group_46_cluster-1
adc871a0-636f-4d5e-9bae-a514e7a2546c,group_46_cluster-1
974443d8-d14c-4327-aa15-c835cdd6691f,group_46_cluster-1
f38175b8-8d6e-4bb3-a12b-b7f111f4e2bb,group_47_cluster-1
af740112-5e98-487f-beb4-15ea388a4456,group_47_cluster-1
27c5e349-e14b-44bb-8851-89e30dfdd28a,group_47_cluster-1
0c7aefec-1f88-47e6-8789-ff8d51432ace,group_48_cluster-1
1011a116-6629-4fce-a4d8-ea40ff609fca,group_48_cluster-1
73d6eea5-5116-488b-b9fd-d1fef1140c9f,group_48_cluster-1
c6dd44dc-9408-4d0d-ad3b-6f65f1149a34,group_48_cluster-1
2f3fe20b-9fde-40b2-92ad-ca7a9cc61d1d,group_48_cluster-1
542cb4dc-325f-4a57-8efb-b8ad58c26fa3,group_48_cluster-1
66eece57-a4ae-46d4-a9c8-4a295701ad6f,group_48_cluster-1
bcfa8636-0cf1-45ab-8c32-9d1d7bb3821d,group_48_cluster-1
d786150d-074c-446e-b768-4fff477e94d7,group_48_cluster-1
267795c7-806d-40a5-8e31-18bb9c831dfb,group_48_cluster-1
56857a76-2671-4dd5-b65a-24f3f6ee0cc8,group_48_cluster5
9e5e0eac-b344-49ba-b96a-248b68e4b59a,group_48_cluster5
e6899360-bbde-460d-ad08-5277cc85c595,group_48_cluster5
451efdb5-e913-425f-aada-67e47c0f0470,group_48_cluster4
bbe69ac1-664c-49ea-baad-b6a7d6a2ec68,group_48_cluster4
042d7aa6-76af-4300-83ba-e8f52f79a5a7,group_48_cluster4
cbc1d9fd-d2cb-435a-9711-f2bfca0f2c3b,group_48_cluster4
0a646e06-fc3b-4cc1-a01c-e8b7fdbb8a50,group_48_cluster4
71ac4603-7b87-4fc3-aad9-a40e81c65688,group_48_cluster2
6246e115-d4de-4bae-bbf3-f1973e7fe446,group_48_cluster2
17106e29-be78-48a0-a2c7-592e80c41163,group_48_cluster2
776442ff-bd8f-4c40-885b-fe0fb1ff3540,group_48_cluster2
7c07f18e-a04c-46d5-9b01-51e130106bb1,group_48_cluster2
cede821f-e184-4052-8200-ab81eb1bf5bc,group_48_cluster2
fb14e07a-b3de-4d94-9386-05af4b370134,group_48_cluster2
cb2d1bed-98d0-4089-b5a3-f64fe13748cd,group_48_cluster2
b6ac840a-519e-4716-9f4b-bb4feb2f5831,group_48_cluster2
23fe5977-62be-4964-8c5f-462a61a9659c,group_48_cluster2
60b1ec75-74dc-4e01-8c54-4a0806f25807,group_48_cluster2
f85eb419-8516-46db-8eca-2a9746fff143,group_48_cluster2
303e648a-9a15-4bf5-904f-ef696f842975,group_48_cluster2
1121e517-7acb-4c32-bbfd-1ef90447dbe1,group_48_cluster2
ce6c78e6-afd4-45ba-aefb-9c44d081635d,group_48_cluster2
07c56195-c7bf-4033-ae7a-4c3ff804e661,group_48_cluster6
dd3dfa21-4322-4dd0-9440-11798a13498f,group_48_cluster6
30450b9d-fadf-4245-9753-86277023c114,group_48_cluster6
35f8592e-1a7b-4138-a2bc-ca4d8e323026,group_48_cluster6
295589bf-321b-4b3c-92a2-3d7320bada69,group_48_cluster3
dc708a1b-0e56-4cf1-8c9f-2204ceb978a5,group_48_cluster3
9d7103b3-974b-45e0-8bcc-3a5ba2041ea5,group_48_cluster3
a2f5dd5e-3551-4365-b29d-c009bccc5a9c,group_48_cluster3
a265ae81-6fbe-4ea1-8297-22e4c032772a,group_48_cluster1
a7a031d7-54ad-447a-92a8-4f6d3222b817,group_48_cluster1
ae617366-1b5b-413e-a010-3567112b972f,group_48_cluster1
db5cb451-d351-4809-9bab-336501e8303c,group_48_cluster1
de89f5b7-c67e-4132-a1d3-58fbb8371ce1,group_48_cluster1
48e3c51d-46f6-42a5-bbf3-f74eef5d6061,group_48_cluster0
b52c847c-c6b1-4387-83f2-62c9f421a45c,group_48_cluster0
c74d8832-b02c-44ee-9b70-9fdf9d65dfa3,group_48_cluster0
228dd716-bb3e-4f10-bb6d-ce5d65312bc4,group_49_cluster-1
fbcb05ac-d9b5-43cc-98e5-468066c519f8,group_49_cluster-1
69335db2-5c38-4277-b640-eb6441cc72ad,group_49_cluster-1
b9ad5ebb-0bb5-4bd6-a054-4febd12937e3,group_49_cluster-1
5aa1fb2f-c3ba-43db-b6dc-9732bf0a2b84,group_50_cluster-1
31b29e13-980f-4531-9ae8-ca064fb0820a,group_50_cluster-1
006be3d1-32d8-4f55-9d77-6043261a6a75,group_50_cluster-1
699c323f-6f89-4934-888a-b95d5d306bd8,group_50_cluster-1
08baa9d9-adc8-4969-b25e-ab0f687b9960,group_51_cluster0
635b6fee-24ff-42f0-b4e1-891a71dae722,group_51_cluster0
e88f7806-f5bb-4ec2-8499-60d4b2c864b1,group_51_cluster0
61d2ef41-0ab2-42f7-8949-d0c4f6b10583,group_51_cluster0
4d3a0b3d-67af-48a1-8c45-9747464ee999,group_51_cluster0
a649ecca-d9d7-4e33-ade2-174495f6423c,group_51_cluster0
1b060af2-6cdc-4e35-ae22-7a25943a2fb9,group_51_cluster0
07ee1cd7-0c9f-412e-98d9-51c74d6a4f38,group_51_cluster0
80e620a5-ac45-4bf9-bcbd-a875f4f9fa70,group_51_cluster0
1c37d4fa-e2db-49cb-9542-0749c674f641,group_51_cluster0
f20ea7fc-5ee1-4760-be0e-8163fc5a021c,group_51_cluster0
00f42d17-7f9e-46a4-9583-cf9bd20c0067,group_51_cluster0
70509b03-53a3-4f6b-8ed6-3c5a0508a870,group_51_cluster0
42d829ae-bff6-437b-ac45-6e9ebcaa033b,group_51_cluster-1
6cc82cec-2679-4e14-9360-2966ebf6cf3f,group_51_cluster-1
a69529c0-0076-49c9-8884-fc482fa9b125,group_51_cluster-1
f82afc3f-4652-44f4-9aa8-0abff3729a05,group_51_cluster-1
74ff8916-c927-4e31-8a4d-125999f387dd,group_51_cluster-1
ae84130e-8dd2-47b0-b032-1c9e8cb7715d,group_51_cluster-1
3950011a-79ef-46f8-b738-1817d1e3f2e0,group_51_cluster1
021c84a8-4022-4927-b096-1142d45ad1ef,group_51_cluster1
138b2c4c-7d1e-41c4-ab08-4609538bf32b,group_51_cluster1
170c242c-7477-41c3-abb7-41c2046508f0,group_52_cluster4
f1c8d1c0-1777-47b7-b2eb-49a3dbed68f1,group_52_cluster4
f66166c8-9e54-499b-ac4c-a776bc11cbd7,group_52_cluster4
c82bad3d-0cf6-4a95-b50d-68281cd0cdd2,group_52_cluster4
6cd036c6-25da-4715-b728-563b1210573c,group_52_cluster4
382857b9-4e14-4e96-b0b8-ae44c7407ee1,group_52_cluster4
bae28684-b20c-478f-8694-58d2154c2ee7,group_52_cluster4
def8d389-de97-4c6b-aec2-28243c0587cf,group_52_cluster4
2db479c0-6fab-41e9-b7f9-301aec262190,group_52_cluster4
ac29c090-b026-45f3-936b-1d6717bdba7e,group_52_cluster4
353e66ee-e7f1-4e20-8900-b616c9a0fb93,group_52_cluster4
d442ce7d-ebe0-449f-ad08-967075223cbd,group_52_cluster4
1e446d99-fa0f-44c0-a38d-113a0c21fb51,group_52_cluster4
d8915e09-7dc6-42f6-a900-c08e2ebd6fb5,group_52_cluster4
2519639a-57d2-4db8-963b-0df1f939f6a3,group_52_cluster4
fcd6f008-278a-4722-b727-ff692316da44,group_52_cluster4
20aae1a9-681d-4a4f-8884-f897068a43ba,group_52_cluster4
906d9d32-50cb-4d0c-90bf-9260b3a27444,group_52_cluster4
eb237fef-a6dd-427b-9d37-78fdd49b639f,group_52_cluster4
00b7f779-95ae-447e-93f5-5ce5fbb54c4c,group_52_cluster2
5aed2097-466d-41d1-ad4d-c14835c299d4,group_52_cluster2
69c8b017-2d7b-4a83-a482-d00d5e38ae31,group_52_cluster2
8c093a57-709b-4840-b3b1-568ebcc7f12a,group_52_cluster2
b2ebcc63-f09e-4028-ac5f-0ff0fbe8ba09,group_52_cluster2
e4bf1627-8c4f-4742-92b3-5c2c8ca88d73,group_52_cluster0
e89054a9-2bfe-48e4-ab1e-2984989fe89b,group_52_cluster0
8001975f-2e6a-4a13-b275-655c340301d3,group_52_cluster0
3240f457-c73e-49f9-a1e7-12408de5e70e,group_52_cluster3
46e9d76f-fd5f-4659-a538-54a3352be498,group_52_cluster3
5e9ffe32-dd2a-47b8-9307-57ba75a11183,group_52_cluster3
1a147848-9a5d-4ae5-9062-8b34ecf94418,group_52_cluster-1
1808c317-8727-4916-a05a-58f038ffaf50,group_52_cluster-1
9a399bcf-b768-4769-bdbd-583a2388232d,group_52_cluster-1
ac95d965-3abf-4864-9888-46659f845a9c,group_52_cluster-1
cca2a7fb-d908-4e5a-ac8e-53541d8f0bd3,group_52_cluster-1
33b1a73a-efb9-48e5-aad2-e3d278665a58,group_52_cluster-1
802da10b-8f32-4659-add5-c18564e6cf12,group_52_cluster-1
f2078ba9-358f-4c9e-bd85-3b2ac6bf24bb,group_52_cluster-1
de77662b-f5a7-4bfc-9897-e7d883f9928b,group_52_cluster1
76a81f9b-2e5f-41a4-9802-83d702076457,group_52_cluster1
75bbbaf5-ef2e-46b1-a69f-f6f29d01fcd3,group_52_cluster1
2da88de3-e3f6-4f50-8d07-890a89451319,group_52_cluster5
fd483cf6-512a-44e7-bcc3-bece2cd722fb,group_52_cluster5
20902af0-01c4-4127-bf05-f5e9fe0c073a,group_52_cluster5
7efa04a8-1d1a-4d2a-8bb7-3e461304149c,group_52_cluster5
56eae55a-fbd2-4024-9f8a-4624ba1b7d6d,group_53_cluster-1
38eb19a1-4830-437e-9e54-16e998e4a9f5,group_53_cluster-1
039922a6-f2be-437c-82cb-46d4d396ddb9,group_53_cluster-1
17ff2f7e-8a81-4ece-b140-6d170e39e4d6,group_53_cluster-1
1186e1c0-82b4-4583-9b81-547d494aa664,group_53_cluster-1
028971f9-302c-4fe3-ac96-1ef1a5d44a9d,group_53_cluster-1
e686bb2f-acae-4f4b-8303-b39cd2cf61dd,group_53_cluster-1
ba7fefe5-78fd-4a8e-b943-403b1b6165ad,group_53_cluster-1
2e83585e-cb61-4703-9de0-e0a6fe8a53d8,group_53_cluster-1
e9b3f7bb-0106-481f-a61f-932c1c3614b6,group_53_cluster-1
72e89972-0959-47a4-9e75-e12ebfa34caf,group_53_cluster-1
0e799123-5fb8-491f-8892-19218184e8d7,group_53_cluster-1
f2703c72-172e-4ed9-a569-ff9428b0be04,group_53_cluster0
5f8544c6-3645-4e78-8092-505edc2c9423,group_53_cluster0
a20e6339-dba4-4cc4-9f8c-bea480daa67c,group_53_cluster0
c1e6bc3f-f5be-413d-a31a-32d34ac17c29,group_53_cluster1
0985ae95-7d4d-4475-a2e5-d7249df0124b,group_53_cluster1
4e760c53-c686-48af-9916-953d34c3eb01,group_53_cluster1
fd0b310b-c90f-4d8c-a721-db309dffee57,group_53_cluster2
030ba5e7-f540-4b12-953f-321d7a7564b1,group_53_cluster2
1cf813d8-e2bf-4fc1-8db6-22b5d29fa7d6,group_53_cluster2
5b61293e-1c25-4cdb-857f-78acadbd9d88,group_54_cluster5
a6e1cddb-a26f-479b-a308-56fcc0ffc1cc,group_54_cluster5
cec27f32-8b0e-4cee-8d1a-cc7ef40fbc82,group_54_cluster6
26592ea6-1391-4955-bfc3-b697c3d4f332,group_54_cluster6
800b7c51-a72a-4445-b96c-d7de5bbd2124,group_54_cluster6
6ec54061-f8e4-4e07-8214-34937040f6e9,group_54_cluster6
c63b5a5a-8820-4706-a6d8-ae1d2cb22aa9,group_54_cluster6
38038fdc-c9c4-41c2-b7ff-9840601204ac,group_54_cluster6
1cd90471-aee5-4bce-879c-d0833c5d7564,group_54_cluster6
2ecc2c5c-8ca4-433a-83ab-62dbbe375529,group_54_cluster-1
2ef1d406-48c7-4b80-b6ef-63db03f53802,group_54_cluster-1
84a515ba-4721-4986-9db3-84b44c914b90,group_54_cluster-1
2d107571-793f-4871-84f9-48be646549b2,group_54_cluster-1
1b73a8cc-a5ff-4c77-96f5-7e7705a58e67,group_54_cluster-1
de374246-8fc9-4a01-b6f3-ee2345cfda18,group_54_cluster-1
82d8751b-cb84-4abe-8822-d641511d92e8,group_54_cluster-1
ba203921-cc04-4011-971c-52f631c42cd2,group_54_cluster-1
28072726-532d-4f23-8eea-cae23dd3f0fa,group_54_cluster-1
00266e9c-7b9e-4076-b8cc-d9efab93dc68,group_54_cluster-1
765cfac7-e0ef-4589-a3c5-710fc5db3d8e,group_54_cluster-1
bbe85f46-9f65-4338-b5b6-ab8a6fbf1006,group_54_cluster-1
5b3b72a9-1ca5-4aab-8a06-3ad6df3ca90e,group_54_cluster-1
4bbcb939-2fa1-499a-bcbd-ca9b5bef9915,group_54_cluster-1
b08edba4-0db2-4ec6-b653-f9511a8b7a8f,group_54_cluster-1
f7a3d74c-5165-4d19-a4ee-06711414f1cd,group_54_cluster-1
a221af62-a61d-4880-8509-215a482c7951,group_54_cluster-1
33b625ca-ace4-42fd-b8ca-c083c49b91ab,group_54_cluster2
7908b50c-8197-4f80-86bd-b153311ee6e1,group_54_cluster2
65ff6de0-6220-4c10-b889-9d6d024f3f76,group_54_cluster2
c4b61586-9176-4000-bf4a-2cc9ed622181,group_54_cluster2
6b2aa14b-9e32-4e60-b812-7ba3378808ca,group_54_cluster2
7238955a-7a00-47e3-9926-7afbd0e0b989,group_54_cluster2
eb4fdc24-9a97-4bed-8422-d9bbada157fc,group_54_cluster2
8a9935b8-ba94-476d-8d4f-0916c39e8f02,group_54_cluster1
68a6650e-bcde-497f-8748-6894a72e0439,group_54_cluster1
25dff46f-0af7-43cf-8214-61dc2ba177ee,group_54_cluster1
e504d7f6-70b5-41eb-a58a-e843073f641f,group_54_cluster4
ea430662-5fe0-4d5b-9756-29cf892083d2,group_54_cluster4
8494d7f0-b501-4ac1-bf8d-f51f4471f774,group_54_cluster4
8651aa29-4be9-45bd-9010-ec64ed6639ee,group_54_cluster0
8bbc0332-6fb5-4c56-a7e7-c381e2f31838,group_54_cluster0
d0847361-4eb7-4320-a4c7-4f10397b2de1,group_54_cluster0
4abb432a-9570-447a-8b6d-aef44de78363,group_54_cluster3
8747d437-d7e9-4b6a-b888-70f306e11f5e,group_54_cluster3
7fbb6423-38fa-4264-9abd-507b752b498e,group_55_cluster-1
5ed1902e-a5aa-4d79-a023-a3dccf266bca,group_55_cluster-1
aa6f9917-3dc0-4d7d-a36e-0dbe66fdbd8f,group_55_cluster-1
0e54a38c-0e7d-4ea3-9cfe-ede831e743a3,group_55_cluster-1
3c334708-4c2f-4698-bd8e-67d0723ecb57,group_55_cluster-1
950d321f-1641-4fd7-a360-6d7274dbe4e8,group_55_cluster-1
60c160bb-d6d8-4e48-950a-239072b8c60b,group_55_cluster-1
19ec11e4-33da-47c2-89eb-1d5aa3b3b257,group_55_cluster-1
f012be10-f768-485a-9ec5-d9199f26964b,group_55_cluster-1
f1cf86ff-308a-4550-b74f-263db24a0654,group_55_cluster3
0abacb07-bb10-42b0-8635-d75999ca674d,group_55_cluster3
e15eaa0f-c73f-4d4c-8342-613d58fe8a4e,group_55_cluster3
58ecca30-f800-4217-b91c-67f350e2a9f4,group_55_cluster2
a5536e90-861b-4c4c-a3d7-041434642dc8,group_55_cluster2
69846436-2c14-4618-8ad0-ae1a6bd2a7e5,group_55_cluster2
86101912-5866-4fe3-9aa6-9a94b46ebaf9,group_55_cluster1
d6adf6d4-06c9-4792-a2dc-4a07aa86ca26,group_55_cluster1
07aad136-4bd9-4f7f-b72f-10146cc45d8c,group_55_cluster1
fb00b256-9136-4800-8839-d6a1dce574da,group_55_cluster0
064524e8-a933-453e-8283-65e4182bd699,group_55_cluster0
0890d670-1a56-4772-b68f-87c492cef001,group_55_cluster4
3166da61-8d2b-4ccc-9eb8-26b7a1834298,group_55_cluster4
fef54d93-b1e0-4714-b250-cd29e111145c,group_55_cluster4
6f492eef-c9b8-4071-b5ca-c2f5992b1ca5,group_56_cluster-1
7d9aa051-788c-4b5d-acdb-b68ef71cb244,group_56_cluster-1
0c9c3fb5-8726-4247-84b1-6e47a0c8ae24,group_56_cluster-1
957ea798-fadd-4f9d-9bc5-76fcbe0ce24a,group_57_cluster-1
7e654673-7334-40af-ac35-16ac420888e2,group_57_cluster-1
23855dd1-0ec8-4a9c-8fba-98efa675dc89,group_57_cluster-1
bef31068-9a0b-4d3f-b2b4-861293255afe,group_57_cluster-1
12f614df-5f76-4b51-8e19-622fcd4f661f,group_57_cluster-1
3211b185-101f-4c44-9e82-18f3e2095881,group_58_cluster-1
3e388577-4ccc-40d5-809f-62aa73d08752,group_58_cluster-1
5eb551e5-08ac-4236-827f-c1bfd5395d26,group_58_cluster-1
0acc6f60-c61a-4ee0-ab3c-6bb42b85060c,group_59_cluster-1
1e2d1add-1cbc-4b2f-be9f-13f044703b30,group_59_cluster-1
a03d7d36-0223-4eca-88cc-afa3840386c7,group_60_cluster0
a057b2f7-ab47-4cb3-a353-edae9ea44c3b,group_60_cluster0
17d33819-2636-425c-899b-4e7853dea099,group_60_cluster0
5c143307-33e8-4a75-92d3-bf112d72cba4,group_60_cluster0
1d7089b6-c332-4296-bd20-23c7d84bc1cc,group_60_cluster0
a99d650b-d015-44b8-80c8-08dc71551c0f,group_60_cluster0
95850d38-8799-4885-8019-129b079fd7d6,group_60_cluster0
f216d9ef-8598-4c76-b6ec-ded98eb47216,group_60_cluster2
9ae27bbe-fc82-477d-a70a-55ac12a0e312,group_60_cluster2
2f069623-202f-4827-8450-8b035d6ee2f0,group_60_cluster2
f2a0c638-1c13-429d-ad30-cdce5cbe1762,group_60_cluster2
cc55df4f-799e-486b-aaf8-adb6613c7b4f,group_60_cluster1
a56e51cf-b607-4064-a583-dd9f7861793e,group_60_cluster1
9484672e-039d-48a4-a1a4-83a6af0f29da,group_60_cluster1
6450f6f2-65ec-46a4-b014-c459df71e743,group_61_cluster-1
694449ed-5b11-406d-9b97-b0bc74a4176b,group_61_cluster-1
515118ff-7412-4b7f-b9fa-8d22d7c9cb05,group_61_cluster-1
86010b8c-1672-4e7d-934a-1bc069b45478,group_62_cluster-1
503316ed-e962-4eb0-8005-c9da83a3a2d0,group_62_cluster-1
6074fe3e-724d-47e8-912f-98c845239258,group_63_cluster0
e8885f63-577f-4cb4-89eb-424eab82bb79,group_63_cluster0
790caad2-b899-49d5-bc29-4d84c4ba7e28,group_63_cluster0
32c56f9f-a254-4812-8685-1438c0819e1e,group_63_cluster0
7232aad7-ec1a-4ba2-b33c-3c18bfec17a9,group_63_cluster0
add42450-bf0a-4f2c-8635-896c0b5e0ade,group_63_cluster-1
98bd62e9-dbcb-4921-89f9-d111c53627f5,group_63_cluster-1
3b4557b9-f380-4189-a559-983861a72d54,group_63_cluster-1
6b69f0ad-9505-4d17-89f9-3e27ad99419e,group_63_cluster1
a3350e15-9e25-497d-860e-daccdb7db5c4,group_63_cluster1
76054843-868a-408d-8fbb-4b1d597f643d,group_63_cluster1
54177d8a-51da-408b-ac95-bec864c2b3b6,group_63_cluster1
526f55d2-0b8e-42f4-9daf-42bb2e414eb0,group_64_cluster0
346e199b-38a9-46d5-9350-2d35772b7885,group_64_cluster0
b6bcac7a-dde2-4216-be39-e0fd91836eaf,group_64_cluster0
d44739a6-c841-4496-9fd7-44e8f1e87fe8,group_64_cluster0
b9f5a20c-21de-49b7-84b5-586c9e495321,group_64_cluster0
26a85e70-d7fb-4d0f-a4ba-8e66d2bcabba,group_64_cluster-1
3a4a294e-10a7-4b10-8923-343b85dc6992,group_64_cluster-1
a9678d16-29f5-485e-8538-6891c9547d18,group_64_cluster-1
6fabbceb-3b2d-4d05-98a5-517e7c89c97c,group_64_cluster-1
353667b5-6ede-4a88-abc3-f8d6a4b99d31,group_64_cluster-1
331b53e0-c949-471b-bfb8-5751c823dddc,group_64_cluster1
832bcc88-3d46-479e-ad08-d5d50c1f99e8,group_64_cluster1
dc6d4ce6-49ce-4542-ae32-d893d4d4c914,group_64_cluster1
dc8e437e-02de-4d9e-aa44-543b6fb95126,group_65_cluster0
778adc2b-e01a-4c63-b059-c89480cc30c3,group_65_cluster0
23ee0ac7-aa66-43f7-afc5-e210ac39a880,group_65_cluster0
24b5847c-3daf-4950-baef-e3d246ca7ac4,group_65_cluster0
dec84949-26a3-4c30-a0bb-04152c67145d,group_65_cluster0
5f9ad409-7577-42f9-8093-0cf8df910162,group_65_cluster0
94f75428-b8b2-460d-87c3-a3a5d5883a67,group_65_cluster0
6a09c2e6-da48-4941-8238-6c7aeb0f4f1d,group_65_cluster0
f5fa7edc-0008-4e4b-a6f1-f4f8217a73a4,group_65_cluster0
985d0a49-37b0-4b26-9bb8-479ace7fa09e,group_65_cluster0
4342b9b5-c2ed-44d9-96a3-0cf5dae6d87a,group_65_cluster0
41c252c5-a347-48cb-a914-2ad8b92ce3d2,group_65_cluster0
49fb35dc-d897-4183-af46-c072e3641542,group_65_cluster0
5582aa1e-f8a6-4829-b32a-830aad937605,group_65_cluster0
eb46e1e8-7819-4a23-9fd1-fd0d8127426f,group_65_cluster0
ed889bb6-26ee-447e-a580-1d86a93743b1,group_65_cluster0
e177b62b-f617-4e3a-b006-0a6c25281da0,group_65_cluster0
fb3e484d-070f-462f-b526-bfa891d8c88c,group_65_cluster0
cac55a19-91a6-401d-b1b0-c410b592831a,group_65_cluster0
3038c78a-9c71-4dc5-81ce-c503a3576059,group_65_cluster0
3f0ed8f2-f17c-4006-af99-a745e5af3c73,group_65_cluster0
8ec00dd0-3bf9-4e46-a5d1-0bbd68ba534c,group_65_cluster0
0a6c2e6b-6ac7-4d8b-afeb-a3ac2b01207c,group_65_cluster0
be83fe90-2741-42b3-8306-bba0d8ed5d3c,group_65_cluster1
5d994d30-0f7c-48fd-8496-ac37bf812368,group_65_cluster1
6007d5eb-98b0-4a02-9fb2-6b152dafa384,group_65_cluster1
467c7935-803a-4af2-9065-3108ed3cfb29,group_65_cluster1
e76108cc-fc04-4ef3-888d-86d23ddcbcd4,group_65_cluster1
5998b3e9-9558-46c6-a026-f7e1cab06c6d,group_66_cluster-1
b5a1baaa-1946-4c96-9ffc-5283d733dd09,group_66_cluster-1
dafd7bc0-c0f8-40e7-99bf-573206dc3fb7,group_66_cluster-1
d7fd6dc1-6196-4654-8699-84ae0c1b6e8d,group_66_cluster-1
8a666f93-2122-4260-98e6-4594fa88fc81,group_66_cluster-1
b40fa364-f204-497a-99e3-dc324d61ade8,group_66_cluster-1
38997f1b-e351-482d-8b2a-e5b87707d8d4,group_66_cluster-1
7819c263-990a-474b-aca1-d137c6543b5f,group_66_cluster-1
8fc91e1d-af63-406f-97e8-18d21cbb5d52,group_66_cluster-1
7488374d-28f1-421b-a319-bf8ce2a75f48,group_66_cluster-1
49603717-2489-4eb8-a413-da1bdb18373d,group_66_cluster-1
718df351-13f3-4efc-a1fe-e8425fa38615,group_66_cluster-1
72795125-9789-416f-a0a1-65015b46515a,group_66_cluster-1
1355552c-37b9-4e6a-af68-2017a2b3015f,group_66_cluster-1
a80f048f-c7dc-4cb8-a4d1-69812130bfa6,group_67_cluster-1
5690a3b0-5d6b-4a5a-93fd-7e273df018a3,group_67_cluster-1
6444e5d2-2cd9-4a9e-844e-1d3c3fc7c6bb,group_67_cluster-1
b5cfbbca-1237-43a2-b27f-68d8c7f44f8b,group_67_cluster-1
dcbe438c-37a8-4a30-bdfb-2346a58d71e7,group_67_cluster-1
381dcbc8-516c-412b-a65a-f6e1643c2d37,group_67_cluster-1
a5b91565-d2c9-4597-93be-2326ad343fe0,group_67_cluster-1
0661a2d6-b18e-4ff3-91e3-9a6a8803afae,group_67_cluster-1
df8fa9b7-ec4a-4566-b048-3c18613ff31c,group_67_cluster-1
7946f2ce-5a67-4517-8cc0-e512e084be98,group_67_cluster-1
b80d513b-ca0e-4d2f-b7e2-d55c5739d701,group_67_cluster-1
b7ad0d72-7474-4a71-8cf1-bb768cec5940,group_67_cluster-1
bcad301b-c649-4260-ba1e-c1e0e433fa67,group_67_cluster-1
2b5793c3-c036-472e-be9d-855a204f4a80,group_67_cluster-1
d11a768b-d9d6-46ae-9365-7d0b46b722cb,group_67_cluster-1
dd52880f-ca51-4c74-9392-1367d17af39f,group_67_cluster-1
7f93ae1b-35f3-49e5-ad9c-4af07e4529dd,group_67_cluster-1
c7431ccc-c450-4637-89d5-f45e4460b43f,group_67_cluster6
f4947b5a-53a2-4fe8-91ec-502b66f383e3,group_67_cluster6
bb06ebe0-4b95-4a57-af67-cc14dd2e7421,group_67_cluster6
4e211fea-0007-4a98-a1ea-0bfc3a43c882,group_67_cluster6
b0f3c44e-e51e-47ec-a18f-b54829d79d83,group_67_cluster6
c1400057-e2e8-466f-81cc-f6119fd84edf,group_67_cluster6
eae76aad-9eb6-4df5-a394-a003c50dd837,group_67_cluster6
f7d0c0f4-fbe0-4fcd-bce8-3261de8d404e,group_67_cluster4
fee937d9-bb6a-4fc4-be0b-dee4659d896b,group_67_cluster4
3726e70b-22a9-48d7-9c0b-7e9f47715257,group_67_cluster4
6e3b2872-7110-475c-83ef-ad8a1d9c860d,group_67_cluster2
79a233c4-40aa-4454-a929-e942dbf9199d,group_67_cluster2
1a72a74e-a88a-40d6-bd60-9f60c242e02f,group_67_cluster2
18defbc5-e406-44ab-ac34-3f6503213314,group_67_cluster7
3dcead5c-f74f-4a36-8a73-0f7127939519,group_67_cluster7
e0dd5821-5901-4071-8130-324ba0937d5c,group_67_cluster7
31c46519-1282-4d96-822e-e638281250fa,group_67_cluster10
93b3a94f-8462-4a30-bf29-1fa4a20665b5,group_67_cluster10
ee538ce0-3e6e-464b-b4fd-f7fa257263b7,group_67_cluster10
e5f19024-b0db-4401-bd14-bc63d3425964,group_67_cluster9
6febc69e-ed90-4216-8d9c-dbef4036c1ff,group_67_cluster9
6a12cf90-ce86-4a55-894c-297fc7a2f196,group_67_cluster9
8ebc06d7-3ba7-4936-8e58-073c029e4dcb,group_67_cluster9
afa49a7a-3655-4211-8d19-dc6c7b535201,group_67_cluster1
c757cf4f-2136-4892-9a32-1e3e7ef5a5fd,group_67_cluster1
c075ea33-a685-485c-bc7a-3c5079ef048c,group_67_cluster1
6ddf5dd4-ac00-4191-81eb-120d2a8bc067,group_67_cluster1
68032770-e6ad-48e2-b215-fa38978793ce,group_67_cluster1
da144f67-f636-4118-baba-83c7eefec3df,group_67_cluster0
97e57259-ac2a-4909-8a86-b82109ad4165,group_67_cluster0
f48fc83d-f40d-49ad-960b-ff0634eed9ed,group_67_cluster0
ae4fa3ba-9abb-4307-8de9-f7ccdba72280,group_67_cluster0
b76e4346-1aea-4e27-bc0b-9d56c3724baa,group_67_cluster0
5aba108f-78a7-4449-bc5b-cb91bc86f61c,group_67_cluster3
8ab44f26-6d58-4419-97a4-0dcf483dd0b0,group_67_cluster3
7c9b6a09-82a6-49ba-95c1-754a516953f8,group_67_cluster3
31709a79-2c6d-4718-a1d5-c10e696a3b9c,group_67_cluster8
4f73904e-54a1-416c-bcf2-e6c475305cda,group_67_cluster8
5194217a-0faa-4803-b7ce-a82ca0fa1ccc,group_67_cluster8
58114df4-545d-44c4-a4e2-d336c327ae2a,group_67_cluster5
efa7e735-5208-4742-8ee9-e922def6d4dd,group_67_cluster5
9e3a9d08-8000-474a-b58c-15f39a1115e6,group_67_cluster5
e5ed8300-8801-4bee-931f-9dcfba4f3af6,group_68_cluster-1
fc82df78-33ad-49c4-a801-f9a14c9cde20,group_68_cluster-1
c9e589b2-4fec-4f54-957c-7a5ac77bc941,group_68_cluster-1
5caae444-d15b-4e4f-9474-a50fb9a22c77,group_68_cluster-1
cbf10c57-85a8-4d95-8dce-54bb53cbfb78,group_69_cluster-1
1f617f3b-956b-4e8a-924f-bd2b65a881c5,group_69_cluster-1
fb9477e7-91d4-4f6f-a561-3743fa93c79b,group_70_cluster-1
7fb216f4-2231-44be-9399-ddf48855b79f,group_70_cluster-1
98106a69-393e-4f65-b341-b7c83053ec8a,group_70_cluster-1
85fdc542-f297-46ef-8f70-dfa611e612d5,group_71_cluster-1
5a5aa7c8-adf6-4d7d-8820-9b7183b63a4a,group_71_cluster-1
dd2e2b3a-457a-49d6-a4d5-7175706fe89e,group_71_cluster-1
9800c5cc-5c5b-4dde-93c6-015b990882c5,group_72_cluster-1
28ed9fde-bea7-48c0-8bc6-e8e4999b9381,group_72_cluster-1
ad547dd6-7165-4a6b-b33e-185b665579e6,group_72_cluster-1
b2876506-d28c-4509-b747-d11002015bf8,group_72_cluster-1
1bca696d-de5d-4846-aeb5-706f8ac4d7b4,group_72_cluster-1
f7474612-409e-446b-bc46-469f8196bc88,group_73_cluster-1
b31c39bd-9458-4734-9029-5056218f2843,group_73_cluster-1
b3e62242-9810-4859-8aa1-65162b5c50a5,group_73_cluster-1
07ccc943-0dfe-4368-8d6c-e75c554285bd,group_73_cluster-1
a45e33d8-ef63-4927-a627-c4b111dea046,group_74_cluster-1
b0669e18-a13a-4613-b691-7b6751919169,group_74_cluster-1
6dea6836-ab94-4fb2-bdf8-f1671aae1567,group_74_cluster-1
515a0c85-c250-41cc-bff0-818acf6be8f7,group_74_cluster-1
2291a590-6b91-4f7c-9634-0e5e90bf2f7b,group_74_cluster-1
c777e08a-895e-45e5-bc0d-49f331d508ba,group_74_cluster-1
640d8885-20d9-497b-9fca-c5ff28e50f5d,group_74_cluster-1
a7368342-4be9-412e-92a6-841e1bebc737,group_75_cluster-1
d4ae3c87-ee63-4718-902a-37c17fe476bf,group_75_cluster-1
4fd3f008-9fd6-4405-8a93-a7d754ae9da4,group_76_cluster-1
23872dac-170a-416e-b2bd-f1817904de2f,group_76_cluster-1
5be5a42d-e58d-4bbc-929b-d6897d5dc73c,group_76_cluster-1
ca92a8f6-5244-424f-a3bd-d44fc63cd11d,group_76_cluster-1
b2a1d7b9-d061-44de-a37a-6adab281492f,group_76_cluster-1
3e540332-59ea-465f-b068-ed075e52fd87,group_76_cluster-1
d63a0b1e-1af3-4a7b-a0bb-7251f1de9dfd,group_76_cluster-1
66d3e6d4-f56e-49e3-89b4-538287f51c42,group_76_cluster-1
32851ba8-5d66-405f-a60e-8b8085d821a9,group_76_cluster-1
7b309d02-f299-4ebc-a8dc-4b6c52b27997,group_77_cluster-1
d1c0a344-cebe-4ac0-b055-d610b2045db2,group_77_cluster-1
b65e0154-6306-4d67-95b8-68d836d03be3,group_77_cluster-1
dd09fc8c-326e-4264-8857-8c6e060666f1,group_77_cluster-1
e0e2e5b4-e34e-48f7-b6b0-7f63c5efa5a1,group_77_cluster-1
1b0a15c2-ada1-46ea-90b6-b6b50d14a2ac,group_78_cluster-1
f214c5ee-86f0-4a81-9456-43efdd1be130,group_78_cluster-1
6d7680ca-d483-4140-8e0f-b5bc6e7bcb67,group_78_cluster-1
6936b674-b748-4125-ba96-c9488cbe1433,group_78_cluster-1
9ca88bfa-7b39-4a87-9101-250b6ba2bda3,group_78_cluster-1
46415067-0d76-43b3-a46e-400e38ecc69e,group_78_cluster-1
67b0191a-515b-4a50-881b-4a914e0c6ee0,group_78_cluster-1
55af61c0-7f6b-4164-8b1c-3a0d4105d3b7,group_78_cluster-1
e8c7071b-d933-4d43-816f-82b81fa7645c,group_78_cluster-1
5951f4d0-69b7-4321-9690-1691087a085a,group_78_cluster-1
155e723b-4197-4d09-bfc3-8f344d74ee0e,group_78_cluster-1
518ad74f-2eae-4f55-9091-bd54d19cc7b6,group_78_cluster-1
86b068fe-d866-417a-8665-6e2ebf3bff3e,group_78_cluster-1
5140e122-3b34-4050-abdc-834414b1f313,group_78_cluster-1
9a58b56b-7765-42dc-b870-d58cdb326e3d,group_78_cluster-1
780921be-9a20-4eba-943c-f4a0dae700ba,group_78_cluster-1
4f4c5146-2c98-49f4-a11b-b74f4e1f2f4c,group_78_cluster-1
20612a50-48ef-4434-ac96-7606eb968fa8,group_78_cluster-1
60217108-1d93-4fdb-bc45-986c82a47da3,group_78_cluster-1
7e90fde1-b2ec-4948-a9b5-5b90c7de2c28,group_78_cluster-1
532fb849-95c8-4b24-9adf-a98e0bf38807,group_78_cluster-1
28a3ba84-3b4a-4ec5-8be2-a0c176ffab5a,group_78_cluster-1
7cd98e1e-9bb9-48f4-bf46-f03c3c6cbc41,group_78_cluster-1
41fda8d0-d5f5-430e-b170-fb3f4ca4ede5,group_78_cluster-1
01178489-ddc5-442d-a38c-84725e519978,group_78_cluster-1
51b15e51-0019-4878-aaef-974195e00ba6,group_78_cluster-1
7d8aa36c-d450-49b6-9c48-5334a73acf51,group_78_cluster-1
02a868ce-3e94-49eb-b727-eefafdbfeecc,group_78_cluster-1
bd4abbee-590b-443d-bac4-8e6ab168173d,group_78_cluster-1
3857b105-ecc4-4fe1-9fa5-045b3b959147,group_78_cluster-1
05887e9f-96f2-443a-86d6-3fbd96db2342,group_78_cluster-1
93cfbf9c-9f00-4d11-8a03-6fd8682331ae,group_78_cluster-1
199f9f97-844a-4122-9b65-54407b0ed17a,group_78_cluster-1
a358c282-d0b7-4eda-bb33-0afbe7e0e608,group_78_cluster-1
f769aa99-8bb0-492f-94cd-12aafad40edd,group_78_cluster-1
8ce445fc-e951-44af-b292-a49b8cd61ca4,group_78_cluster-1
c7b5d09d-f10b-42ca-9e4d-6349685a1bd3,group_78_cluster-1
731cadf7-11b1-4ba2-bde3-14a4dd130aed,group_78_cluster-1
76f79181-b143-43ed-99ea-320425862b0a,group_78_cluster-1
fa073079-ab8a-407c-a4e7-e9507943abf0,group_78_cluster-1
f3bf9199-f895-4242-a725-7999a054e16c,group_78_cluster-1
c451a018-cb29-4e91-aa1e-02477c949142,group_78_cluster-1
ba727ce8-8823-4781-a0d9-957fa11be8ae,group_78_cluster-1
b5332993-ccbb-4185-96c3-fc7b71da3240,group_78_cluster-1
ca13625b-4fe2-4c61-8b2d-200ee184ad2e,group_78_cluster-1
4beed6eb-d340-4078-80f7-45e4fe6c4112,group_78_cluster-1
c8231370-d67f-44e7-8dbf-0afb425f6837,group_78_cluster-1
4768bf87-ba98-48d5-b93d-914180063d09,group_78_cluster-1
3c8bcaf9-d612-4fd9-bda5-9531fcc35d44,group_78_cluster-1
0fea9186-e46d-4ef5-9b00-93efa9cab849,group_78_cluster-1
0b1c2238-8116-482a-9321-ff20feaf69ba,group_78_cluster-1
ae7ffb99-ac69-4c32-b490-142e1f2d3964,group_78_cluster-1
c2a9c702-f9ac-4bfb-a2ba-e565a1cb822d,group_78_cluster-1
765149e6-7d2a-4a99-96de-6477e0eeaa88,group_78_cluster-1
d05b82a1-3b13-44b0-8056-9db93738f31e,group_78_cluster-1
0390b386-5c30-42e5-96dd-98dfdab51b9c,group_78_cluster-1
3cea7d2a-1f2d-49fb-bf3b-bca3c757f9f8,group_78_cluster-1
b3aab0e0-bbb4-46d6-b481-53511fa757a9,group_78_cluster-1
b01b754f-0949-4569-b97d-a1da0e13d1c4,group_78_cluster-1
7f97fed7-57ca-4445-94d6-a1d1427ae35a,group_78_cluster-1
47516c2d-c556-42bd-b4f4-3ac093f275fa,group_78_cluster-1
830e02d4-5293-40a7-9850-c77fd166f39f,group_78_cluster-1
dd06f219-b805-4a0c-b955-6fb37c8b3b1b,group_78_cluster-1
5e8238bb-dd3a-4c7a-8794-e2a3c89791fc,group_78_cluster-1
ca46ee7d-3440-4b88-9c93-c57ec26f4a6e,group_78_cluster-1
49678ea1-0045-40d3-9ead-de8eb377aa8f,group_78_cluster-1
5c6411ee-e206-4d2d-89a3-8d567d62d5ec,group_78_cluster8
1c81e618-f667-42f6-a481-32e9cb9fece0,group_78_cluster8
c94f0228-18d6-4d5a-912c-3b1424241634,group_78_cluster13
4e313ad3-844a-4b37-9a9e-fedb348635c0,group_78_cluster13
b1fc58b2-98f2-4505-96e5-63df36c766ab,group_78_cluster13
39c48c2e-841e-469c-b2f3-0dddaece73a7,group_78_cluster1
12462636-9d5d-4e16-96d2-a59190dc3ca9,group_78_cluster1
9d7132d3-a60f-4793-ad19-08ccfa6c9d8c,group_78_cluster1
4b4f63c4-e987-461c-981d-e1f52ea9e4f1,group_78_cluster1
61054b0f-cc3e-4051-b7d3-51c5b9f9598e,group_78_cluster1
9259570e-2c2e-4f31-9564-fcbe870496be,group_78_cluster19
f7366dbd-5143-43c7-933a-be47f9be4743,group_78_cluster19
98c8db05-eca2-4fa0-9951-d461d1ae95f1,group_78_cluster19
cd6446f2-f57f-412b-b176-e4f049ea28c3,group_78_cluster19
156abce8-41e0-4128-9e92-4bce8bd3893d,group_78_cluster19
50cf6408-7d2f-4132-8b11-0fbe4c1b9eb2,group_78_cluster19
763bf78e-f34b-4eef-b9db-715ecbd31a88,group_78_cluster19
bec48ee2-8353-492b-ace0-b466b661ff26,group_78_cluster19
a78e1f9c-06e6-4fed-920e-ba61de1e4705,group_78_cluster19
68373633-5aac-4730-8c7c-7b620fbe6807,group_78_cluster19
ffa40a16-a219-4bc6-91bb-0c7a56dd8ca2,group_78_cluster19
159362a1-335c-49fc-8a6c-f60460967eaf,group_78_cluster0
8524f080-3ec6-4b48-a20c-7a55e516ee64,group_78_cluster0
fb520530-4361-457b-ac0a-04c8f072e647,group_78_cluster0
2155225c-190d-450e-9704-d3081bff47ac,group_78_cluster0
a534a6eb-3618-4c52-9791-a711356436db,group_78_cluster0
98e31c4e-8d3f-4b95-92f5-cead3da578a1,group_78_cluster17
c3f99f12-356e-4076-9d16-3d2a7fbaa400,group_78_cluster17
ab77c6bd-7524-472e-8b2d-a5afa619c71e,group_78_cluster17
ccef84c0-bfba-452d-b142-29f6f461593d,group_78_cluster17
558959be-45fb-4ff4-a9a0-2592491d3142,group_78_cluster17
e3197584-b659-467c-aeee-c86f54d99576,group_78_cluster17
a1c31362-9c83-4ee5-8c5d-2f452e5f62c5,group_78_cluster17
6ab185af-1d6c-41c4-aece-2f40a2b9dd41,group_78_cluster17
941829fd-fe3a-45a1-b31f-904919d140f9,group_78_cluster11
b8879443-5ab0-4163-9a17-68bb3f5e342a,group_78_cluster11
b932949c-5f18-4ab8-9850-c2caa2dd3e04,group_78_cluster11
665941d2-76b4-4b06-aa19-49546d620e74,group_78_cluster6
e430685c-d4ac-4628-a38f-dbc609ea56b6,group_78_cluster6
a16ff886-990f-4f58-b5ae-496b2010c235,group_78_cluster22
9adaceb5-ed83-4976-9de8-8894d203ff4f,group_78_cluster22
73a8074f-d889-4d7d-bdca-701f748d66f3,group_78_cluster22
89bce3a6-54a0-40d7-a979-53e188b3d022,group_78_cluster22
8ce30bb3-64de-4ea0-a123-73d4ad6a471d,group_78_cluster22
18febc3d-d235-4873-8a85-b2c2d89b38b6,group_78_cluster22
afce1d4c-8649-4e52-8fe1-5797fe9e4f95,group_78_cluster14
bcf27f8e-5a04-408e-8078-5055cd446bbc,group_78_cluster14
9e82b5e0-fe27-483b-bdc2-36d406972595,group_78_cluster14
088446b5-1852-45d2-8e30-5b4b70d29e03,group_78_cluster14
b1dc6601-3e2d-47d6-8398-c0f1b24ea22b,group_78_cluster18
c9e0eae2-0a5b-4604-abae-b0eb021b79be,group_78_cluster18
4f7f965d-b8d0-40af-9ff1-3b6aa90f3003,group_78_cluster18
f730f24e-61c5-4864-9535-8b86ea426a4f,group_78_cluster3
d796a5c0-0959-4118-803a-7e49dece96bd,group_78_cluster3
673e83e7-879d-4cbe-9f99-9e6ba65c024f,group_78_cluster3
1d8e20d8-41db-47d5-bf4d-0717f020608c,group_78_cluster3
df69d7ab-32f7-4696-a236-acb3f8ffacde,group_78_cluster3
c9b5e82c-596c-46f6-8e26-d6839ae2a30c,group_78_cluster24
9d5a91eb-a5d4-4965-8f72-26848b691dc5,group_78_cluster24
81f8294e-bb5d-450a-a4a3-2601db31c1a8,group_78_cluster24
5148fcd0-99a6-4d8f-8e02-86257821948b,group_78_cluster24
f21d87f3-456c-47c8-9fe4-473d0feb937d,group_78_cluster12
56e27165-a91d-4e82-9322-81b911a54939,group_78_cluster12
ae839db2-22be-4154-bb4f-b178b76a68ae,group_78_cluster12
fd468b84-0e5c-45cb-8a9e-98c040f4b1b1,group_78_cluster4
6de53ae5-01ae-48b4-890b-1fdc6848bdbe,group_78_cluster4
4d9b0705-b189-4485-a1a3-358be53a83d8,group_78_cluster4
66775832-764e-4eb0-b633-60d3500a71df,group_78_cluster4
91b2be6c-705e-42fd-a6f3-0c786ce29e5f,group_78_cluster4
e5cd9714-cbc6-4a31-b45b-5e08fc107a65,group_78_cluster10
e0679f32-2ee6-458b-9c0a-9be48b4352c5,group_78_cluster10
51868e26-b10e-4db6-b859-b9b52c76a8c0,group_78_cluster10
980da59e-317c-4e67-b48d-7111aeec15ca,group_78_cluster20
1c6a6845-dd50-4f99-84a3-abc9aa53be3f,group_78_cluster20
a41ee86a-fa5d-49bf-9980-2ea8a53b1f63,group_78_cluster20
47876261-fc78-4c8e-b7a5-4a7444931e3b,group_78_cluster20
34b78d02-ebeb-4519-92a8-3a828716f7e2,group_78_cluster9
49081e08-65cb-406d-9d81-91ed37ecfe84,group_78_cluster9
fb29f283-630f-4003-b1e8-845fc3159d45,group_78_cluster9
73ace452-55ef-4e57-b8cf-716d4f80b3e4,group_78_cluster9
bfd4c08e-ec39-48d6-81e9-2f1f8006116a,group_78_cluster16
32614205-86b2-4d98-81e4-d8e17f82f70e,group_78_cluster16
62b49328-d4cb-4741-9407-6c49b0bc16a8,group_78_cluster16
174fb82d-f9b7-4c07-b58a-e4afa081c593,group_78_cluster7
bc784185-d391-422d-a50b-e253370fae73,group_78_cluster7
f2bafaf3-3e77-4e8e-b1f1-72ddcd714a08,group_78_cluster7
98ec8d27-0755-4059-bada-827d90e95605,group_78_cluster5
1428e9a9-11d5-4537-b096-2496ec7d3ce7,group_78_cluster5
2c80aa15-cf8e-4189-8ca0-7c5a941b00a2,group_78_cluster5
c5a3b2f9-ce7f-498b-afe8-adcffb599df9,group_78_cluster21
19d1a181-1e08-4a5d-a82f-ac95105fb0f6,group_78_cluster21
d0473abc-1903-4e5b-a495-859f2f65fbe8,group_78_cluster15
0feb6bb5-b119-4bb4-9b78-edb14ddb7e87,group_78_cluster15
8a1dad19-5db8-44be-b05c-3beb15c24b1d,group_78_cluster15
ee8152ef-5c4b-45e5-9581-199ccc9db28f,group_78_cluster23
51704cf4-9440-46f7-a94e-424843ffa0f8,group_78_cluster23
b3ed2070-0cad-4614-a6a2-99c7dc25d1cf,group_78_cluster23
8587a8ab-dcee-4b7f-8c65-062cb14309e6,group_78_cluster23
614bfb72-eda9-464c-af32-38fe39b78a92,group_78_cluster2
d8f23174-fc5f-40b1-9afc-e5a78db045b4,group_78_cluster2
3f8b4c7a-7350-4b91-9954-62dead0e3dbc,group_78_cluster2
6fd08dc1-31e4-45bc-ab62-5dd618f18e2e,group_79_cluster-1
5ce5a1be-df90-4f09-b060-3432bded5e79,group_79_cluster-1
e0daad66-e42f-4b49-a41a-61a75fc94b25,group_79_cluster-1
a00c053f-175d-46d7-8c6a-4cd612a902c4,group_79_cluster-1
2d0197fe-cb9b-4360-9f70-c2f20b337ff8,group_79_cluster-1
17e22fd3-6054-4d61-9b11-d735db158ae1,group_79_cluster-1
e06019e5-0220-4d4d-9833-5f142185d00c,group_79_cluster-1
06ae8b1a-c91a-4681-b48f-dab157387cc4,group_79_cluster-1
fa329259-af83-43f0-916e-aa9267aff865,group_79_cluster-1
5b985086-c8d2-4a16-9e4b-467a6ec1b9b5,group_79_cluster-1
d9918ca8-a84e-4834-a2fb-4cf91a88ab14,group_79_cluster-1
73641a6d-97b5-4ec6-9d3f-5a6204def58b,group_79_cluster-1
78b32718-b3e7-4312-98a2-bb72acd6e1b4,group_79_cluster-1
fe55c7e5-5c0f-40e1-806d-0f890fbe6737,group_79_cluster-1
24684cd1-c64c-4e93-ac8c-c06e82355c57,group_79_cluster-1
f7689246-1ff1-4d0b-b14d-bdcb08d79dec,group_79_cluster-1
7c7f8691-2695-46df-8ba9-0778b8b054e1,group_79_cluster-1
b6f7fe0b-dfcd-480b-8974-4e299ee5b50b,group_79_cluster-1
c1153968-d950-4c4a-9a13-0c9912282448,group_79_cluster-1
ba24e516-bf8f-4e37-8a88-1cc361708653,group_79_cluster-1
6dc64d54-f463-45ec-a266-5057b88e2747,group_79_cluster-1
a70eec2a-181b-4a1f-9625-e513c23a6393,group_79_cluster-1
2c233fff-3288-407e-b5a8-a3c6f313f58c,group_79_cluster-1
909c846e-779d-4596-bd21-0b84369f52ef,group_79_cluster-1
b8a3373f-2109-4eaa-a4ab-826edd7e33f9,group_79_cluster-1
02a9c6ce-e5bf-48a6-adfd-ad09edca7be5,group_79_cluster-1
1fb3ade8-32ce-4d22-930c-f4b24f48ee20,group_79_cluster-1
41604777-9d96-45aa-b28a-a60d30f4dfec,group_79_cluster-1
5655adb2-3c39-4545-bc7c-249f45d7b864,group_79_cluster-1
cdf834a5-ec14-4d82-b38c-149875eabd15,group_79_cluster-1
46326a6c-bd83-4be4-856b-4222971b4abd,group_79_cluster-1
47cc1812-20be-4f33-bcff-f64edf6f0d7d,group_79_cluster-1
89c2fb02-a872-4f61-bf91-5a0eeb642f5e,group_79_cluster-1
9b0514ac-c73e-4640-900e-da60aa3d188d,group_79_cluster-1
e4724258-254c-4220-b172-bd0c7b785109,group_79_cluster-1
168bef40-8886-4ffd-a4f9-1c67225f00e8,group_79_cluster-1
96f42ed6-94e0-444d-95ac-937bbda05b6c,group_79_cluster-1
2a56befc-82fd-4816-8a39-866946ce5d98,group_79_cluster-1
2d8b9703-41cd-4600-969c-db18bbd9662c,group_79_cluster-1
ba952724-3b57-49df-a040-696ad5c46d8e,group_79_cluster-1
4874536e-de00-430d-bfee-9a8462d77c64,group_79_cluster-1
229edeab-2f66-466b-9d6d-78165a285bdf,group_79_cluster-1
2fab23d6-6983-4e4a-bda3-3a95accd1dac,group_79_cluster-1
9e2b5f1a-c0db-4659-ba29-a491ee1f2853,group_79_cluster-1
6c334849-2ca9-498c-b2b1-c9611138264f,group_79_cluster-1
fd483057-18a6-4b56-8952-02341bda871e,group_79_cluster-1
ca090da7-814a-4895-bffd-b9dbe6351257,group_79_cluster-1
c8cffc3c-123d-4e58-853b-fe9046c5fa57,group_79_cluster-1
a36ec07b-70f7-4150-b033-e3819d35cd2c,group_79_cluster-1
512f2401-1610-4e87-a491-917156a058d0,group_79_cluster-1
04a2bbee-d40f-489e-a525-bac30b88a18a,group_79_cluster-1
9958c054-41c8-4ea5-bfd6-b83ae82e617f,group_79_cluster-1
abdf4623-d4bf-45a6-97c8-53f7c27cc7fd,group_79_cluster-1
c26a5e0b-c4c8-4a43-8528-29351f5ff479,group_79_cluster-1
3bbd02ae-0347-44e7-8256-e658f9739e76,group_79_cluster-1
3a899764-ad43-4308-bab1-70b67c6a6304,group_79_cluster-1
b886ffc5-2767-41e7-b847-37fcef551bd9,group_79_cluster-1
8fe21844-e097-4292-8fb0-f4db6f6e96ba,group_79_cluster-1
2ca5cd15-3509-46cd-8ca5-54ffdbaa1d31,group_79_cluster-1
861f8980-9da2-42d2-bf98-fd813b3ccb39,group_79_cluster-1
cb9a6e2e-6114-4701-a418-c3731431f574,group_79_cluster-1
d506ed5c-dd0d-42cf-ad06-09996e9c6a87,group_79_cluster-1
896efaac-50dd-4321-a667-24be76d44279,group_79_cluster-1
a006979d-165c-4b4b-bef3-bb0e8fcbe186,group_79_cluster-1
89c2dd79-3b04-4e19-9b37-5e4fd2f974db,group_79_cluster-1
241c479f-0d68-4278-ba07-0d3bb1fac166,group_79_cluster-1
c9ab218f-e549-48c6-8738-1dca78acb4b0,group_79_cluster-1
2d568184-a189-4027-a22d-3e2ab62ecb06,group_79_cluster-1
d0317fdc-0289-49cf-9339-9b6c433b79c6,group_79_cluster-1
bba81cb5-2482-4a88-a165-03e3136f02a1,group_79_cluster-1
0c9bf3e4-4c4d-48fa-892d-62503bf09ea9,group_79_cluster-1
64574ac4-ad79-47ad-b4fd-7f04f0ceb52a,group_79_cluster-1
c3e783bd-9b3c-4dc2-91f1-5f33678d31ca,group_79_cluster-1
6398518d-21f0-4469-a167-c832602a8686,group_79_cluster-1
e1ca92a1-db00-4558-9027-8970b95b94d9,group_79_cluster-1
1265e10b-a936-440e-b566-da8b5fb77fc9,group_79_cluster-1
862b3a16-36b1-4592-accd-817114a8b70b,group_79_cluster-1
f43d3372-0909-49d9-992a-8b57dc7c10c7,group_79_cluster-1
cfc2c9ee-7490-43c2-91da-ef49a9ea9bba,group_79_cluster-1
8362b0c7-99a6-4067-8ba3-8665b0238a02,group_79_cluster-1
6b407b89-3183-45a5-bfe0-28eefa50d4ca,group_79_cluster-1
9b98f11c-b600-421b-9826-b30ef8858a7c,group_79_cluster-1
8e2df2ce-48c3-41fd-890c-3915fd4f015b,group_79_cluster-1
7f3fcc31-d867-49f5-846f-070150e049ea,group_79_cluster-1
a13f5c9a-effc-4319-844f-06f7d5985b51,group_79_cluster-1
0ed31f98-c162-4f09-8055-f10d896e288b,group_79_cluster-1
69689072-373e-4c58-86da-6863939e5a90,group_79_cluster-1
84165e13-6786-4aa2-9653-b049f37b9ad7,group_79_cluster-1
b5c6e7cf-0bb1-4624-90de-352b26c2268a,group_79_cluster-1
3089c888-2a51-4750-8b59-03fce6c81265,group_79_cluster15
cfd3b93b-5208-4b61-8241-42b309990d2f,group_79_cluster15
43201c04-818b-4bf1-a0ac-57afbc17ea00,group_79_cluster15
b5a163c1-5646-4d22-a2a0-d655c8e1628f,group_79_cluster15
f45d0aa2-9d82-48fb-87a2-1fdaefad9af1,group_79_cluster10
ab63d808-af6e-4e5c-badc-f62b4f6a1c90,group_79_cluster10
48ffe05a-f674-49ed-b6b6-3fe7f3d8ba2d,group_79_cluster10
4892b17e-5c1a-4730-b5d7-735ba6c8aa20,group_79_cluster10
dfbd6230-c70c-4349-93f4-59d4e30dac0b,group_79_cluster10
9811936a-188e-401c-9305-a43f543af882,group_79_cluster4
8e3153eb-f3a1-4611-80fd-7d1f4447ec99,group_79_cluster4
09ad2ac8-a917-4e7a-8bdd-564340b0e334,group_79_cluster4
6332e316-0710-4ec8-93a2-770a2f61e40b,group_79_cluster4
fd2bafb2-7eca-48a3-970e-40be408b427b,group_79_cluster4
5bcd9c60-4942-4cdf-a1a4-ab92dcf7f1d1,group_79_cluster24
285e066b-dff9-447e-b0bd-7f888faf933f,group_79_cluster24
c006b47b-88cb-4dfa-a926-0b438ae41e81,group_79_cluster24
33a2074f-6b8a-4bbd-a7ff-775d503e7f6f,group_79_cluster24
eb92afb7-eaba-417e-af54-8df4a8ae4e10,group_79_cluster1
403e558b-0d15-4a9b-9aee-e788de27d45d,group_79_cluster1
b2cf970c-bd8d-4d4a-a805-2ebfda82c3fe,group_79_cluster1
6dd05528-6e30-484b-9d0e-496d5334fbe4,group_79_cluster1
364930dc-67c0-4867-b56c-b9573ddd5718,group_79_cluster1
6b95fa2e-e547-4ddc-8c86-6c5e128e9c0f,group_79_cluster18
b27da2bb-d1f5-4415-b645-d73ba02e7914,group_79_cluster18
7887d746-c03f-4e5e-ad69-9833b4dd7468,group_79_cluster18
6e92fdd4-523d-475d-9aed-0f695ccad088,group_79_cluster18
2582ef9f-733c-48cb-a7e0-43a4c27c815a,group_79_cluster12
efc172db-d555-4e90-b3ac-e2caa6bf8708,group_79_cluster12
48e7f695-b100-48a3-8bde-550eef6568d9,group_79_cluster12
670031f5-37b7-40ac-83f0-838e833eaa11,group_79_cluster12
ebb02434-08ea-4789-9a5d-9193a2368126,group_79_cluster5
dc942a1c-78a6-4edf-b8b9-27d5a8d23398,group_79_cluster5
b369efd8-5800-413d-9b75-cc42037ab652,group_79_cluster5
5330502c-294d-435e-80d7-1a5f7fa8282f,group_79_cluster5
f12abe10-dd1a-491f-9acb-b3ec571e9b56,group_79_cluster2
33e93f44-b6c6-48b8-a3e4-b6768d2a8a33,group_79_cluster2
d8451ba2-fd0f-4500-bdc0-f84d68a99f96,group_79_cluster2
aa6bbe43-4c0b-41cc-a73f-4be630a9785c,group_79_cluster2
f7bf3cc8-05e5-4e46-a3c5-a62dcb9c87da,group_79_cluster2
4926a327-3f99-4f11-9630-197d8b218bf2,group_79_cluster14
14c2b242-0928-43a3-8f6d-d36f74e1408e,group_79_cluster14
80568b4a-bc21-4c90-984d-354c5947a68e,group_79_cluster14
d6afe410-5f58-4883-8a58-bf04e8d7628b,group_79_cluster14
a6f03f5c-1b9a-4247-947e-a0e417e9e986,group_79_cluster30
62148265-aae0-4932-9002-1b99eecaf04c,group_79_cluster30
9fa421d1-9f66-4b6d-8731-5062e68aa08d,group_79_cluster30
c584eec9-a198-4a8c-b6d4-558c1b762678,group_79_cluster30
c71b64b1-cb2b-4728-91a7-21a25bbfb00c,group_79_cluster11
ef9eb625-f5b4-4e0d-a2a1-82897a0a162a,group_79_cluster11
d4f29228-b125-43a6-aead-ebf5248a4dde,group_79_cluster11
86ff8190-48a5-48ab-a585-d656a6b51b80,group_79_cluster11
7d8c96ce-ecb3-44c3-b008-39fa287c7488,group_79_cluster11
e40395a1-02a4-446f-ba11-527687c78fe5,group_79_cluster11
c6de6757-89b6-49e4-9e61-ff08e3341e12,group_79_cluster11
4569b736-e5ea-4751-85c9-b4ead7926d58,group_79_cluster11
897c59ab-52af-4b19-a6f0-c451c643a69d,group_79_cluster22
59b73d90-3343-4a81-8866-3acc93839bd2,group_79_cluster22
61cbbdec-6d74-4037-a029-522cf3bd59ef,group_79_cluster22
0d2ce478-7661-482c-815e-a334a40fa725,group_79_cluster22
3a6568f2-c2a4-4617-99f8-dd60aa8eb835,group_79_cluster22
7a6db8e7-80f2-4fa2-90c4-142f84663ba0,group_79_cluster35
0874544b-ae77-45c6-9cfd-21351b89ecc7,group_79_cluster35
a278366b-6313-44e8-819f-0871e7a49c0f,group_79_cluster35
bc9e4f4b-ea8d-4354-99be-499b07d7d542,group_79_cluster31
f493f756-734b-4e0f-ac17-875bce2e98b5,group_79_cluster31
1cda63df-a35c-48bd-bfe9-a60f6efb13b6,group_79_cluster31
2eea6d30-ddec-4f01-a61f-155d249fb31e,group_79_cluster31
c55e3d59-e7bd-491e-8100-f5817f7071e5,group_79_cluster13
d48e3f05-0c04-4270-b09f-e2e15ee855a1,group_79_cluster13
b36f59f5-9dcf-4ca8-83c7-b4d191cea189,group_79_cluster13
e73cba85-36b8-47c7-ad78-301d2ec0bf70,group_79_cluster34
28b513d9-324a-4c66-b70e-99618269a1ae,group_79_cluster34
589f7061-e082-42c2-abd7-80fdc7739061,group_79_cluster19
640a5075-a3e4-4090-ae50-815e0ec7f7ea,group_79_cluster19
ae68b351-55ea-43c3-8e95-8f255b1f94a1,group_79_cluster19
8537da16-db42-4c37-b467-09404dcd260c,group_79_cluster19
02edb5aa-2059-4e51-b501-53df8810a531,group_79_cluster19
48f3799c-8936-40ab-a9c0-fe6d704dc617,group_79_cluster6
71c0c8ed-656a-49ba-83da-1316cdfb471b,group_79_cluster6
a3f117a2-df5e-4678-9d4d-e09a996575b9,group_79_cluster6
97281cea-8358-4c34-a7fb-a6a5c22b771d,group_79_cluster6
6f801cab-d7e4-40e5-b45c-6ecc4aea6d69,group_79_cluster33
5c3a1f37-5319-4cc3-b8e5-d0a9433692c7,group_79_cluster33
745ca425-4e36-42ff-81ed-930e41241118,group_79_cluster33
63cf9d96-1c1c-4ad1-b940-7175e13d0c48,group_79_cluster33
bebd6703-5b3b-474c-8e4c-6384447ecebc,group_79_cluster33
a45c5e04-0c71-44cf-8164-2af2c174c6b1,group_79_cluster27
008274fe-6d41-4711-af3d-6193bc99d07a,group_79_cluster27
95ce1e26-a405-4459-9de9-1e3564118862,group_79_cluster27
62f84564-db25-44c9-a0b9-6cd2a2b50a57,group_79_cluster27
f2e600aa-6ed0-4453-b211-895390f83a4c,group_79_cluster26
eb49507e-6044-44a2-9a98-89ec911f0ffc,group_79_cluster26
39e053f3-c37e-4676-89d6-76f99d3408f9,group_79_cluster26
211c4e57-ad8a-4135-a644-aab13cbbaf40,group_79_cluster26
0fc8d405-a2ed-497f-b685-7c1bae85843f,group_79_cluster26
c4d1cd91-d5aa-4dc6-8c19-56ee5d0a1c15,group_79_cluster26
5bfa734f-5a88-451f-9116-a9d905903e58,group_79_cluster26
1715753c-88a0-45c2-8cbd-ffa739eea293,group_79_cluster26
37ed6926-a7eb-44f0-9c0a-4b233aa7f36c,group_79_cluster7
33ae7b69-7905-45be-9799-de6e82490bba,group_79_cluster7
1e4a8132-f548-445f-ae98-e4acd9ff8117,group_79_cluster29
5f3b6431-310b-4dd1-bfac-782fd1ecfd2e,group_79_cluster29
04ae488a-88c5-4255-84af-ea43f23a092c,group_79_cluster29
26cb6370-1d46-4e6a-8208-91453153481d,group_79_cluster32
0752f8a1-dc09-469b-b518-039e32070075,group_79_cluster32
fe76d992-fd74-4c01-a007-48d901dba855,group_79_cluster32
7bc8e9b0-3d46-460a-9ced-64171d579217,group_79_cluster9
1633f90a-2eb4-462c-860a-eeba50cb247b,group_79_cluster9
4ff99fb2-2393-4b91-95e8-0bf94855ef23,group_79_cluster9
6e56b028-7f21-472a-82c6-5396c0128e7e,group_79_cluster17
f56e38b0-45eb-4caa-a59f-6ad6cbb62508,group_79_cluster17
9ad5b9a0-1f3e-4f09-8245-fbe84d9404b8,group_79_cluster17
e0d8b400-9117-4f83-ba32-eaa3fe0d2171,group_79_cluster17
15d5a444-8db0-441c-bfa9-18b9b673b575,group_79_cluster3
2a2f1cf8-2f96-4e31-8096-35c67aa4d501,group_79_cluster3
d799cb2f-70fb-4e79-b7ae-e4ec58a3b292,group_79_cluster3
bec1d217-ce37-4dea-bf07-a8e2a7d426ec,group_79_cluster23
95659454-67ec-4371-821d-940702172132,group_79_cluster23
f7a00fbe-b9c5-45bc-bdca-3e2372eb8a30,group_79_cluster23
b6cb37c8-eb02-417e-9ab0-9cb78ddd00d1,group_79_cluster23
581a6f3d-5000-41cc-886e-a72ff604013b,group_79_cluster23
fcd6d66c-e30d-4367-a9f0-a1e7465bd9bb,group_79_cluster21
ad487e1d-0013-4d82-8b54-201eb6638229,group_79_cluster21
e2d00db3-27b2-4996-89e2-5c1579af5d39,group_79_cluster21
db185596-c12d-41de-ab1d-0fb7ef877ff3,group_79_cluster21
3831c4c7-6406-4697-a5ac-82075a312b3d,group_79_cluster25
6983e6b9-afa6-481b-9928-fa61d710016a,group_79_cluster25
99b6473b-f2ce-46c1-8971-6c4ab813e105,group_79_cluster25
858507be-1910-4ed5-b7ca-317f17928c5b,group_79_cluster25
5b1c0d0a-297d-4843-9b2c-f36b76205c5f,group_79_cluster8
1a9d220a-68c3-4ef6-8275-cb7772bf3ac5,group_79_cluster8
566b87c8-02af-45a9-a7be-75286dd53c23,group_79_cluster8
8cc83726-6ee2-4cf2-9dbb-eca7003a0fe8,group_79_cluster0
94d2df35-7b12-4b72-8a8b-d5bb2071c85a,group_79_cluster0
6c0434b6-db5a-4f28-a282-39ce6b020863,group_79_cluster0
2f3b4a5c-d221-4c68-9fe5-58a96ea407d1,group_79_cluster16
4ff718e2-62c5-49d4-99dc-32dd943b4ed5,group_79_cluster16
7e554478-5f94-46a3-ad63-bf36d24d2e8d,group_79_cluster16
335005b1-a424-4ad3-bb30-ef56060ae435,group_79_cluster16
be696a9d-d44c-4ef5-aff5-007aac35cbde,group_79_cluster16
1ae18868-6109-4cd0-af54-a507f6bf0266,group_79_cluster16
db1c8c3a-ec48-41ef-8136-5664255a2980,group_79_cluster28
810ac20f-c266-46fd-8047-99e5a6fd518b,group_79_cluster28
81e66981-527e-49c8-8cce-e35573239f24,group_79_cluster28
558c1bc4-c1bd-452b-81a6-6f94a751a872,group_79_cluster20
ac5d56c1-9fd4-49cc-8481-0e484e291466,group_79_cluster20
8b7832a5-dbcb-4cff-9e99-32982c4cdfea,group_79_cluster20
442fe85a-3196-402f-a78c-ce30d8c6b936,group_80_cluster-1
2629fae0-4182-4675-91d0-541535ad6476,group_80_cluster-1
0ad9aeb4-2adc-4fd0-9a38-79372452093f,group_80_cluster-1
f49ff1a5-4882-428e-abb4-b35ac22676f4,group_80_cluster-1
8f1a1e8f-251b-446d-a154-39d48fb29afc,group_80_cluster-1
6b010b1d-7475-44dc-ad56-502769d2e742,group_81_cluster21
185deb26-20d2-43ac-b00b-85ffa20e3795,group_81_cluster21
c3cda056-8c25-4c39-9a63-3f21decda4ae,group_81_cluster21
69cd7902-4bfd-4a23-993e-9752d8764d82,group_81_cluster21
51e51e24-e144-47f7-9d65-4a51830f1812,group_81_cluster-1
b7d81fc5-84d1-4524-b344-9ea29d46c677,group_81_cluster-1
9fc75bdb-734d-46db-90cb-e058ae5ad760,group_81_cluster-1
680a49d0-870e-4a0b-9a92-10fc46b1a413,group_81_cluster-1
3a7593c4-e24c-40b8-82c1-4285f4cb541f,group_81_cluster-1
aa04c088-4a2b-4edd-bdd7-b8d1d3c0ac6a,group_81_cluster-1
42662c6c-d0d4-4497-a8bc-b790b78a5cfd,group_81_cluster-1
3f87dcfe-1ca7-4b17-8b3f-819bc2c60155,group_81_cluster-1
8eae5960-2c4a-4f31-91fc-d67f54677aea,group_81_cluster-1
463c61a5-5f50-4a4f-9204-1b1740ae79c5,group_81_cluster-1
b8f5f295-1fa5-4320-a628-fac1b02ddbfa,group_81_cluster-1
63bc4d4a-1180-432e-be9a-dfe3f504526f,group_81_cluster-1
dfa26a92-470d-4ee9-96e3-9b543bbd54d9,group_81_cluster-1
2b010af8-fce3-4541-a7d1-65132a783890,group_81_cluster-1
be1eca8d-1362-46fb-ae2c-aad18afbeb6e,group_81_cluster-1
b4461774-94b2-430f-908e-a94ac0cb579b,group_81_cluster-1
084d0d8e-3d24-4b56-a05e-abe947420f7b,group_81_cluster-1
1e217768-03bc-46d3-8e80-31629d781326,group_81_cluster-1
2176b514-ade8-4298-bdee-575549cb02e1,group_81_cluster-1
79d03a65-1348-4a8d-ab89-c2e18a9aac08,group_81_cluster-1
3ac728ed-b58d-4e4b-8a78-9ba717edd362,group_81_cluster-1
8059b31d-ea0a-4662-ac69-10885cfd1e0c,group_81_cluster-1
20f253e9-bcb7-4073-8f95-65e3c58b42df,group_81_cluster-1
466381b4-00db-4e87-bf9a-90842f383c51,group_81_cluster-1
2cb262dc-e964-4ad5-bcef-f19e491dbc79,group_81_cluster-1
6e3ee936-9dc6-4c40-862a-bc2921477308,group_81_cluster-1
1d5e7974-8a75-430b-9723-4f2ef556c816,group_81_cluster-1
7515992e-1d39-494c-b76a-5482474ed5f1,group_81_cluster-1
28d7db4d-1a84-4a7f-aeea-44a864519866,group_81_cluster-1
6aaa5705-bc50-4b0f-aa7f-69deb255818c,group_81_cluster-1
985b2b44-b383-4577-a513-bb1df12215ab,group_81_cluster-1
a1cb34fb-ea13-4b82-9978-9b6e218692e4,group_81_cluster-1
b5e40e9b-3aed-4d70-97ee-02397363e178,group_81_cluster-1
378192db-c85c-4e49-822a-963652b7d4b6,group_81_cluster-1
177b7e0e-96e0-4b23-b3a9-e5b3dfe27550,group_81_cluster-1
28fe5bae-6bf3-4473-b4b8-30d088af7fa2,group_81_cluster-1
f040145d-a2f7-48ca-a54d-41b572f9619a,group_81_cluster-1
8cdd2d80-14ef-4827-9cb8-ef6d63b12563,group_81_cluster-1
1b86b735-4481-41c9-9fc4-a1213c34cdc7,group_81_cluster-1
8d3d9fa6-18d8-42d1-be13-03462293b48c,group_81_cluster-1
e806ab5b-07e9-45b1-8210-0169aa5dfa5f,group_81_cluster-1
e517011f-90fe-4f5e-891e-23071a9eaf7e,group_81_cluster-1
33ea0096-f2c0-4bdb-b165-1fa71f41f53e,group_81_cluster-1
d333dd12-9e2c-4431-8cc7-8da1399094b6,group_81_cluster-1
1d85698f-d2f4-47d7-bb2f-55dcf100ba5c,group_81_cluster-1
48dd383c-fd7a-424d-95d0-66c870877144,group_81_cluster-1
43549644-b865-478e-89d6-56ada0f0a236,group_81_cluster-1
18af9edd-e8e5-4bf7-b783-02e26bfbe9cb,group_81_cluster-1
e7596b18-d03f-4d25-af6e-2daa07a17252,group_81_cluster-1
b1d47e97-46b1-4283-bf20-a6bc257059e2,group_81_cluster-1
dfd76f53-71ba-4aed-ac81-71d60c00376c,group_81_cluster-1
ef1b9e6d-002c-4f63-b636-788c199cddc8,group_81_cluster-1
2d9bb508-dfdf-4824-ae6b-20a23247bb26,group_81_cluster-1
6ad06f31-a1c0-4e7d-81a9-73186a8227d5,group_81_cluster-1
ce795e3e-b0c8-4f15-b1b9-1b7332f8e997,group_81_cluster-1
87b9381e-83fe-40c0-81f2-ea230c37225d,group_81_cluster-1
4c7474cf-467a-415b-a120-ea8d88718737,group_81_cluster-1
c8158a5b-4d2c-4c6c-9e02-73176d7cb075,group_81_cluster-1
0357c27e-b089-447b-a023-4a1c5db64801,group_81_cluster-1
2241a452-6da6-4ff3-812a-3349f7808230,group_81_cluster-1
2f5c5654-ccfa-452b-b99b-408acc4b9d25,group_81_cluster-1
38ee528a-f48d-49b4-b404-439d23067e22,group_81_cluster-1
47cb4bb8-8d7a-48f6-ae39-7cab45da2708,group_81_cluster-1
0cab7b0c-ce71-4de7-90de-435100b29086,group_81_cluster-1
694f998b-9343-48b0-bc3f-aa2ac6cae0cd,group_81_cluster-1
653553df-9fc0-4b73-8306-04e8ae0ee21b,group_81_cluster-1
d2f3aed9-9724-45ad-b2de-44d4d8ed6a7b,group_81_cluster-1
36f93360-852a-4b39-ae28-bb2d5ed3baa2,group_81_cluster-1
31c3a2e4-f747-4169-8d10-9ee040629107,group_81_cluster-1
22137d50-5717-47e5-bf07-d943d72d31ce,group_81_cluster-1
944540c1-0336-441a-a15f-f1e739d96164,group_81_cluster-1
271cbbb4-3653-44ff-8e54-531992bf7f0d,group_81_cluster-1
7a9721f4-ac03-4001-a4dd-09db1ca801dc,group_81_cluster-1
b11552d0-8adf-4046-9f1f-0441c5772e4d,group_81_cluster-1
56c9f2e3-a022-4b1b-b230-2b6ceec705d7,group_81_cluster-1
287b2aab-ac26-417f-b78b-ca4c775600c5,group_81_cluster-1
1d7d17d7-0d17-4ea0-b335-58d30704cc49,group_81_cluster-1
c57b1e22-16ed-4609-a44e-961162663a39,group_81_cluster-1
d732faf2-710e-4dc2-949b-54b3bc6f26c6,group_81_cluster-1
6c333033-ac89-4d05-a62d-494e90e62bfe,group_81_cluster-1
c007143d-d049-4581-86a9-c2960f7d5ece,group_81_cluster-1
d9ecdc64-e551-4867-a46c-62e671a23fe3,group_81_cluster-1
827ffe3a-8693-4ad0-bca9-df9afe442371,group_81_cluster-1
bea625f0-fc6a-4f7e-8ec6-dafc2fb4d5c9,group_81_cluster-1
e3640c0e-8d39-4a33-a44a-3718e2bae14f,group_81_cluster-1
6efeae38-9322-4874-9d77-b64d64929151,group_81_cluster-1
60e5c3cb-cd45-4f03-8abd-bd585941a024,group_81_cluster-1
fce5efa8-5572-47c6-8684-edf1797e896c,group_81_cluster-1
81bd2b49-e19a-4c5e-9e63-739f33c19299,group_81_cluster-1
a92084ed-2d1f-4cdc-8bfa-7107fc03626e,group_81_cluster-1
82dc76f5-1f94-41e1-8bed-e5d3d373fc1e,group_81_cluster-1
dea1a687-39ab-4780-8126-a79664ede91c,group_81_cluster-1
624176c0-113a-42a2-b3dd-37f14a3d50d1,group_81_cluster-1
8aaaa856-bcfe-4496-962d-8acccd96fbcf,group_81_cluster-1
fd095e6e-f32b-4d99-81e3-39de9b77f2a4,group_81_cluster-1
704bb550-1d62-450d-88c2-b089187d96db,group_81_cluster-1
2022fd02-404d-465d-811e-000c3787f76b,group_81_cluster-1
d06a2716-d50f-4932-9cb3-4af65bb2893d,group_81_cluster-1
80bc260e-e949-4426-aa33-cec1f0a6caf5,group_81_cluster-1
f95c1c53-e46d-4020-bb01-6aba2997d062,group_81_cluster-1
d0f4e64c-b39c-4689-a7e9-65631f4a04d4,group_81_cluster-1
9979594f-c6e6-4684-833b-db275c8db282,group_81_cluster-1
653132fb-6986-4ac8-9d42-13010431b77c,group_81_cluster-1
26b5401a-2602-48aa-9360-52710cb2fd42,group_81_cluster-1
e0c818de-75d4-40ea-8f34-7aafcb7b5f71,group_81_cluster-1
928cc2d8-4753-4999-b66e-cb636506599f,group_81_cluster-1
7c322d18-cb0d-4ea6-9543-2e35478db144,group_81_cluster-1
9f84adf0-85e6-4081-a4b4-0ee7f2f0b9b9,group_81_cluster-1
0f5faa25-8ee9-4800-9f0b-32fc57b08977,group_81_cluster-1
4bd89966-dc65-46fc-b024-8f61fbc274d3,group_81_cluster-1
3062b07d-2819-4ff4-9884-df25b567ad24,group_81_cluster-1
7eb7809a-4a8c-4c6e-9812-7af0c38c37ec,group_81_cluster-1
ec568cab-b47f-4ed4-a61d-547ca91700b8,group_81_cluster-1
70a4968b-b08f-403d-a175-9f371a9deb16,group_81_cluster-1
23ce4e92-18ce-4e6a-a750-e411544eba9a,group_81_cluster-1
fdaed881-19c8-4312-a25a-39608505d807,group_81_cluster-1
2f1d7492-9a76-4a55-8719-b4282c4716fc,group_81_cluster-1
cc38b678-1253-444e-9d0a-7866e7ff33c1,group_81_cluster-1
d62b7efb-1cb9-4c4c-8e79-39fe87f7f4bb,group_81_cluster-1
d430cd15-294a-4ec5-8bc6-1da060834078,group_81_cluster-1
3b7e5ccc-0226-4ff3-ab32-cfbb87e112af,group_81_cluster-1
3f53dce1-0fa9-4b7b-b842-a84e29fb1b6f,group_81_cluster-1
3828624b-2e6c-4ca4-87c9-1ad530dd5a13,group_81_cluster-1
48d6157c-0d0e-4e9a-8398-6379e96303fd,group_81_cluster-1
92acbdcb-9b01-4efa-b94f-6f11554379a6,group_81_cluster-1
43797138-d471-4885-9cba-4c506e37e5b4,group_81_cluster-1
7f6cd687-cd55-4230-8642-d25b3f4dbf9e,group_81_cluster-1
c1180dba-15cd-46f7-a338-1b85864b03aa,group_81_cluster-1
f982f11b-37bf-407f-bd84-fc8664d7e943,group_81_cluster-1
f155c3bc-005d-42d2-b1da-c32f8496847a,group_81_cluster-1
275f51b9-d3b6-495f-bd45-7eee328f186c,group_81_cluster-1
9b38974c-4780-4c6f-a4b1-c29ab5bfea88,group_81_cluster-1
c7513259-44a2-48a0-9ae1-cb1bc4be0f12,group_81_cluster-1
0abb16eb-a2aa-4c4a-9a00-42df324be5e2,group_81_cluster46
b4b32ab2-93bd-4dec-9cd0-870e8a808465,group_81_cluster46
689371c1-6c34-411e-bdc9-29bc00b39c94,group_81_cluster46
455c7db3-7fd6-4558-9ca7-62d6ccf078d2,group_81_cluster46
8429e072-bda3-4022-88d0-53f7a5fbd01c,group_81_cluster68
fd49655a-6713-40f5-b052-88029b706862,group_81_cluster68
0895ce32-1573-437d-bf71-d4e15f64dee1,group_81_cluster68
dfedacc9-f3d4-42eb-bdde-549498633f58,group_81_cluster68
3823d1b3-0d5d-407d-a6ea-911d481c36e6,group_81_cluster68
67d09258-f45c-4a30-a78f-5480c5727389,group_81_cluster68
bd786a3d-38e9-44be-8a8a-666648097790,group_81_cluster68
3c8c7cb6-c767-4b2d-8c19-0ba363d5caec,group_81_cluster68
5c849d65-7507-4611-ad18-6d2a3d30f840,group_81_cluster68
6d6bc813-8727-418c-89f6-eac29afec2d3,group_81_cluster68
617f71b5-89c8-459b-b49a-6df2a7e6ec09,group_81_cluster68
6e354a00-f2e1-49a8-9faa-9a52e603be5b,group_81_cluster68
99032983-6e67-47cf-a4c9-375fcc39317a,group_81_cluster15
30c0a475-bf24-4176-b86a-2676295a665f,group_81_cluster15
d9215afa-65be-436e-8860-8af022ef35b6,group_81_cluster15
64908550-d29c-4444-8d53-f5921707d2e8,group_81_cluster15
a34851cf-76e5-4bbe-be8e-61434b6e35eb,group_81_cluster15
d93293dd-a63b-4a17-bcf6-a0e7d158fefc,group_81_cluster3
6a63b0ca-376d-40bc-a73b-e84d2c94ed6a,group_81_cluster3
e881a8d4-b076-4982-8355-2e7805ed6790,group_81_cluster3
b6877b7b-4254-493a-bf52-ae105a75a63c,group_81_cluster3
cc63fb08-8ae2-45ff-8f61-34d1e916b7b3,group_81_cluster26
3ba88f4b-f6ef-42de-9c41-cb15a5cc7fdd,group_81_cluster26
412bd0bf-58b1-4c0c-aa66-f6ade5658b96,group_81_cluster26
0692629f-30a0-4755-a6ca-2de3ae5e1d4d,group_81_cluster42
ccd64d7f-48ee-4ce6-ba58-a7dbf2f6e963,group_81_cluster42
f1539db9-91bd-4607-a8d3-2936a4f7c6ee,group_81_cluster42
4e05af2a-317e-4cb8-8b8b-3df85eca498b,group_81_cluster4
ad61e767-480b-428a-ba99-3058304313a9,group_81_cluster4
0886b72b-c8e9-48ca-a1f5-7b888afafc4a,group_81_cluster4
156ce1e7-f234-4d16-b1ef-584f4aca2b08,group_81_cluster4
0085c6a8-0871-403b-a527-1c6d682e3f8e,group_81_cluster7
c8b95d1d-3ac4-4efe-84b9-f404e540c92d,group_81_cluster7
2aa33ed2-b035-4442-b300-2ca2ff3fd393,group_81_cluster7
b59ac85c-4e95-4824-a725-38b2b7ca1ca7,group_81_cluster7
b49b8b16-ae46-431f-b28f-76089b97a951,group_81_cluster66
80e58ae3-133a-4486-8e51-bfb5fd78ae7b,group_81_cluster66
7791d660-d754-4656-ba1b-3b5ae58d0adf,group_81_cluster66
a9d88c0f-962a-46f2-aec6-7f6e2b1bb187,group_81_cluster66
e80d812c-311b-4fb5-b194-a1e64a8544aa,group_81_cluster66
31856b84-6c7b-4f33-b678-269334aabce8,group_81_cluster66
f948604a-ad8a-4d10-b7b3-a2141407b337,group_81_cluster66
0e24e84f-27f2-441f-a948-1db15a5b337a,group_81_cluster66
06ff9c58-39d4-41e0-b3af-d3a15ff4bcc7,group_81_cluster66
a02071ae-0d2c-41e4-861c-569470f3d9fc,group_81_cluster66
ef980eb5-74b3-4ee6-80a7-ba50558c7270,group_81_cluster66
7dfb4ef2-59b3-4d1b-a423-6ddd06c86249,group_81_cluster66
02915091-1590-42fc-8000-9aeb0c582d5d,group_81_cluster66
7bea992c-9840-4261-9ed5-4c99ce6c6c12,group_81_cluster66
1ec063cf-2c7b-41c8-9cd2-81ee8679b7ce,group_81_cluster62
fdf63a67-8c13-45b9-bbf0-20da0dc199e2,group_81_cluster62
be28a4d4-0ef0-4ed5-b337-bbf393a486c5,group_81_cluster62
0d728fe1-7737-4253-8e43-4cd255e62981,group_81_cluster62
d06e94eb-f563-46f1-8d6f-4adfd41b4646,group_81_cluster59
7a15aade-27cb-4b8c-bb93-318d58c04b3d,group_81_cluster59
3b9e27d6-99e5-46ea-ae6b-76293a8c8e0c,group_81_cluster59
919cee9a-6e3e-4e48-817e-3a813f2d66f9,group_81_cluster59
64c642a5-b321-415b-9b73-14f520c83710,group_81_cluster59
86e187a2-c660-4e2e-af04-d111d1d2e9f2,group_81_cluster44
afa11b82-06d2-43b8-bda7-0c7debb3b12f,group_81_cluster44
b657b8f5-4e48-4549-be74-a828584bd480,group_81_cluster44
fa7b3895-a757-4bf0-a90d-335088287183,group_81_cluster44
03cf1af5-78d1-4084-be88-8dfc21963b80,group_81_cluster8
bfe7c514-b4a9-4d83-a78d-6ea0c6298f45,group_81_cluster8
9493ee36-2d27-40f0-964a-5828949b0ff8,group_81_cluster35
64f11eae-ac00-44c7-a66f-d816ed5e2f07,group_81_cluster35
1d3bf139-6a40-4e4f-b96d-e75a4f144c79,group_81_cluster35
f770a092-0e8c-48c2-b829-24560a3483a0,group_81_cluster35
2f8ce0fa-69d5-4d85-89b3-8f3467fff636,group_81_cluster35
63c5d568-4b52-45c9-bdc8-f35fd24281fd,group_81_cluster35
ba2beea9-6d49-474c-bbf2-09553df9d6ab,group_81_cluster35
540af27d-09d0-427e-b858-3af0a63153cc,group_81_cluster35
63774901-7dea-4bc1-a09a-06e70e20c07a,group_81_cluster35
5f8502d5-a23f-4ead-91f4-bfe2ad1a0ed6,group_81_cluster35
69b22480-7757-4046-aaba-c3f4600bd746,group_81_cluster35
e6a81cf0-3eba-4197-a27e-21dc7a553260,group_81_cluster35
3baa3d81-9b87-4eab-b473-92250f8ceef0,group_81_cluster20
4c6a9a5a-9af9-4f55-ada2-a44dd0b3033a,group_81_cluster20
08ea5ad5-4c0d-4260-8b00-f09f400206b1,group_81_cluster20
0fd95d36-393d-4986-b559-cf1874ee9b5f,group_81_cluster18
57566474-ebc0-4210-b0af-6e6ee92a1674,group_81_cluster18
1fca2821-4111-46ed-9d0f-9c65d9e714c7,group_81_cluster18
6da5006d-6ebd-44b2-8c7b-f9c4d332bf16,group_81_cluster18
978d9a55-6fa2-4d39-bc6c-7e612ead3b82,group_81_cluster18
9e3301fc-e2a6-4953-95b4-084dd66606df,group_81_cluster18
12cd2283-5554-44fa-905c-25f096bec172,group_81_cluster18
41704164-a5b7-4352-a37b-2e48444ac41b,group_81_cluster18
902722ec-e867-4f5f-b647-12b3292c2eef,group_81_cluster19
54637eac-6d5e-49cf-8b12-bba9c9d768fc,group_81_cluster19
86b0161f-0fa2-4e0b-b8f4-59247d7d19bd,group_81_cluster19
a25e7b09-1577-4073-af10-c5ff170812d5,group_81_cluster19
73ee8c52-f458-4dc5-9095-99d646b1b527,group_81_cluster40
c4229838-dc60-4199-9b63-369cc22498f3,group_81_cluster40
fe3e95ff-2bc8-4362-97ba-031188b22073,group_81_cluster40
29654f80-1302-46bf-82cc-82950a7c0f82,group_81_cluster40
124e190c-203d-4741-b0e5-fa08f00176f7,group_81_cluster40
4144114a-42c6-4e08-ab43-509708b510fc,group_81_cluster40
5e03388a-5712-4d58-8d31-6de46951c63f,group_81_cluster40
bf769645-6a98-44a5-b383-e5a1ec2be644,group_81_cluster40
002a033b-8127-4b8c-bbc4-0d91d4ce5960,group_81_cluster40
41845d8f-d406-4df1-aa85-9dbf0196835e,group_81_cluster40
5c0ecb44-8819-43a7-837c-8fc21c109d81,group_81_cluster40
b3c25c2a-da52-40ee-97b5-bd6d6b911065,group_81_cluster40
a7042f1b-5dbe-4e69-a25f-e845cac69ed3,group_81_cluster40
22afc0db-6fc0-4b7b-b05d-58fa7d6b0fcf,group_81_cluster22
00e668ed-6a54-42a1-aa50-b220ff85d51a,group_81_cluster22
3d458faf-bfc2-43b8-a78d-2099d0af8094,group_81_cluster22
e10bf3dc-6ab4-4ec2-b591-c49ef5f8fa12,group_81_cluster23
5aafccc5-a70a-4c65-b858-77451d2b9978,group_81_cluster23
521f432b-6dcc-45f9-8ced-78c5a09a6229,group_81_cluster23
3d4f816b-7371-4a32-b1ac-4fb2bd6883e0,group_81_cluster38
2c6dc415-e57e-47d4-b846-c06ca4d5cc31,group_81_cluster38
0018078a-e4cd-4da0-8cad-2ece2b67b1d6,group_81_cluster38
f6ece899-fa20-44dd-a477-b45221bb7c5d,group_81_cluster12
97604555-2560-4c12-a518-b84cd297cd78,group_81_cluster12
3e51b190-0087-4d4b-9711-7fb8e9b61d07,group_81_cluster12
05758a43-51d9-4c4d-9ce9-0b47ec878d60,group_81_cluster12
e7b87d7f-2942-49d8-a833-e46252fec8fa,group_81_cluster12
1a8d900c-d9a9-4fa2-9565-2d0f7a9791f1,group_81_cluster12
e5aa4573-6243-4226-bd89-8a9e9553ff13,group_81_cluster60
d4aed155-ada2-4f89-93be-d4d77072d57e,group_81_cluster60
bbf4a48c-7561-430a-90f0-a1dc6f2a4e74,group_81_cluster60
ebf7ad8e-2364-43f3-a375-acc6359f0edb,group_81_cluster60
12fee981-39dd-4301-8fdf-d1cacfc4fe1d,group_81_cluster32
7d166ef7-6f65-4414-860e-42cda533ce05,group_81_cluster32
7d91258a-1086-4732-92d1-20ff8ebd3523,group_81_cluster32
ef57e60b-b382-457d-93f3-654fdc10f89a,group_81_cluster32
da18b7bb-ef46-4e3a-8feb-9d9830fee9a1,group_81_cluster58
4a51fba6-309b-4c75-975b-083b2426b75a,group_81_cluster58
70f14d2b-7eb9-47e5-9863-3b570b60c219,group_81_cluster58
7e541473-9fd8-401e-b8b8-39f0a936b07c,group_81_cluster34
255cb50a-48b2-4ab3-8824-1368cabd5bb6,group_81_cluster34
dd63929b-85f1-4b6a-958d-adce45966660,group_81_cluster34
cb4d4be7-bbf8-448c-a409-faf98c129aad,group_81_cluster37
152d02b8-1134-43e2-80b2-f0abee907884,group_81_cluster37
80579b47-ce32-435e-82f0-e82cea18cc97,group_81_cluster37
fd91aa60-7e8a-4962-b4e6-b407bd410cef,group_81_cluster48
6610825b-174c-4e3e-891e-d48e1d488938,group_81_cluster48
e64dd088-edcd-48b1-9612-c4725b01a1b5,group_81_cluster48
7de86de4-c46a-425d-a308-2207f0759ff9,group_81_cluster48
29a41886-d20f-41cb-b1b2-b9d6c124f15e,group_81_cluster48
d139dbb4-f3a4-49ae-a8c1-0fdde3a4693c,group_81_cluster43
5c4feea2-0adc-4b4e-8f39-2aaa573770e1,group_81_cluster43
2359cc05-8634-40a0-b9dc-c58dfc0870eb,group_81_cluster43
cfa4f478-2d1e-410e-aa05-91e68abfcac7,group_81_cluster49
c6893b58-46d0-4b3b-866b-c0fac067cc8b,group_81_cluster49
0f31f2e9-3cb9-4369-8582-43c215e73d7a,group_81_cluster49
89b121eb-8e53-45fe-9ce1-6b944d09149e,group_81_cluster49
5a7d3d38-b2ac-485c-a42b-1bc5bf8c7945,group_81_cluster49
fcb5907b-fff2-4d18-b280-850d5ef0479d,group_81_cluster49
6d65105f-7e40-4362-b10a-a2bf80281d03,group_81_cluster49
24d982dd-03eb-4fa8-bdb0-a41dba0a211f,group_81_cluster49
453343d1-d4c2-4631-b108-13a326fd5f45,group_81_cluster49
617973fc-39c1-4a8c-bd31-4b3e7a300637,group_81_cluster49
cec6d796-d167-4a12-8522-19c0a5e9cdaf,group_81_cluster49
8c32a370-c32b-493d-a84e-98ae41cf8d38,group_81_cluster49
549f1287-173a-489f-ab52-d21796756af0,group_81_cluster49
d4399ba2-7f73-4677-8938-69251b7f6c96,group_81_cluster49
01b1b364-dad2-4788-9fe5-891827a71133,group_81_cluster49
04eb3e61-5066-4c21-83cb-7b4cd9a2b935,group_81_cluster31
324dd825-db0b-4763-bab7-9814ea657fc1,group_81_cluster31
1c91eba9-f7a5-4037-96ec-ed10c6a025ab,group_81_cluster31
f86302ea-1d63-40bb-bb1f-d6212cc0abc0,group_81_cluster63
ad35d94a-a7f8-42d4-b096-a82995d09ef1,group_81_cluster63
59be0320-1393-49a3-b7f2-f165070a1e9d,group_81_cluster63
07452f9e-5048-42ef-9f45-fad3f88f69f3,group_81_cluster67
501d70fa-c5dd-4fd5-a4ad-d36c3d169a00,group_81_cluster67
b4ebe209-3f45-46f6-b3d8-ae247774df36,group_81_cluster67
1613fcbc-8c64-4356-a4d6-1ab1cb85a8b1,group_81_cluster69
e34fda47-834a-4765-957e-d9cb75ad1ab7,group_81_cluster69
fbce210a-09bb-4449-9cae-69f62a703f21,group_81_cluster69
3758cce4-ba0b-4e89-8250-fe5107c01b4e,group_81_cluster69
8a549fc9-bcd1-487b-be1e-45d7446e00d3,group_81_cluster64
43899c3d-91d1-4949-8dd1-d26909d57a3a,group_81_cluster64
9a0ec574-bfe8-4661-9732-ae0336e0e17d,group_81_cluster64
dfdccbb0-b639-4df6-b431-ec69f356e332,group_81_cluster64
5b3dbdff-01ad-43c2-aeca-283b89cf8734,group_81_cluster64
56d1f97a-cec7-4826-9ab1-f2fffed10f45,group_81_cluster64
5cb6f5a0-1292-4c85-8695-a6757c197d4c,group_81_cluster64
2769e35a-863b-4061-88cb-bdaf49a8ce8f,group_81_cluster0
c59a011c-4b47-4c2f-ab00-5fab09731807,group_81_cluster0
e566fa39-1b9a-4cec-b226-600109ddfd74,group_81_cluster0
341ff4ed-26b2-4e2c-b545-eb9806c2af6c,group_81_cluster0
123b1915-209b-4ed9-8c26-15532997db35,group_81_cluster55
3a1953ae-0b90-4de3-9ca6-8fabb306c154,group_81_cluster55
447e9521-06a8-46bb-94f5-176ffe15ad37,group_81_cluster55
0af02eb2-e88e-43ce-84c0-c7a38abc9664,group_81_cluster55
afc3b571-6704-485a-aa8f-c50f7bb90957,group_81_cluster55
b5b2f6ca-4fe3-455c-acb9-95ad3cfbe200,group_81_cluster55
223a4ae7-1488-4306-af79-66e1bb64ec7c,group_81_cluster55
3315547a-5934-45e4-a9f8-fac100f35183,group_81_cluster41
a7572778-cff9-49a8-be70-9aecbc293e93,group_81_cluster41
bbe02d0c-e769-43f7-b07f-9c4595603bce,group_81_cluster41
d46dc3fc-3de7-4488-8a18-b2e49a3ab100,group_81_cluster41
bf46fa2c-1abd-4602-b9aa-8dfee0a940c7,group_81_cluster41
b1131f90-595e-4cce-8667-b3515558de1d,group_81_cluster41
e97b9cb7-a210-4d30-9915-714a141418bf,group_81_cluster10
c8bf1a8d-8fd3-46f4-8663-cae104b94c35,group_81_cluster10
a653df59-670e-4806-bf62-def06253071b,group_81_cluster10
55a2127c-3369-4b5b-bc19-c70b45d106fd,group_81_cluster53
d7d4866a-690a-4f65-9ee4-f18008273c74,group_81_cluster53
12a7f730-0b7c-4c8e-9643-29844ecf6cee,group_81_cluster53
26b4290f-63e8-4596-ad64-f5a13e95ea0b,group_81_cluster27
dce1d3dc-e7da-4a98-9d80-765de9e93953,group_81_cluster27
3c6471de-2088-4615-ab37-729a9c7f4f75,group_81_cluster27
5a26c127-b7b4-413e-aeea-5c30c2ef827c,group_81_cluster27
f82a71f7-89b6-411c-97b4-385b89da12a5,group_81_cluster2
76b0d17a-8de0-4937-aff2-89957a51c6ad,group_81_cluster2
0b5cc729-e26b-4ef4-9487-1870d264d646,group_81_cluster2
97359538-b0ab-48c2-b069-220bc8fc34b2,group_81_cluster56
c4975920-b461-49c7-8483-6545cd3e1168,group_81_cluster56
37607fb9-756e-4b21-bd73-7f5652128c88,group_81_cluster56
771ea7c3-9f3d-429e-bccd-226887c06c2e,group_81_cluster56
feba2b15-d7d2-4d55-8812-061f64494708,group_81_cluster56
250618a2-3e6a-4105-a29b-a6f16de637c9,group_81_cluster56
f9819f5c-a893-4230-8184-be51a8d77435,group_81_cluster50
f5505423-f538-410b-9fe0-8a1d0b2ba63f,group_81_cluster50
99e07b3f-ea40-4559-993c-f384eb929311,group_81_cluster50
33b450a0-c2ab-4d57-9b12-11844f3bfcfb,group_81_cluster50
65faa243-8f93-40a8-8043-3448c38711fc,group_81_cluster50
ed352f7a-63f6-4406-b39f-7fa778090226,group_81_cluster50
52532bdc-d7b4-4ee3-87ac-63049de193fe,group_81_cluster51
a232d959-96f7-45bd-a771-845878ef9816,group_81_cluster51
e535446c-6eba-4445-8d93-efadc715ab29,group_81_cluster51
79ffa7c9-ad26-407a-906e-5e52c235ce44,group_81_cluster51
408501d6-6448-433d-8771-66d6f86ea530,group_81_cluster51
b1554061-9704-4042-8739-14a04a340f4b,group_81_cluster51
89d8b209-199e-4521-8184-f6e5473a929c,group_81_cluster51
ce33687a-f19a-4651-aded-5ed6d5d1e8c9,group_81_cluster51
427529b0-0185-4fb7-9644-c905d128cdfd,group_81_cluster51
bacfa1e5-de85-4c05-8d76-7f64521a4cdc,group_81_cluster65
c1bb3d90-3961-4f84-adf9-37a09df3bdf2,group_81_cluster65
61901772-3af6-4542-a534-ed80a57d3729,group_81_cluster65
82614359-c0eb-45ce-bd0a-8004453737da,group_81_cluster65
8f486805-4262-4759-bf2a-dea8422426cd,group_81_cluster65
6c5073fe-5b34-439c-8094-e99629b66887,group_81_cluster65
1a8745a6-cf9b-496b-ac4a-200e77d36597,group_81_cluster1
34fe1eba-cb6d-4d79-aade-f063f0aa365c,group_81_cluster1
8ebf1e97-1fde-4a1f-aa31-5b2d9bc0a469,group_81_cluster1
d2480fb1-7620-4b3f-9cca-93afb24d786c,group_81_cluster28
0a36cd54-dee0-4598-8bcd-672c4f139b4e,group_81_cluster28
c574f0bc-b20b-476f-a214-761119b23a26,group_81_cluster28
d67f85c9-451d-4ede-b0e8-ddeb942236c8,group_81_cluster28
fa00e3e6-adb5-41be-815b-d558cbb5b8fd,group_81_cluster17
dd770625-0042-4b3a-ac65-a029381f38b8,group_81_cluster17
edf4a86c-b463-488d-8906-0c205b40c58a,group_81_cluster17
acbb0993-9a5f-4300-854b-f90af0df2bde,group_81_cluster17
c729da13-f353-4661-8a65-df96efabbdc3,group_81_cluster17
76e26d2b-b5e0-4ca9-9693-d80bc6d8b647,group_81_cluster17
9f17c3a9-7bf6-46dd-896c-00774c45e9d1,group_81_cluster17
0ae6653f-4753-4213-b9d3-e214592a9cba,group_81_cluster17
d89f31a6-e120-4209-b8b7-c387600ff94b,group_81_cluster47
34908a15-2ca3-40ec-9056-1c19b96c2f64,group_81_cluster47
d2fef3a7-bd29-4c96-8529-1c723470ffb4,group_81_cluster47
73cfb876-d298-49dd-9825-a435e854a46f,group_81_cluster47
0d806501-75e0-4368-975a-892ee2f8a0a2,group_81_cluster47
862d2977-5c3b-405f-9c7b-e91842ee7aff,group_81_cluster5
50dc37ab-58e5-42f6-aded-336b634b38b2,group_81_cluster5
f1011508-17b3-453d-856f-02cab59f950a,group_81_cluster5
787e2c69-89e3-4970-b87b-1bbcd903f087,group_81_cluster5
40857ca4-3fa3-43db-bf56-f833caf83ce5,group_81_cluster13
a6a4895c-b639-425b-b340-39dfd76aa060,group_81_cluster13
4c4e1af0-4421-4415-a5e5-83e5a8f610e5,group_81_cluster13
c511016c-93de-4b9e-b5b9-330712c2b8ce,group_81_cluster13
869523e7-17fd-4c41-8d42-4b2a5e6e84b2,group_81_cluster52
a94c2905-449c-47a1-aa51-33635710321d,group_81_cluster52
2e1da37e-a641-4b34-908d-bbcbed4027fd,group_81_cluster52
92da1307-8eec-4b82-9120-a60f6a80dd3a,group_81_cluster25
0cb350d1-47e9-4b51-b6d3-95a52b5d0aba,group_81_cluster25
a0bad461-ba70-463e-a21b-f5818fdb3a02,group_81_cluster25
8dfb1f05-0133-4b25-b901-2f7d2a317007,group_81_cluster25
c7b21335-0e49-43c7-aeb6-86129ea545d0,group_81_cluster9
1668bd13-a383-4799-8e78-f5756a219531,group_81_cluster9
3c089adb-fd6e-41bb-85f5-26358a2a8419,group_81_cluster9
e7640f31-0d79-43d9-8b79-f1df9dbbd142,group_81_cluster30
4394deb0-7b63-4bd6-9691-8f851d5d8c4e,group_81_cluster30
737bc4d2-d12d-4e39-afd6-8cdba260b00d,group_81_cluster30
c11549b2-8104-4d4f-8c1d-244afdf0adef,group_81_cluster30
568d4592-a81c-4a1c-b607-af8a229aa19e,group_81_cluster14
8dfa4f3e-ad82-4676-8f1c-f98618936a35,group_81_cluster14
bc676c91-0f1f-4434-81a1-1e59f7251e5d,group_81_cluster14
eea651a7-fbf7-4a7d-98df-dca41d56116d,group_81_cluster14
33127bfb-1558-49cb-9d70-a2587ef5ff75,group_81_cluster14
88e1e4f4-9f7c-4a89-b649-7e22d9ccc1ba,group_81_cluster14
a857b3a0-f1d9-451f-9ae8-27267f6ab55a,group_81_cluster29
dc09185d-bf15-4fe0-805d-a5cc58695843,group_81_cluster29
677817e6-5a14-48cb-99aa-84158020673a,group_81_cluster29
e9074f49-a98e-4b0e-9f75-c4b0671c33f8,group_81_cluster6
6f923102-2eac-48dd-929b-4ed925abd243,group_81_cluster6
4583f570-7b90-4d07-8bf7-8337c27f635e,group_81_cluster6
de3799da-1da0-4ce6-8919-ff5d69b37179,group_81_cluster6
3283d16a-c9f5-4bc6-bb6c-00b637735c72,group_81_cluster61
2ac20822-2ff1-4a1b-a470-c4cb0511893f,group_81_cluster61
c53fbf29-8510-40c3-9597-dd87b58d57ee,group_81_cluster61
b103364c-e508-4e4a-8a8a-ff6bb2b40616,group_81_cluster45
1e715111-f6cd-4992-8f65-2598fad7b1a0,group_81_cluster45
846af1eb-4a67-4a2e-93eb-5087e0ab22c8,group_81_cluster45
02e065ba-0d68-4b37-8bdb-16bb04cee821,group_81_cluster45
864d0d5f-8822-4d10-8155-26de701d1769,group_81_cluster45
2c6be463-f4d2-44ce-9c38-677d0fe7770e,group_81_cluster45
742342c1-1d0f-4999-97a0-c4f184faf9c9,group_81_cluster45
15d29e59-3a6b-4a06-bea7-77567cbe90b3,group_81_cluster11
febd4564-2001-4e34-8bc4-b84d45935821,group_81_cluster11
3fcb35d8-30bb-480b-bef5-025b5637ad91,group_81_cluster11
7f5cb80b-3e98-4ba9-9e58-253ac9df60fc,group_81_cluster11
30d064c8-6c9f-4512-bb74-efbf65f3a0f4,group_81_cluster57
1aff0503-a371-4e25-88e6-52279043bf71,group_81_cluster57
844592f2-ef69-402b-9756-d0b29c22ee8b,group_81_cluster57
d2dc9893-63de-491f-b81f-b85317eddb7b,group_81_cluster57
c3e4bdd0-9d12-4f5d-80c7-e57f88d1035e,group_81_cluster33
d625f523-dfda-48e9-98fa-cd555500b548,group_81_cluster33
e759e0f1-0552-4311-a429-fc4906d1a004,group_81_cluster33
45d862c2-1ec5-4c29-a54c-95f409cf5a1a,group_81_cluster36
223fc7dd-a64c-43bb-b63c-a0222d8ea53a,group_81_cluster36
cca1c7ac-fdea-4117-b8ef-a4d33c7a2834,group_81_cluster54
eac8c26f-cfd1-4190-b392-0a945128a328,group_81_cluster54
8b78251d-314b-4d92-b12e-d85e5b7582d1,group_81_cluster54
11fa8784-fb6e-47d0-a4a8-45fc21fd35c8,group_81_cluster54
0624e8a1-be78-4e9b-9b68-e1b341b6ab13,group_81_cluster24
fbf97d4d-78f7-46c2-b3cc-960bf10d9382,group_81_cluster24
d3563738-437c-4d27-9cb9-1f24becf745d,group_81_cluster24
1de76bbf-368e-4ff7-b123-e34480fa5436,group_81_cluster16
4ecefb49-c404-4945-be00-d71e93651c9e,group_81_cluster16
17841039-6a9f-4a2a-b3a6-a5e6656272a8,group_81_cluster39
0a227351-cbee-455b-a887-78f57a27f16e,group_81_cluster39
03b10588-059d-4ac6-adfa-74c157309f63,group_81_cluster39
75104940-343b-41b7-8717-e3d14925b346,group_82_cluster-1
b038ec1e-0b55-464f-b110-8ea7b11f10bc,group_82_cluster-1
1cdaa45f-e018-4016-bc1b-60f87c5888af,group_82_cluster-1
0e37804d-21ed-4e2f-ae3f-db7c424a1c06,group_82_cluster-1
3b020fb2-1971-4a6c-b608-ee8cf45b9d07,group_82_cluster-1
226e9e0a-c4eb-431e-aca3-c709cc4b8fbb,group_82_cluster-1
22dac979-98ba-4810-926e-fbf3a49dfcba,group_82_cluster-1
a47dd715-3694-4dde-8473-65d2d73fb937,group_82_cluster-1
c7fa6573-27a4-4a31-8111-e5d840029c96,group_82_cluster-1
63ef5662-e9bb-423b-b726-ebb4347be61c,group_82_cluster-1
baf5fdc7-f82f-48e4-b954-5c3dd0e7a8b8,group_82_cluster-1
62639909-e14f-4b03-ac75-344680f05d79,group_82_cluster-1
b0cd7b7b-8744-4549-ba9d-ee85b410fcad,group_82_cluster-1
d0be500e-7fe7-482b-9cf3-3031e0160de4,group_82_cluster-1
e3526560-bc68-40c6-91fb-c815007a0c15,group_82_cluster-1
f05d65e7-c50d-4282-aad2-6958d44f0f5d,group_82_cluster-1
8b96d627-3335-45db-94d4-23d4fb8e2837,group_82_cluster-1
1559c47c-1a5f-4c2f-bbdf-09fbc916f4b5,group_82_cluster-1
1248f66d-dfda-4b53-be78-3d304b6e4ea7,group_82_cluster-1
9217274b-850a-44d5-9871-5b97123d3217,group_82_cluster-1
1eb26cc8-0e1f-41d4-8cce-eb12ac2b8f77,group_82_cluster-1
62715d54-d741-43fe-ac62-35b9e1d26db2,group_82_cluster-1
b35d8747-300b-4b44-835f-6ca5c137bebe,group_82_cluster-1
dc2e2add-3c95-4bc2-b24a-ea3a80f8afc4,group_82_cluster-1
921e6ae1-5a81-4ed4-9cc6-38f8f20c7e3b,group_82_cluster-1
b2bac3cb-7c5c-4737-a331-a33170200eba,group_82_cluster-1
d04b8155-14a7-4d50-a85a-3c6a1a58e3f0,group_82_cluster-1
490538a6-bfef-4441-997e-6f9206db345b,group_82_cluster-1
5eef4b7e-a4b3-4b63-a2bf-b20d99a06bb5,group_82_cluster-1
df6656ee-55b6-42b7-b493-a73e7292396b,group_82_cluster-1
7de5816b-3f2f-4a08-90b7-4e92689b39d9,group_82_cluster-1
7d867783-a56f-403e-85c6-e7552c0e42e8,group_82_cluster-1
853f8e2b-d6b4-4c67-afe8-8fa14a9b2a34,group_82_cluster-1
8397c0c1-bda2-418a-ab83-2d49f1d086a0,group_82_cluster-1
a5062494-4306-4166-b7a1-ad8bc66188b8,group_82_cluster-1
2dcdbb30-38a9-4989-8d57-309a2d3d7708,group_82_cluster-1
8a29a0cb-5f9e-4e24-a1f9-4062fabf574b,group_82_cluster-1
c137bee8-a894-4c92-8d15-0d4eb90123a4,group_82_cluster-1
187b67a7-7f69-40ed-b7ba-89028ba02161,group_82_cluster-1
df647727-d47b-4215-8f14-27d75375b817,group_82_cluster-1
974165a3-70fa-4936-8f61-94f11597197a,group_82_cluster-1
118f73ec-e821-41af-8188-7d5f879aedf9,group_82_cluster-1
f1d14452-37ef-40d9-aeea-066cfe637ba6,group_82_cluster-1
207babb1-0ca1-413e-bd62-cafe2a04143b,group_82_cluster-1
f369ac8c-9dbf-4c81-8c86-8fc7b1e82bce,group_82_cluster-1
a9365127-d2f4-4117-9a36-1dc23e2b9f83,group_82_cluster-1
60b2d0bd-9af6-4cbf-909f-a69a89930922,group_82_cluster-1
2c67b3eb-3915-4099-b1ff-4c3a1fba5be0,group_82_cluster-1
dd50ccd3-5aaa-490a-9fee-0ecb98dd17a4,group_82_cluster-1
f3ea2bfc-534b-4d06-8780-00f404b50fb7,group_82_cluster-1
4d31af16-3eb0-4631-9da8-f7c689c7893e,group_82_cluster-1
48a47cca-11fe-4a45-8bf5-3d7f3d6f85b6,group_82_cluster-1
7c416d0f-0141-4c62-a278-d710f49e9b89,group_82_cluster-1
b7b287e6-2679-412e-8118-999f6348e131,group_82_cluster-1
a6ee9475-755f-42ee-975b-819a41dc3583,group_82_cluster-1
e2fce09f-b71a-4c95-8653-b9fc47b65638,group_82_cluster-1
4dabc488-f4ef-4dae-94bc-8ed037d00e97,group_82_cluster-1
adc74bbd-ddd1-477c-9c6a-69ce087e010e,group_82_cluster-1
e8dfd061-7868-444f-9712-e901b9a6aafa,group_82_cluster-1
7cc21222-5a94-43c4-b7e4-6b0a0f9163f8,group_82_cluster-1
270f6f7f-832c-4f48-88ed-657a53d2c162,group_82_cluster-1
45eb7dec-187f-4146-ba5d-721265d72f32,group_82_cluster-1
13212d2c-2a4e-46ed-a47b-29feef35fe2c,group_82_cluster-1
b17ee5b8-ba0f-4294-93e2-b907ff57f131,group_82_cluster-1
7cbb782a-245e-4966-b4da-4e1a3ef350a1,group_82_cluster-1
b4b11189-8dfa-4443-9849-0ad7d0849ca2,group_82_cluster-1
5214cc00-4ce1-4601-9dfa-4472b26295b1,group_82_cluster-1
e105e567-0abe-409b-9869-0f5d5f05a45a,group_82_cluster-1
995866aa-40a6-4775-b5e4-4d3eb861f598,group_82_cluster-1
6c29a688-07af-436a-8f4a-c8e13d30d611,group_82_cluster-1
e683a204-9f28-448d-9b96-dac7bee8aeb3,group_82_cluster-1
bedc7be0-afdf-4fd8-9207-af64f39270d4,group_82_cluster-1
9f019253-b113-4f8a-8c64-3572d38e5489,group_82_cluster-1
4ab6b90c-5a7d-4427-be41-3b7858077ad5,group_82_cluster-1
79bb9ec4-6bef-4a38-b158-57d4f9702e5a,group_82_cluster-1
2860fa97-6c3c-48d4-be97-8aadca12c460,group_82_cluster-1
62f01eeb-538b-4693-9563-f6cde7b9c19c,group_82_cluster-1
5ea92e24-5ea6-4d33-bc51-73ef7e73be6c,group_82_cluster-1
297eda80-e8b0-43e9-8911-eb62629fec3d,group_82_cluster-1
95fef6ef-891b-4e65-aeaa-b9b95890af0a,group_82_cluster-1
d656ed5e-b73d-4081-99f8-ab56b9b3826f,group_82_cluster-1
64275484-8fa4-4465-8538-efbc7b8b41df,group_82_cluster-1
cfca951f-ccf3-445f-abc6-90a834408b1e,group_82_cluster-1
e07e0746-1c7a-46af-ac5d-ee160ef3ad84,group_82_cluster-1
19c2b8b5-2ab2-4e7c-959e-1cb416727d52,group_82_cluster-1
20f8f2a9-dbfb-4239-89f0-3ffa61433cd0,group_82_cluster-1
7449ffd7-f6ea-470d-aa04-6c876bbee095,group_82_cluster-1
b9b46e45-e6f9-4731-befa-47441a34b1fe,group_82_cluster-1
5e15f083-bad0-4c19-bca5-325122f4987e,group_82_cluster-1
2335cb5b-665a-409c-9897-f0e30244b684,group_82_cluster-1
833b6809-007c-4b13-9da8-d0b9668ecc72,group_82_cluster-1
e3f5d035-1783-4a27-b2f0-d2508bdc040e,group_82_cluster-1
1b1d86ae-563a-419b-b858-e3939b0fa97d,group_82_cluster-1
9d98f13b-a89b-41e8-af7c-9e4457fc388b,group_82_cluster-1
e2dd1525-ef1c-42d2-ae79-331e78c74ebc,group_82_cluster-1
b1590b84-7823-4925-b697-6031b381a7d1,group_82_cluster-1
bdbeabe8-b58d-4055-b382-72a466b53b07,group_82_cluster-1
5d84728b-b9a6-4051-85b0-167c4b0320c8,group_82_cluster-1
6708148a-50f9-45fd-a98a-209bc37cf75b,group_82_cluster-1
b09b02ec-7be1-48a6-bef1-f1fe54c036ee,group_82_cluster-1
30cb3748-8bb2-4e2d-a913-142c2b19f914,group_82_cluster-1
a28608d7-8351-4855-9fe9-854bf8081603,group_82_cluster-1
ac229ca4-d5d4-45a8-b024-ce4bc2384adb,group_82_cluster-1
61182357-7ba4-469c-9d5d-494257b5b3b5,group_82_cluster-1
69b4f473-64a6-4931-ac23-d77f144e6985,group_82_cluster-1
2c5c458c-7338-4140-a3db-6b05e41e7883,group_82_cluster-1
2b8d7489-a479-4d48-86bb-5903f8016677,group_82_cluster-1
fa2bbb77-ae4d-4709-ad0e-801eaa512d3f,group_82_cluster-1
8da3d06e-376d-47ef-ab7b-b805ba823e39,group_82_cluster-1
245205a4-b816-4e2f-b2f9-9d34c06007d3,group_82_cluster-1
f5f8618f-15fa-435e-9ee2-b2263a04d6cf,group_82_cluster-1
d226f28c-65b5-4003-be89-d2151353bd9a,group_82_cluster-1
ac16d35b-3026-44e8-9a65-9e223607e472,group_82_cluster-1
825d29ae-f30c-483d-88b7-84e129d9d5f2,group_82_cluster-1
bc7086b0-3074-4f0e-990d-ab102ab66cbc,group_82_cluster-1
ca762d6d-fbe7-4ca6-8c71-934e6a5d390f,group_82_cluster-1
b321fe52-9254-4433-a4d6-ba7a1379c0a9,group_82_cluster-1
f0086d6c-c7f8-4c98-82a0-60c1473f0404,group_82_cluster-1
7fd9e933-8081-4bef-9363-c8c057791d5c,group_82_cluster-1
87f32a9f-0659-4291-a75d-52e2506b9879,group_82_cluster-1
0ebd5f5b-ded8-47dc-b144-f4320e4f9adf,group_82_cluster-1
e7a67ba4-c9a5-484c-8f27-0a6191a0b260,group_82_cluster-1
3298e5c5-42ed-42bb-85f9-6ddace41d9b2,group_82_cluster-1
9a04d2d1-871f-4da2-9c38-c6953dc01c61,group_82_cluster-1
faa821a9-5190-4f35-9c8c-feca2a42e5d3,group_82_cluster-1
3c369109-8907-4fd0-b832-755a1e49b16b,group_82_cluster-1
234c59f3-cb1c-48d4-a3c2-8ca98afe0e30,group_82_cluster-1
397c66f6-6937-478e-aac3-6a39c131c0e7,group_82_cluster-1
746d0b2b-8896-48f2-9081-878bc7ecc2bc,group_82_cluster-1
496489da-3053-4eea-b0ac-6583f842d892,group_82_cluster-1
7903b4cf-6c07-4edf-8216-863aaeaea56b,group_82_cluster-1
940b7f42-1dc0-49f2-977d-e2f0d6042d7e,group_82_cluster-1
6fe8c7a3-ed22-40b4-ab7d-3940faa4db3f,group_82_cluster-1
dbdd5640-efe8-4fe6-83a0-a9b5e9588825,group_82_cluster-1
5e4b68fe-d943-4cb4-a164-655ede122a45,group_82_cluster-1
ccd99128-e64c-4f8b-9b42-d862146b8eee,group_82_cluster-1
04a84779-6ad7-43e7-8bd1-b75ce71e6613,group_82_cluster-1
1bffdb36-2e57-4a6f-94ed-f0b8d15a0ef0,group_82_cluster-1
3035bafc-68a2-4394-9306-a34f5d7d3b8f,group_82_cluster-1
a704a15d-5f81-4396-a346-56b6e7e99ff4,group_82_cluster-1
4aade5ac-41b4-4c92-a216-f6ff48f151ac,group_82_cluster-1
9f1daa50-3ce0-421e-9087-0be435e3e044,group_82_cluster-1
56f86b43-ace4-4e60-b720-4cf175be538f,group_82_cluster-1
60bc8ad4-c05d-4022-9145-90b21e448000,group_82_cluster-1
51d170a6-d334-4903-9c75-843f84d92940,group_82_cluster-1
2a1cccf2-1b04-47b9-9c3a-6c4645f88602,group_82_cluster-1
ecd38dca-a360-4ecc-8493-64d61b8e432d,group_82_cluster-1
fe946935-fd44-421b-9b1e-d63f3f374684,group_82_cluster-1
432fd691-4be3-499a-bed7-28eb95f9aae4,group_82_cluster-1
d57c1841-26a0-4e3e-b277-f355a249bc97,group_82_cluster-1
aa0adc1f-12c6-4942-9238-16060188df99,group_82_cluster-1
534f84e9-d580-47af-9807-4aaf51a9113b,group_82_cluster-1
15b1b92d-3a63-491e-baf4-618409336478,group_82_cluster-1
8e370e09-9b42-4f5d-ac0a-c3757b49da7c,group_82_cluster-1
04dd64f2-c7c8-409e-9723-2083b0fc3c6f,group_82_cluster-1
f68e9447-a87a-4e96-8a63-1348c99347fa,group_82_cluster-1
f05f7d25-f2fd-4b02-bdf5-b17171ac3cc6,group_82_cluster-1
f80e0050-b85b-41f2-90b5-6b5d0d64e44a,group_82_cluster-1
8d588c11-53d4-442c-ab5d-e29ac90b7b84,group_82_cluster-1
571c7f4d-332f-4a67-b743-db3d45234ec2,group_82_cluster-1
ed89ca7f-6168-4e56-a175-9d409fbd88ff,group_82_cluster-1
0bd59cba-e012-4ebe-91bf-6b1f493301d2,group_82_cluster-1
fabe7bed-97af-4e0c-9ee8-3a10efea728c,group_82_cluster-1
55a820dd-36bc-4016-b2cc-abf173553d25,group_82_cluster-1
0e39b3c6-d52f-4f55-a54a-54eaddac02eb,group_82_cluster-1
2ee4e337-3da3-4d57-a630-659d22980b3c,group_82_cluster-1
7d78c714-d4d5-4622-815e-b4a4f83d4e29,group_82_cluster-1
fd74f327-b159-42e6-bd1f-2bf4734e4334,group_82_cluster-1
d3fd6d3b-7dd8-4635-8e48-37ffb621251b,group_82_cluster-1
6f2afca3-ba70-497f-86d9-afaa335075b4,group_82_cluster-1
bf5844a1-1d93-421d-b52a-410cdecf1dca,group_82_cluster-1
64ade7e6-3437-4357-addd-13fc39307c57,group_82_cluster-1
6cfa4944-9e15-443f-9417-ef7b92192a2b,group_82_cluster-1
1dfd9d30-2b4b-464e-85eb-84e2e2ac2ed4,group_82_cluster-1
8a6c4e0f-0f29-49be-80a3-0145a219dcf1,group_82_cluster-1
6414d3c3-c740-4633-900d-79f29fe604ca,group_82_cluster-1
8427d83c-6877-4b7f-9943-de74f1768452,group_82_cluster-1
ff297ad2-0d9e-4b7b-a403-609d1632e0d9,group_82_cluster-1
e96645ae-94e5-4932-93f5-182a76484f0f,group_82_cluster-1
b2bfac22-899e-4758-b931-9e261af7b731,group_82_cluster-1
474a5d19-f244-4cbf-8e1a-6973f940d231,group_82_cluster-1
c7e61ec2-a346-49e2-9087-e4e96af988cb,group_82_cluster-1
f70c818a-3292-4450-b389-f2823e8a84f6,group_82_cluster-1
88136c7d-9747-4e00-aec7-f08432721bfb,group_82_cluster-1
220e2723-8375-4d27-b359-3c6f7b3fc704,group_82_cluster-1
4a0170fc-7dc3-42f5-bca7-3298aa101bcd,group_82_cluster-1
fa050dd9-5645-4f7c-846b-790fd16b1787,group_82_cluster-1
21a09e6f-bce1-4316-a97b-8ff7d346ccec,group_82_cluster-1
7672863f-4693-4781-9708-5737450653b4,group_82_cluster-1
bb817d45-8bab-4cae-9888-153a5a9f2e46,group_82_cluster-1
37d5aa59-3a60-4144-8a2a-2ee963892cce,group_82_cluster-1
2db1c019-4589-49eb-9b20-50cdb9556b5c,group_82_cluster-1
949914b9-01d9-4279-bb35-15abe46665a4,group_82_cluster-1
699a54f8-7a43-4dcf-8d95-d7832dc41873,group_82_cluster-1
91174c2c-0f6e-4109-9e10-4d43b17700ee,group_82_cluster-1
abc1d595-c74f-4ad8-966a-6e470aebe342,group_82_cluster-1
c8a330f3-72c0-4dfa-a1be-e110febd37d8,group_82_cluster-1
2debb591-a355-4b21-b542-47be77f8f3f9,group_82_cluster-1
e9360fb6-85db-4436-a399-57e7b11fca5b,group_82_cluster18
ceae774b-5d52-4a8b-a4f2-3eec28df4d10,group_82_cluster18
fc93cae4-526e-48e6-bb4a-8d2be236cd9f,group_82_cluster18
34fae252-36bd-483a-9843-2d8cabe395f9,group_82_cluster18
62e5a859-cd2f-4c4a-8b89-ac39252bbeaa,group_82_cluster18
fe02ba1b-51e2-43b7-ba85-12a60a50c9ae,group_82_cluster18
03ec57c6-e4da-488d-bf17-3b3b26b3d07f,group_82_cluster18
8a57cb98-5b6e-498a-b748-7aa89e29e15f,group_82_cluster61
727b85b7-8388-4a22-8f2e-c0a0ca376408,group_82_cluster61
66eab201-e7ae-4479-aee9-a59f03c0dfcb,group_82_cluster61
e9b2475a-fb5c-4ee6-b2b5-30670a66d173,group_82_cluster61
96b8013d-bc20-4d01-99e2-d28ad289b2db,group_82_cluster23
b9176da4-b9c2-42f7-aaf1-a5dc915fe38e,group_82_cluster23
f5c8af5a-3021-49ce-bbd1-1e794f092e14,group_82_cluster44
cfb2df33-2e08-48cc-829a-a44f9e31baa6,group_82_cluster44
b2aea251-3e44-47ea-bb74-0fac9ea2cbb9,group_82_cluster44
dbc36f7c-9419-444f-9959-064b86f1581a,group_82_cluster44
3db8f7fe-ab6e-4f1b-a323-078ec2d73577,group_82_cluster29
1949e8c1-18b0-4a61-a761-7c362d1ec213,group_82_cluster29
512d75ab-d44e-4053-aa03-968300f03146,group_82_cluster29
814432cf-d938-4d9d-911a-8b1e922411a2,group_82_cluster29
37e46ac5-190b-4d46-b8ea-98dd8d8335a6,group_82_cluster29
8996b4a9-e1b3-4ea2-af4b-c7428505cf26,group_82_cluster29
93adcddb-b518-4855-b9dc-46d2c6dea304,group_82_cluster14
ffb91979-44b8-48c9-80d9-619e102cc470,group_82_cluster14
dbcd7f29-f221-4dff-8471-41267db4fd65,group_82_cluster14
9c7bc362-4496-4a2b-85eb-0f96f12bb1f5,group_82_cluster2
6cb35d8d-91aa-4017-991d-fac02d7ae85f,group_82_cluster2
8d4bc242-27f7-4823-b429-38072d0839ef,group_82_cluster2
030fd939-78e4-4a0e-b49f-d88aad88553b,group_82_cluster2
13706dd0-7ca3-4bce-bd16-8c4510a2c560,group_82_cluster35
72c8adc8-816c-42e3-a063-a0d1c7cb2196,group_82_cluster35
5d14b3fd-a84a-40f1-aa9b-816f6717828d,group_82_cluster35
5e2f6606-3dcc-4ff6-b146-25e7e0adb294,group_82_cluster35
f5f7a111-2710-42c1-b24e-7ca4130153b0,group_82_cluster1
4dd14135-19bf-4227-9a7f-95f4af94a4e9,group_82_cluster1
59408bc0-6aef-42ae-ad08-72b3772ab8a0,group_82_cluster1
dd497d78-2b8b-4cd5-9df6-e3a1db5732af,group_82_cluster1
3a066ecc-29b6-4e15-961d-a13f973269c3,group_82_cluster1
b3d0f784-4409-4792-a2d9-acf6e7b00715,group_82_cluster1
699679b0-b1f2-4d34-a65e-ebaef64caefe,group_82_cluster1
c2ae1c62-63ba-4fab-9c2b-a4a8e9d62b64,group_82_cluster1
bbd4033a-2204-4c83-96aa-e106fa029a5d,group_82_cluster1
e0b11053-29ab-4106-97f6-b3845891c21f,group_82_cluster1
15e059af-ce8e-44e0-aaf5-c403f5e5393a,group_82_cluster1
dde7041f-82e0-4b37-a5f4-05a2c4cd9822,group_82_cluster1
096f460f-4253-42ee-b977-be1d3761a90d,group_82_cluster1
021ef22c-99ae-47ff-95a4-49da41a71b4d,group_82_cluster1
a5433739-cc59-4dcc-82a9-70471d9ce270,group_82_cluster1
7efc994b-0ae4-43ae-ad9b-a1e7b98bd63a,group_82_cluster28
f1c7ba1d-23ec-414d-9594-6f54a3ae0129,group_82_cluster28
6434043f-2803-46c8-b75a-148fb35074da,group_82_cluster28
1601f325-d66d-477d-af36-ba08702e1b07,group_82_cluster51
1f84d96c-7fb7-45d6-ba71-c8a166fc9acd,group_82_cluster51
7518caab-3e17-46ec-8410-8bad96195b78,group_82_cluster51
1f2a3931-be74-4b22-9679-ee41e92db956,group_82_cluster51
802a6941-5c14-4783-9f06-c62bad706a7d,group_82_cluster51
4c01e044-f2a9-4e28-8753-5c87ac6e4667,group_82_cluster30
557f7b18-5e69-4193-9566-e984fff71ba6,group_82_cluster30
d6de9e17-9cb5-4242-be1f-15f56cf790b5,group_82_cluster30
d8a5db3a-380c-48c8-b868-b33bb12d232d,group_82_cluster32
a966ab88-c034-469b-95eb-4a4defe48a5b,group_82_cluster32
a9fe1540-2a87-415f-97f0-379570af7086,group_82_cluster32
046b4d39-0040-4b6d-9fc5-5cea09bd5f0e,group_82_cluster32
699b9125-ff47-4a0a-b640-3e5c9b92da33,group_82_cluster32
97527c6d-ba32-4f62-aa2f-a638fbbca9ca,group_82_cluster54
a5f8073e-c180-49ed-aa20-e60427ff0c98,group_82_cluster54
e840c867-2f52-4c96-a9b9-2ad10563cfaf,group_82_cluster54
228813c8-b6bd-4f23-a820-b872a4e8b6b5,group_82_cluster54
021b64ed-5227-4276-a706-92c677edb36d,group_82_cluster48
695f225b-40f0-4d10-83ec-380e4212d830,group_82_cluster48
2e5013ee-ed60-45aa-907a-1c9b60e81d13,group_82_cluster48
91419eda-82b6-4c2f-a513-ae1dbc2ed772,group_82_cluster48
b411f8a5-36ff-414c-8239-a5c9cf120202,group_82_cluster48
9def116b-26e2-45a7-ad95-e5d2dcc7a2c0,group_82_cluster48
c50fdbbd-6e52-45b7-97b4-6e89f4588ebc,group_82_cluster48
c7c4603d-9351-4ad5-84c0-e6253e762d5c,group_82_cluster16
a772c4e2-7be9-4788-831d-fad83019c789,group_82_cluster16
2a48e705-858b-4144-b577-bf1ae32ab7f6,group_82_cluster16
03c720be-7144-4802-be50-01803a72c666,group_82_cluster37
d2afcfa1-1150-4f79-b732-2782f0ef7997,group_82_cluster37
43c63597-853d-4d40-a064-52c8eaaea0c2,group_82_cluster37
2fe65c64-f9a6-44ce-be17-64c1a08b2480,group_82_cluster37
ded67bd2-85cc-4164-bc24-807c4c50b508,group_82_cluster37
4bb1ca0e-e9ae-451c-9d24-69685c3ff2f8,group_82_cluster57
b54d911b-2b0b-49e0-ac7f-a168c555d3fe,group_82_cluster57
70b2572c-3874-40dc-a964-998ae69ec3f0,group_82_cluster57
30331187-5216-437a-a014-52924f1dea10,group_82_cluster57
440f6514-99d4-402b-9ddc-677e7996ea47,group_82_cluster57
fd00672b-139f-4d23-92a8-e4db040e7ac4,group_82_cluster39
c0de1156-7f06-4998-9c2c-4f7005ce9923,group_82_cluster39
a8ff62f4-8428-4a27-9c53-033ce2c32d86,group_82_cluster39
fd327abb-5f6d-46da-8e51-5640963d8104,group_82_cluster39
73fa55cc-b551-458a-af1a-79b498b958ce,group_82_cluster50
0645ed6f-5e76-4968-bdf7-7180aab6e86e,group_82_cluster50
1c9ef2ef-81f8-46f5-8b25-1ad8f41f97f4,group_82_cluster50
f0d257bd-6c3a-437d-8a47-b2865d97571f,group_82_cluster55
2975f6ad-1831-4c2e-8449-29c25e831245,group_82_cluster55
b06a0c30-292e-480a-aa99-06359ec9805c,group_82_cluster55
394d18a8-d8c1-4179-b965-2f7f6092bf43,group_82_cluster55
2b04bedc-0478-4193-bc61-23bb0e386dbe,group_82_cluster55
56e1686e-3512-4cc2-bbc6-fba7bbb7ce94,group_82_cluster41
06dd7418-9c08-4c2d-ac55-9b786b08959a,group_82_cluster41
1d1db871-2e65-43e2-ada4-70f248fb08c8,group_82_cluster41
95adcbe7-0cd8-4f8c-871e-a17fc242eaef,group_82_cluster46
b61f8d9a-8883-4ff7-9eee-5d66c9dfa056,group_82_cluster46
7c3a98e5-9306-45b1-8a6a-04614f8bdba7,group_82_cluster46
0f5c585e-bb3a-42d8-9447-84f7559e78cd,group_82_cluster46
f37640e2-85b9-4e47-a10a-7914a602782c,group_82_cluster46
06ee5609-ad4a-4038-b7ea-fbc40399eba5,group_82_cluster12
8b981366-4cf9-46e4-bab1-d442d00a4949,group_82_cluster12
17e7bbfe-a575-4417-b912-52534ca2b433,group_82_cluster12
c4a1a40c-d81e-443b-91c4-aa2427caf953,group_82_cluster12
be39cffc-e7ef-4361-92de-1e90077a38e1,group_82_cluster20
8d0ab45e-dd54-4b6d-b094-ee938bdaf9df,group_82_cluster20
7e0b1301-c9cf-430e-a40a-859bff7e8577,group_82_cluster20
973014ca-a65b-49b1-841f-c5f72a45547d,group_82_cluster20
a5e7a57e-6243-4f2b-abbe-e80e6dcd86be,group_82_cluster20
5c88ff7e-b2de-44bd-8150-85d4d54b35c7,group_82_cluster13
693164b5-3236-4b53-9098-aedaf1b71080,group_82_cluster13
6b2c7c40-9eda-45fd-9d9d-17c94bf47e90,group_82_cluster13
b163c4e2-1638-474e-adba-60f6f3d9fdc7,group_82_cluster53
a0ed4ebd-23da-47f5-91d3-a967393285d3,group_82_cluster53
8c688843-9994-45aa-a829-045b9106c938,group_82_cluster53
7dc1bb45-208e-4bd8-bfb4-7f59cc0d4d77,group_82_cluster53
2998ddb7-5e0a-4796-8f63-12db081dd7a7,group_82_cluster4
b36d2a0c-3aa6-41f5-9e40-9bac66f9fd65,group_82_cluster4
444412bc-ba9a-4c54-9ad0-e5923a65deec,group_82_cluster4
845dc572-f424-4545-9356-899a94e321d6,group_82_cluster24
e8b3a623-b3e3-49db-9dac-34d81f3f87ad,group_82_cluster24
d9b1925b-3e73-46ad-b484-960e5f322f0a,group_82_cluster24
9273c156-c1a1-474c-bcbe-cefc0a3b3b1a,group_82_cluster15
562ef43a-9eb3-4c23-b679-da0fd7afea79,group_82_cluster15
258436ea-76e2-41c3-85be-2ecb960a98ef,group_82_cluster15
c6a10fdc-3b1a-44c5-8868-3eb107f8552d,group_82_cluster15
b1d38bff-681c-4d45-a321-9120bd34184f,group_82_cluster15
1bf6a9b9-5042-44df-a2f5-9cb26e41a5c0,group_82_cluster15
7267f427-f3fe-4f51-af8c-5f548ef0fc2b,group_82_cluster15
430c6e1e-e54a-4dac-b63c-2de154fa0d5e,group_82_cluster15
962362c2-dda3-4abb-826b-b3bc515b0e82,group_82_cluster15
4b95adfb-57aa-48e0-aa14-1aad77a18911,group_82_cluster38
fadb4f13-53c0-4f0f-8b6d-6ecd706430d8,group_82_cluster38
cdbd94ce-ef3d-4fbb-894a-40071cf0e938,group_82_cluster38
20700c86-289b-4fd2-a225-045cc19278b5,group_82_cluster38
d9ecb17e-d458-43e7-a928-c4ff18910a9d,group_82_cluster34
74d8144f-c91f-4b36-b7f4-1415c4408ff0,group_82_cluster34
cdda385e-f697-4366-a225-f5f872b64a6f,group_82_cluster34
82eedafa-33eb-45f4-9fe5-76b59ef1c9cc,group_82_cluster5
c0c3330b-d5ee-4bd6-b040-9fe6e8b17b88,group_82_cluster5
4a219e0d-4428-4a4b-8f82-a595512f9fb8,group_82_cluster5
1fc58cbb-7975-4599-aaed-090b14d555b1,group_82_cluster5
b73ae527-18b4-4d49-8a99-5cbbf7e1a611,group_82_cluster5
7cab5bd0-384a-4ab5-91c5-89dbc20920a6,group_82_cluster42
d7d3996c-4d53-4590-badc-cde3ed184546,group_82_cluster42
1e7dfd6c-e2fc-403a-9833-05d2a8fcf7d1,group_82_cluster42
93f9f20a-63c7-4b46-9320-381936a015df,group_82_cluster42
fcffc0fc-54c5-4047-8261-f229e4621bbb,group_82_cluster42
e7482c4c-533f-4fd2-8113-6fdb90a15b61,group_82_cluster19
b456cac1-e937-4fdf-b2bc-624b1f1a7164,group_82_cluster19
ca4d7dcc-d01b-4c6d-b90f-2fe50a8eb211,group_82_cluster19
fa25f20e-aae3-403b-88a3-77497940d270,group_82_cluster19
6bedce7b-7ccc-4612-a5ce-17d387a3cc78,group_82_cluster19
4c47e4cb-a51d-4ff0-8d2b-5261235d3b4b,group_82_cluster19
bb5cf65f-385d-4481-b05b-46022f221e07,group_82_cluster40
385def45-f806-4ff8-b965-e23472e0099e,group_82_cluster40
fa7dae6a-a238-4ca3-acfb-dbe5493d7dd1,group_82_cluster40
adca25cd-4666-442a-8309-4b70986bfc81,group_82_cluster40
2e400d46-f410-4442-b690-361a12dcb8be,group_82_cluster52
7eb8c86a-aea1-4f0e-9494-d9bdb64fc53a,group_82_cluster52
05e248fa-27f7-4cf6-8c1a-c1ccaab96be1,group_82_cluster52
1fafc525-e819-454b-ad0d-18ff48dcb08b,group_82_cluster52
412f1b5d-dc43-4ac4-8e03-ba4801a7166d,group_82_cluster52
8e1c9c47-cbf9-41e3-b3f3-8d3fb54e04bd,group_82_cluster52
c370a9f6-b0ec-4fbb-ac82-2b9a10b25532,group_82_cluster17
a3b063ab-7067-41c9-a200-a57d0053bf82,group_82_cluster17
adbc3421-fe26-4c2c-bbbe-7bca33997c42,group_82_cluster17
489ecb12-1475-4004-93b2-fa88edf0cc7a,group_82_cluster7
7f567e74-a5d7-4c11-b8f4-3b615f851eb5,group_82_cluster7
2e4e9639-2694-474d-8421-966ecf6a3b80,group_82_cluster3
52e4f8b4-2f27-4a8a-b1ca-f9a9a4464ade,group_82_cluster3
b4e5b4cc-7782-4efe-98da-d54d3448404c,group_82_cluster3
ce94e170-2adc-49a3-9c04-bbde8d17e398,group_82_cluster3
88a3afb1-361b-4b7f-b2d5-4b067caf26d7,group_82_cluster26
bdb8dd79-428b-4949-bac9-9557f248b47a,group_82_cluster26
df77a237-4fb7-478e-8183-c376e750a0a7,group_82_cluster26
a93340ee-1378-4684-b9e1-ec833f3be27b,group_82_cluster26
f0005e45-8b76-4a78-958f-2b8261550e34,group_82_cluster8
e8c9f00a-3618-47e6-9077-0b3308c78a63,group_82_cluster8
a378724c-11a4-4e90-9e63-291d3898a2e3,group_82_cluster8
10718c5e-800b-4f41-ade1-acd063530d50,group_82_cluster58
d65a98c3-ce05-49d6-8bb5-110c62056659,group_82_cluster58
db1d5496-c3a6-45cf-8bc6-b8e968f6d6b5,group_82_cluster58
17f31e17-b369-4e15-9fa5-011605688184,group_82_cluster62
635ef7b0-2f89-40ce-b2b3-95ffac471af4,group_82_cluster62
91a9749e-c986-4fe0-8179-991d4404fe00,group_82_cluster45
9ee91e7e-03af-41a8-8831-b473a98b961a,group_82_cluster45
133ab118-b4b0-4bd0-8158-9389f5c20966,group_82_cluster45
0083dc19-8e6c-4de3-9bd3-b8471825daeb,group_82_cluster45
ad1df327-1065-49ef-b422-b9e5d8539b68,group_82_cluster6
3223a5da-f5a6-4ca5-9a69-96cb074df41a,group_82_cluster6
60613d15-3fec-4f7a-8379-f41b2af74669,group_82_cluster6
2bac5106-ce2f-4b81-87e7-86fca2c17584,group_82_cluster0
debce010-969e-4266-a770-7ddbb87be6bf,group_82_cluster0
5485888b-abd4-478e-87f9-96b256ddb96d,group_82_cluster0
90cbe95d-86d4-48bf-bfd8-b3a965f7bc53,group_82_cluster0
e8844cb4-ca9d-4c4d-ba5b-55bd0797975b,group_82_cluster49
f731bdf2-9128-473f-8ed0-aae1cc80ec2e,group_82_cluster49
847c77dd-e887-44da-8345-b5707bd479f1,group_82_cluster49
c61b3179-6541-460a-8ce4-53f28b14ba9f,group_82_cluster49
4b152602-09f1-43f1-9101-8a2a788a2ca2,group_82_cluster49
adcc98ed-cc94-4283-a8d4-80e73cd33a8f,group_82_cluster43
7ea8f0a8-9d03-433b-934d-2077dfbe94b4,group_82_cluster43
e643855c-f9e5-445c-a6c5-a815515dcfc9,group_82_cluster43
0c23b410-3112-4d98-b39e-ce6de801c2ee,group_82_cluster63
d191ed77-72e1-4124-a47c-024c34ce3f2f,group_82_cluster63
80263cc8-4f4a-4bd7-baae-36be2d96b5c0,group_82_cluster63
04efda6f-3c00-40fa-a06f-c1d85154e67c,group_82_cluster10
d6da52c2-9a98-4d12-8600-e14ed67ee4bd,group_82_cluster10
867bcbe6-2dc3-4fd2-aa24-7dabc968b16f,group_82_cluster36
029113ac-bbab-4a58-9f38-33470c9dd467,group_82_cluster36
4933f44d-149e-4e0d-9a43-3bedb0f6e1e2,group_82_cluster36
792040db-ead8-46ec-b61d-1089c6bafbef,group_82_cluster31
a828d047-00a2-4725-91ad-8ef92f41b048,group_82_cluster31
5db0c0d4-e35c-4073-9f95-b719effb022a,group_82_cluster31
4648cdb2-ebbc-4880-8589-9a134b867f27,group_82_cluster56
e0c663c8-2a4a-41eb-8c84-87afc939778d,group_82_cluster56
cc093a67-b214-4b2c-8ef4-8d95640b7b45,group_82_cluster56
7f6c3911-c705-4288-8ed1-689bb6e2f63b,group_82_cluster56
fcb9829a-8943-41ee-b67c-9818e1df652a,group_82_cluster22
1a99df70-a2b8-417e-936e-c3d89e380d38,group_82_cluster22
1b119fba-8372-4a34-808b-2a34743551f6,group_82_cluster59
08ae53d9-84d5-42e2-ab65-0101c96080ff,group_82_cluster59
5df720e3-09e8-479e-aa53-7dff23368073,group_82_cluster59
4055c9a6-c099-49d4-9c74-183aa23f76a0,group_82_cluster11
a7c07108-77b5-4fef-a249-66628ca3ead4,group_82_cluster11
01d65518-773a-4756-8131-3e90201ec77d,group_82_cluster11
bccf829f-c925-4ebb-8a75-83137e2bf6b0,group_82_cluster11
ba887ee8-a657-4fad-815a-cdef606fa875,group_82_cluster11
8c7eaf75-0900-4aec-9bb7-f58e182f312e,group_82_cluster33
89beaca6-4053-4a1b-9cfc-838b81716714,group_82_cluster33
40c241db-fecb-4641-863d-87f8427179bf,group_82_cluster33
bff49f8a-7057-4856-8165-68e465e2502a,group_82_cluster33
b09ed67b-3606-4487-998d-de4c15486b2a,group_82_cluster27
04ddb3a2-fafb-4e08-9646-f920bff5ff6b,group_82_cluster27
15126603-d459-4dec-9262-895735cdde5b,group_82_cluster21
87370983-08f1-43ce-90b6-a21285d59d95,group_82_cluster21
a7638e0d-03a7-4e59-adc9-a1adb551782d,group_82_cluster21
9e803282-f2b0-4400-a92a-4e4836476eb2,group_82_cluster9
32da9130-316a-4f9b-97be-48bfdee74d3c,group_82_cluster9
e3c4e929-37d1-4d08-84f9-3bbd5528d3c1,group_82_cluster25
43d066e8-3253-4f58-bb0e-194cfa8cc94f,group_82_cluster25
6c71289c-bccb-4ade-b5cb-6b46438002cb,group_82_cluster25
a7e9061a-8fc9-4f6e-ae01-3ae51740b640,group_82_cluster60
baba826e-e61e-4907-b217-3a8e7daef267,group_82_cluster60
7745f76d-f3c8-4472-b23f-8b501460fb60,group_82_cluster60
6762911c-f639-42bc-a6cc-4e56ade67b9a,group_82_cluster47
6a1a4742-e803-4995-ba77-cf5a766ab321,group_82_cluster47
73fdae4f-9910-41e9-8137-76a04944fe2c,group_82_cluster47
03345a04-e925-4075-b5a4-92a2b642533e,group_83_cluster-1
d1cd776f-34c3-4dcc-92de-71118bcc3287,group_83_cluster-1
9e8aed54-ca2b-4fee-9228-517e18cdbc3a,group_83_cluster-1
5096921e-9779-4a71-898f-64ca50940a88,group_83_cluster-1
a15b1883-434e-47f7-8edc-529f3bc188fb,group_84_cluster2
7163bf5f-f896-4976-ad58-720a12fec995,group_84_cluster2
aa65ab06-9c7e-4e42-8ba4-c5d5275fd82c,group_84_cluster2
dfebde74-7ac2-4ca1-877f-654e5f3d9b8b,group_84_cluster2
f8257438-a155-463a-8bb4-508c0d65acde,group_84_cluster2
f4da8d2a-1362-4d91-b993-7f04c4ecbb80,group_84_cluster5
03855028-1593-429e-a09d-66bc98edfeaa,group_84_cluster5
694e77ec-c41e-4a4c-9b29-e9c9cbe53dc9,group_84_cluster5
e3d1b5ad-a03a-4612-b490-1123e804bf0d,group_84_cluster5
bb02ced4-51a1-4172-acd9-5c5df3355874,group_84_cluster3
06349c9b-2711-47ee-8d92-a2525602725b,group_84_cluster3
de259f5f-0130-4d02-abc4-ab7421483b99,group_84_cluster3
2bda174a-4e95-4a65-a9b3-5f6cecafaf1e,group_84_cluster3
eeed4e98-2635-4387-9b1d-6da1c68c7753,group_84_cluster3
882f278d-f766-4d1d-9c73-c2ecc7896365,group_84_cluster3
016057ba-fce6-4a9d-a3b4-cfabdc7c3078,group_84_cluster3
d32a82b2-e3c9-46c3-8855-fd9eadebfa30,group_84_cluster-1
3237d130-e9dd-49d3-9b85-f0add95a9e7f,group_84_cluster-1
9180a067-67fe-4a2c-ab71-c729a0e27c99,group_84_cluster-1
33b96997-13fa-49ec-9bb7-1f6a26a2b784,group_84_cluster-1
026f274e-05e5-47da-ba88-53f5dbfff062,group_84_cluster-1
f50173e9-545e-432a-99c3-9c08fb0b3768,group_84_cluster-1
d693c87f-d741-4e49-9510-cf7d6451dfb0,group_84_cluster-1
6923ebc3-c757-4f81-893c-ced40160e17b,group_84_cluster-1
0a64017b-a690-4ecc-ba24-dce9eb74ee16,group_84_cluster-1
8c8992ce-d1af-4174-959a-ac07433707c2,group_84_cluster-1
bf850b48-1419-40bc-a712-32aa846f6222,group_84_cluster-1
12ab1d07-a0dd-40b5-9de2-6aebb91ce78f,group_84_cluster-1
132be5f2-8e0a-4056-8f5d-143756ac15ec,group_84_cluster-1
e56c0a05-5629-4e27-bb07-0cd4b7dfd2d7,group_84_cluster-1
21899b0c-3191-4cc0-a730-c5a3f90d8271,group_84_cluster-1
000412c1-96d7-4fde-bdf2-3982ca7c9eb0,group_84_cluster-1
3a373b9e-59a3-44a6-abaa-bf1f346f0bac,group_84_cluster-1
aa011984-b26b-479a-8b88-28e4eb82b96e,group_84_cluster-1
0cdccb8d-dbbe-4c51-9144-66dcd5ba7bea,group_84_cluster-1
a1fe5e67-67dc-4d7c-bb23-15eb7aa8558d,group_84_cluster-1
4bf7ac08-ecfb-487e-ae0e-3cb93b339d6e,group_84_cluster4
6010cef6-9b61-458d-8def-c49353611fe5,group_84_cluster4
2b5c865e-9b58-4765-a6cd-ae2f2a15e62e,group_84_cluster4
30a41dc7-6271-4a89-934d-279c321c45ce,group_84_cluster4
bab9b6b7-8d4d-4c49-9c72-8171c2778cbb,group_84_cluster4
8c9cab2e-b908-4183-819a-e745e1558e70,group_84_cluster4
375ea6d7-b414-4b09-bde9-b88a90860f5d,group_84_cluster4
57adcd31-617b-4f95-8cd1-293cabe99d7d,group_84_cluster4
a1417c32-92d2-4723-b8d2-c8ea245e40d7,group_84_cluster1
817a4168-ddf7-4a68-8b05-01872f325dce,group_84_cluster1
d76da5a2-5abd-4f64-964c-eb00b992c8ee,group_84_cluster1
1dc1b5d3-aede-405f-83a3-0018b6706393,group_84_cluster0
ee734c5c-72ce-4bb8-8e97-acd43e859bb6,group_84_cluster0
cdfa418e-55af-461a-8d01-797152759729,group_84_cluster0
7934a161-8611-4e5e-820c-172895dabe75,group_85_cluster-1
eac5724f-573e-4c2f-bfdc-6c6dddada121,group_85_cluster-1
3a55f656-5478-4fcf-bdf2-f1b98826b0e5,group_85_cluster-1
73d6b397-f5a7-430e-a251-006932b081df,group_85_cluster-1
4e7d52a2-442e-4bce-98c0-bfdb95726e16,group_85_cluster-1
044571e4-7268-451b-9aad-9b525f3ef7df,group_85_cluster-1
ecca2b4a-e953-4e5f-81ec-0f39bbbc360f,group_85_cluster-1
68107e70-2206-4343-8e99-e6ac55250de2,group_85_cluster-1
29a0893e-9fa1-4de3-8f7a-1e3be097be15,group_85_cluster-1
e61f5fc0-7930-4447-b568-95ed78d5086e,group_85_cluster-1
cad4761d-f502-49c2-9218-7250ed2c913c,group_85_cluster-1
fd9f787a-97a4-4b62-b0f3-a4967a3169ed,group_85_cluster-1
e60236da-c721-4753-9170-5c2e138646ff,group_85_cluster-1
0f5684eb-a182-4ad5-a2b7-ee8c6673d910,group_85_cluster-1
d620cb7e-d871-40cf-8eed-4e5e45d37fe6,group_85_cluster-1
826a1fe4-4915-44ed-9df1-7f9f535222d9,group_85_cluster-1
5273ab2f-133f-435e-9295-8ab8f413e55c,group_85_cluster-1
58192a50-e8bb-43fc-bdb2-10d2559dd78c,group_85_cluster-1
2204940d-26b9-4166-82b7-faacb5f3ad20,group_85_cluster-1
904d9114-5a95-44e9-9217-dd26d2aa3255,group_85_cluster-1
101722f2-22fe-4c74-9e7d-427cbbce9bde,group_85_cluster4
2a45b2a1-9f2f-4652-802a-5b2ebd46af8d,group_85_cluster4
de8334ab-d513-443a-9607-dbc1ad9cbcd3,group_85_cluster4
e6e0ad2d-4e72-40d1-918e-919961076495,group_85_cluster4
84a47c21-a688-43dc-9e69-af051e27425e,group_85_cluster6
fa5e8f39-30dc-4d1a-90a8-ba1aad1fcfec,group_85_cluster6
c3a44fef-72e3-4928-8478-97b2f222de1c,group_85_cluster6
31a66c59-26d0-4fe5-b240-4cc56f005e3d,group_85_cluster6
2e38fc54-6c13-41a1-9be7-e2ccac05840a,group_85_cluster2
694aeaaf-1fd6-4ad3-b63e-37d3fb8fae6a,group_85_cluster2
d877e2a2-39cb-4953-94bc-3e44919cabc3,group_85_cluster2
ee8f34c6-d46b-400d-be9d-354d3bf64538,group_85_cluster2
8bb741d6-415d-4d7b-b686-024aee1bcb08,group_85_cluster2
2c123321-8a08-4910-b9b7-178ab270391f,group_85_cluster0
a60e4a27-471f-4781-b3f5-b645a6b39476,group_85_cluster0
84467c72-2330-4787-9dac-90bf63c5226b,group_85_cluster0
d587bdc5-1a08-4ed0-a1a2-132224ee5c23,group_85_cluster0
3616d11b-65b2-42a0-8d30-4808d7806e10,group_85_cluster5
96270643-8271-40ab-af36-597f1b00667f,group_85_cluster5
80ef0b53-3c34-4df4-aabe-817d11c4c985,group_85_cluster5
54888f94-18f8-4f79-8627-e4c663ca0262,group_85_cluster3
03e85761-13ca-4906-b2ea-a2127b3f6885,group_85_cluster3
7c953c2d-4fbd-45b8-9c1a-e3fff65b887a,group_85_cluster3
cda8b496-448f-41d1-b3db-b1a9a34cbde8,group_85_cluster1
8b79072c-6615-4631-80d2-3f3580dadc88,group_85_cluster1
468737bd-fab1-4347-b887-e5c90bd2b271,group_85_cluster1
7c0243a7-4d54-4ef2-995f-8df348ac10fa,group_85_cluster7
4b97b332-bc26-4d53-ab15-2e17ba06511e,group_85_cluster7
75a46a2f-e070-4b2e-ae0b-9ca01e486191,group_85_cluster7
3361390c-cc6f-4385-b68f-98bcb27522c3,group_85_cluster7
4622d18c-662e-4d14-83a0-e5ea88f4c612,group_85_cluster7
3c432a1b-d4aa-434e-9e5e-85b2892f97b0,group_86_cluster-1
4cfefd38-505f-4805-b156-ab506c14d674,group_86_cluster-1
28c74727-581e-4767-9db5-5ab4a4a1dddb,group_87_cluster-1
38f8ed3d-76d3-4f23-9d4a-6ca8749a93b1,group_87_cluster-1
37fddb10-f42a-4b3a-bd74-7ceb1dc49b5f,group_87_cluster-1
19d2a2b3-df1b-4524-8d63-f2c38a6e6de4,group_87_cluster-1
3415a980-6ce1-4681-92bd-6b4244b01ef7,group_88_cluster-1
a84b14f0-4b6b-4c7d-ad78-736494fc9736,group_88_cluster-1
cff9d68b-7092-4625-8e06-cc5a5e28ee9d,group_88_cluster-1
93d80685-c428-44fa-be10-66a0d4e0dcf1,group_88_cluster-1
fc40f998-3f8b-4b37-81b3-10a84d8f16ea,group_88_cluster-1
386639e7-4fe4-453c-a3e4-14e943941e9f,group_88_cluster-1
0d0dfde1-5101-4431-bffc-bd1bef86b7bc,group_88_cluster-1
29d48e03-dd87-44d4-bfb0-4683ea21e890,group_88_cluster-1
5580fbd4-4c1a-4ca1-bfed-6a46d920b6f0,group_89_cluster-1
d29e822b-508c-45e9-9f25-00760e586d67,group_89_cluster-1
048b1c3b-1ac8-46d4-8791-f5c1d0a9fdf4,group_90_cluster-1
4efb261e-6df7-4bbe-acd4-e2fe4d8b2d9d,group_90_cluster-1
f628b310-ba88-4c4f-953c-652f3e48acf6,group_90_cluster-1
d7edf8fb-6219-400a-a695-3889875136db,group_91_cluster-1
abf97a50-5cde-448a-9903-84978038aa39,group_91_cluster-1
92b27d8e-2252-4088-84e4-756b69d533d1,group_92_cluster0
b5738aaf-0180-4604-b324-aefc80112377,group_92_cluster0
52885e84-edef-4755-97f9-72fffcb7035d,group_92_cluster0
8288d43a-8dad-425c-8902-37d4ff9a52ee,group_92_cluster1
a190656b-40ee-47c5-b71f-6c26b32c832e,group_92_cluster1
40e844f1-8600-460a-9e28-9dce483a08df,group_92_cluster1
ca572b8d-9c30-4c95-b85a-d56d3974038b,group_93_cluster-1
b6fbb16c-2913-4411-a2d6-e903e1d13d52,group_93_cluster-1
fa864f5c-5365-403a-9e3f-8f102d6b4b08,group_93_cluster-1
90708fbb-7ef3-4d1b-a7c7-f0baf97c4292,group_93_cluster-1
774fa8a7-f2f2-4c0e-81e2-68798e08396b,group_93_cluster-1
bf10a79b-ec75-4da0-b3b7-4a7123940400,group_93_cluster-1
cf04d217-bfd6-4743-ae4b-bc98712959ca,group_94_cluster10
d932c80b-b989-463b-aaea-5dbe82e5c428,group_94_cluster10
15f13f65-fc31-4315-8e75-b7691c0e1448,group_94_cluster10
b21592b0-a158-4fe0-a80a-735f4a7c35ad,group_94_cluster10
4b5019a7-1768-4790-a55d-b236917aa082,group_94_cluster10
fc75823a-34bf-40a1-a84e-a5cda9c37e4f,group_94_cluster10
1245a2cb-9b3a-4268-814d-1abef55fa2d4,group_94_cluster10
4add48d9-286e-45ac-8095-b3efeb959b55,group_94_cluster10
a72290f7-b929-430f-b372-826d0002de3a,group_94_cluster-1
405b6954-d97f-42bd-ae9c-c459e736af1c,group_94_cluster-1
fc9c6ada-3bea-4161-b86e-08e63698dadb,group_94_cluster-1
32800d65-90c7-47f1-946e-2a0c211e002f,group_94_cluster-1
8b08c36d-8e54-4ac0-8231-f349cf7f652f,group_94_cluster-1
e33513b9-e720-40f4-81d3-3137b9674a34,group_94_cluster-1
226da120-4ad5-43ec-b0a9-cc0e8027bd50,group_94_cluster-1
2eefab4d-3601-44de-95b4-0fc1f5f98330,group_94_cluster-1
c72baf09-a76b-44fb-97ca-83e2341a66f4,group_94_cluster-1
f70c4cdf-ace9-46b1-8904-e3f0b8e3ed1c,group_94_cluster-1
f0175029-fae7-4bd7-81f5-f3e4b3af5d2b,group_94_cluster-1
41139eff-58d7-4807-b5bc-73f0c904944c,group_94_cluster-1
1016fbec-a461-406f-a7f1-49c230306b80,group_94_cluster-1
ef7ab5f3-d827-4b30-ab39-14393c53f5ea,group_94_cluster-1
cb697a27-c898-41b9-a8af-8bc0d9575531,group_94_cluster-1
ce9c4a5b-73db-41c8-9f5f-8d8c4ce00954,group_94_cluster-1
166b5864-45de-4b80-9fcf-aff85681b2a8,group_94_cluster-1
55c4ab88-7ee6-43fd-bc2d-aa424022a2eb,group_94_cluster-1
b0c9ff0e-3e46-49d8-8588-c4f965520664,group_94_cluster-1
70bfd378-f3c1-4839-accc-c4ed148fa04f,group_94_cluster-1
a8997f4f-b6bc-4edd-8bf7-f6655977dc79,group_94_cluster-1
edab7360-8c30-44e7-a189-8188262cfbb9,group_94_cluster-1
dada3cbb-e98d-44ab-9f7c-1b2d22a8f8d4,group_94_cluster-1
50d57569-9501-4c11-8cef-5c38dbecf205,group_94_cluster-1
618ecc22-2786-466d-9ff1-9f160674604e,group_94_cluster-1
987a16b3-db73-4db6-889b-3ef83e39d8ca,group_94_cluster-1
fc27b381-095c-4f68-b611-87693d7e564e,group_94_cluster-1
54b61c7a-632b-429f-a280-5783b974534e,group_94_cluster-1
8ab83900-25c6-471f-bee4-50199f137d53,group_94_cluster-1
b3d5bfab-9716-4396-a12e-8dabf24d100c,group_94_cluster-1
4c03bfc6-e305-47a1-88ca-5bb8ff413054,group_94_cluster-1
1ad01bee-4a64-46f4-8f1f-233eab7cd8a3,group_94_cluster-1
390fa57d-7e9e-4a2a-9986-fa564559bb16,group_94_cluster-1
5cb317d1-3703-4aeb-91e5-07b58aecb985,group_94_cluster-1
7a7c4162-deb7-4a75-a76c-8ffb8ace20d0,group_94_cluster-1
467ed2ca-c4b2-4e7f-907f-344949d96060,group_94_cluster-1
53df26fd-0c9e-415a-b295-cbd0aad31789,group_94_cluster-1
d3e0e365-0553-40ca-8a1f-67818958660e,group_94_cluster-1
16faee55-a331-4f9c-8e1c-a8d5867736e9,group_94_cluster-1
03f2624f-ec26-49d9-aaa5-d74d9fa67c9a,group_94_cluster-1
e3947d4a-1ce9-43e8-bdd7-a88a35c33ed4,group_94_cluster-1
42a79a39-7b14-4d66-aca0-15e8d909e222,group_94_cluster-1
6a0fce76-88c7-49df-961a-2a487a045db4,group_94_cluster-1
bb074d93-3176-4027-ad1c-17eaba7b2266,group_94_cluster-1
2252f63b-c1e5-4aa1-9705-ec56139cc85b,group_94_cluster-1
dbf43132-f875-40ef-9949-bfe366298715,group_94_cluster-1
6abe6133-c1fd-43b3-91ac-33108b680559,group_94_cluster-1
d719dc63-106b-47fd-9d97-83828c1a8c0a,group_94_cluster-1
665db894-5406-46ce-ab8c-ac8919bb34b9,group_94_cluster-1
1dc0aa06-b43a-4bae-a37b-1e6ef4ecee2b,group_94_cluster-1
e6819254-8179-445c-b9f8-fb5b73491470,group_94_cluster-1
3b2fdceb-4bef-48ad-a183-6fd4bcbc0c43,group_94_cluster-1
5c7cf601-487d-4b42-9096-59877b9a4aa2,group_94_cluster-1
6f2bb3fb-9f97-470e-b6f8-ef673db5dcf6,group_94_cluster-1
da60b0c2-d461-45f4-a14b-02f0cfd84b57,group_94_cluster-1
048b74fd-199c-4440-a146-78e1f4a49c39,group_94_cluster-1
698fbe55-d608-4754-837d-43f9ba2fbbcc,group_94_cluster-1
ede95d40-7f1c-4c1f-9c5b-e051872eb0ad,group_94_cluster-1
990f2979-d331-4342-99ab-6db140c69821,group_94_cluster-1
11eea17d-0cf2-4922-af98-cd4d39e2f2df,group_94_cluster-1
6063fa50-e650-4b23-b808-1e450280242d,group_94_cluster-1
76af2e4a-6670-426f-b704-dd6459b3734f,group_94_cluster-1
1da2877c-e7fb-4334-84ef-a9a371bd0891,group_94_cluster-1
3fe03846-10da-4e51-b764-e7f1bb1ee95b,group_94_cluster-1
c448c640-0682-47da-846c-c96913649677,group_94_cluster-1
eed17bb5-528a-460d-bfbd-938f0a9d909c,group_94_cluster4
baa9e666-3fd4-49ed-ad49-b185b57c8345,group_94_cluster4
210f031f-d1d0-4a05-ab90-f002d445918a,group_94_cluster4
36534b3a-88d8-451e-be18-1c0c6ae1d6d7,group_94_cluster4
ef01ca9e-8107-4919-89ec-9d5a98d55eb5,group_94_cluster4
40e26fd9-8eff-4b58-9a20-50f20cbaf584,group_94_cluster4
f578fa40-36af-481a-ae07-abeb97e8e41c,group_94_cluster4
5bd6f96c-8546-4250-a419-27816fc6be2e,group_94_cluster4
68777024-30f3-441c-8dd3-853360b85d0a,group_94_cluster4
b181fd14-92ab-430a-a2a6-d77e89245662,group_94_cluster6
93ba1c5a-44a5-4675-91b6-73f54af3b96d,group_94_cluster6
7730e649-83e0-483e-97e3-276646eb891d,group_94_cluster6
ada4be1d-2651-47e1-a7b0-4a406f2813c6,group_94_cluster6
868c95e3-3a81-4fc5-9a0f-188c792a5194,group_94_cluster3
e912e8bc-0751-43ac-96ca-1ea67c8c96c5,group_94_cluster3
805b453b-b5d6-4dd2-abe5-0f12bb1fed1c,group_94_cluster3
acfe8f13-0bf5-46ba-87e2-1e0d7e97a081,group_94_cluster3
ff895de4-09f1-44e5-a7c1-5d364c246553,group_94_cluster30
ecca9687-e1c3-4fb5-bbb1-41c80645cf5a,group_94_cluster30
525843c7-1d74-41bd-a8eb-841676df2f3a,group_94_cluster30
feab4a2e-bf47-45e6-91e2-1854cc7d4552,group_94_cluster30
fbd01391-1ba0-4070-be76-e495bf64290e,group_94_cluster30
ee943896-2197-4ab4-b1b3-2b4a5e2402d3,group_94_cluster30
24e9e91e-8166-4de5-be14-df040bbe1dc2,group_94_cluster30
97230343-53cc-495d-a77d-425fdcfd388e,group_94_cluster30
c1041e00-6a3d-48d5-9c84-8e6df54aa8fe,group_94_cluster1
1fa85663-f939-49b8-8f1e-7a53b8199fb1,group_94_cluster1
68a5b7c1-1564-4931-b7b6-fa4f61df90d9,group_94_cluster1
86d82b45-0f09-44fc-b980-718fb6ebf6de,group_94_cluster1
95dca58a-852a-4062-8876-ddd519b4d45d,group_94_cluster11
d47fe1d1-9c72-4de6-a389-8387f3bb359a,group_94_cluster11
8c469679-5f03-48c6-8c16-fec1f3af4944,group_94_cluster11
740c0ec0-fb8f-42b7-8592-32531884dda1,group_94_cluster11
72f2bbd9-8b11-49c8-969c-a5ecdebf3ca5,group_94_cluster15
00899961-7b80-47fa-b25f-3255c2d7e400,group_94_cluster15
d642b512-3d7f-426f-be62-3c5f9a45f9f4,group_94_cluster15
d416a7b0-6d32-48da-9e2d-0bef0534c121,group_94_cluster15
53882949-faf6-4430-8ab6-749b656db810,group_94_cluster15
853a222a-408f-4511-9685-5e3412b05cf3,group_94_cluster13
4e847fe8-ff12-462e-b74c-d7848fd507d0,group_94_cluster13
47f2c2dc-d47b-4e7f-891f-8128f5c3ac83,group_94_cluster13
aff01c4d-99b8-4c98-aade-da60f99ed2cb,group_94_cluster13
e3214b45-31b4-41c6-9724-736be25e86dd,group_94_cluster13
2423a62a-1ebe-4644-97ac-9925309d7090,group_94_cluster13
dedd28a5-af0b-48f4-a19e-d1f8244e176f,group_94_cluster7
070d9235-413e-4ff3-a434-7230c4752341,group_94_cluster7
ee6eed55-b60a-48df-ab91-8a3d59577f0d,group_94_cluster7
299db49f-32ef-452a-b098-aad384a7c341,group_94_cluster7
0b8d96ed-c2ea-4919-b76e-17db349041d6,group_94_cluster27
1dc5332d-3694-4875-9073-eb979444af9b,group_94_cluster27
927af712-b43e-42ea-8913-3d5f4c41abda,group_94_cluster27
88018040-1e6f-4904-b591-d98cc5a29983,group_94_cluster27
78657eb6-86bb-471a-ab28-f83e1bbdc4a0,group_94_cluster9
c087b957-20d7-4c2a-83af-0364aaba97f9,group_94_cluster9
3d72ffcd-9ac3-4fa8-ac47-7a34cc032344,group_94_cluster9
8fd96f9d-d216-4124-86e4-77b176c5c549,group_94_cluster21
780d1834-44cd-411b-9ef2-f7d413214a58,group_94_cluster21
d921b05e-9d1c-41a4-b923-a8766bbd654f,group_94_cluster21
3456eed3-6249-4bbc-a17f-2fd3d83f04af,group_94_cluster21
39332a6d-9690-4c5c-b551-f2bda2310b49,group_94_cluster21
afd5a3e3-0712-497f-a6f5-ec4cfe3d9fb7,group_94_cluster16
2e444b56-c2d0-4bf7-aca1-b9d0f36f75fd,group_94_cluster16
64117253-ad3d-4da9-b962-d827e3536847,group_94_cluster16
ed104502-de36-4946-928f-f49d13237f2c,group_94_cluster31
70fc13a6-8119-4178-a44c-79593e4983f9,group_94_cluster31
0078a1e9-0df8-49dd-98bb-1b1769caaacd,group_94_cluster19
f44d4063-de54-40f0-b159-87b650926934,group_94_cluster19
abba4a01-7c1e-465c-baa0-d8f5b07aa0b4,group_94_cluster19
f6f6895c-a437-4154-90a9-03884d5b142f,group_94_cluster18
cba99f6f-97d5-4738-bf37-094ec3c7f3b7,group_94_cluster18
aee12fa9-114f-4fe2-9f55-8d6b65bdfff9,group_94_cluster18
e303363e-8033-4ae1-a026-a3e3b1f5048a,group_94_cluster18
853dd2f5-ada2-4147-b2f9-fc6ab96424c2,group_94_cluster18
31fe38da-29fd-4017-8f49-6b6588dabda1,group_94_cluster23
0e287a72-14c7-40d5-af8a-6a9c45a76f37,group_94_cluster23
126e4874-eec0-48ec-a418-9ba03ec4d381,group_94_cluster23
fbe7e9e1-a8c1-48ff-b1e4-8f173749c3e5,group_94_cluster23
95c5e411-99f3-4ea4-a60c-7ec810b38be1,group_94_cluster23
e6dabd26-3cb6-497a-8403-2e0bc008bb20,group_94_cluster17
6c2b1722-be70-4a26-8a08-86fd2169a4ea,group_94_cluster17
8c8fd6a8-21af-420d-bb7c-92bdfaa352e8,group_94_cluster17
2e714b0d-4100-44ba-a70f-382d4d47a2c8,group_94_cluster17
8c87f7ce-8e5a-4541-a784-ca5577c7d99b,group_94_cluster32
849e435b-cd04-498f-b86b-952c5c897b5f,group_94_cluster32
d04432bf-8972-4f1a-9871-fe3026c31ab6,group_94_cluster32
a3f7a49a-7e2f-4262-8627-91d420987bf7,group_94_cluster32
4d9e4361-7f5c-4b6d-86d4-647e414aa0ce,group_94_cluster8
18b439f4-1a74-4348-9d15-a20f3c20cd64,group_94_cluster8
08623f33-5196-4d56-8bc5-ac7b7636039d,group_94_cluster8
e9a93a62-7e82-44f6-87ba-ea2c5547b488,group_94_cluster8
2d1177d9-45c6-4933-9e36-ca58f4e59186,group_94_cluster8
1c04e6ba-0c0c-46c5-87d2-3ad3ad70cc00,group_94_cluster8
304f8be8-012e-480b-8e03-39ca68f8fb6a,group_94_cluster8
5f5f6f99-b3f5-4770-a898-3f7a843ce729,group_94_cluster8
66302fa0-5ecf-4f37-9040-0c2042a07579,group_94_cluster14
b4970d18-3550-4919-9797-e51fb7283857,group_94_cluster14
8793655a-2bb6-42ed-ad8a-c790b3767847,group_94_cluster14
129ead14-a3b8-45a2-afaa-535a21ed9292,group_94_cluster14
71a746e0-1e20-4fa5-9df7-f06f474399b6,group_94_cluster14
087e3f4c-80c9-45d4-92c7-17d9076b72d7,group_94_cluster14
87b4841d-f09c-4dc2-9375-a1f4bb15b299,group_94_cluster25
9ba5918d-eff4-4911-94b6-d6e4eec6526a,group_94_cluster25
06decb4a-4be1-47eb-a258-7be6183ebc07,group_94_cluster25
71452072-f938-44d8-a658-bbcc35800711,group_94_cluster28
f38fcc56-a290-430b-820f-20c850cf826f,group_94_cluster28
0c5e6b19-e5a7-4e54-8692-6a16b748ee07,group_94_cluster28
6135318e-1700-4591-a7eb-4f8a24d1fbed,group_94_cluster28
157c0403-71c8-4381-90f6-865c8da7d5ba,group_94_cluster29
7fd326fd-c923-4430-8813-beb3ab6ec7de,group_94_cluster29
14ea3dfa-b253-4573-a3be-0a11111b79ed,group_94_cluster12
8ab6ba56-05c2-42d7-bac0-971360c36bf1,group_94_cluster12
4e3a5e1d-2e08-4689-9592-eec1bd5f9cb3,group_94_cluster12
e129abb8-e0e2-484a-b37e-ee2e8c9c7e26,group_94_cluster24
3e25fc3a-22ee-4e97-9646-8af1caaa1748,group_94_cluster24
bfab64ed-31e5-4f46-b882-c77c27948f9a,group_94_cluster24
b22caf0f-b344-44dc-9f83-da7e9d212a0d,group_94_cluster20
9545839d-a6a6-4fd8-a5ff-ae13acf32766,group_94_cluster20
cdc750ac-7413-4172-a32e-760a72f3168c,group_94_cluster20
b9ec3c4d-a37a-4aaf-9122-666292946289,group_94_cluster26
34a82ffc-e8a0-4fa2-84b8-a54729a039b6,group_94_cluster26
11011dd2-5ee6-4012-9e1d-63541e5f8f27,group_94_cluster26
9a700282-d1e0-4f74-8b29-76faada98c5d,group_94_cluster5
2190b9da-f15c-4c63-82ea-9715d0de5fdb,group_94_cluster5
9596f484-7dd3-47f0-86a3-26be96bedb66,group_94_cluster5
4437cc10-78bf-4851-abe9-e65df1410249,group_94_cluster5
14eb7555-1c5f-4e8d-8c80-2b25fa544834,group_94_cluster5
a2d072b4-9898-43ad-b0f7-307829c50110,group_94_cluster22
185b1906-93ef-4689-9e2f-6c0c54066dc8,group_94_cluster22
cb7ed616-589d-4790-bd7b-1307e8d43bb8,group_94_cluster22
f581828f-aa0d-413c-8ce1-658a9562386d,group_94_cluster0
59c1f678-f7b7-428d-ac2d-81bb8df09672,group_94_cluster0
53fa2e1b-a4f1-4ccb-9c5a-13d91fa8028f,group_94_cluster0
bf4da8e7-5c8a-45ac-8e62-ccaed9f03556,group_94_cluster0
f2693052-dd64-4444-810c-55e317310e9d,group_94_cluster2
fb0d497a-b33f-41d7-87c5-f084f86b9e2f,group_94_cluster2
cc9e711e-8a02-44fe-8560-c6a5c4d600db,group_94_cluster2
3379a3a7-a1fe-4714-8f26-7d6d52bbfe69,group_94_cluster2
1ea46650-09ec-4ba2-830a-677eeb3baa63,group_94_cluster2
78b125a1-fd3d-4655-b822-fb59a6f2816c,group_95_cluster22
453ffaa3-c2fe-426e-9fd2-d1104b6f8a81,group_95_cluster22
faba7fab-f8ba-45e6-b4fe-f7c1ef488063,group_95_cluster22
4f7997e5-afd7-4e1a-8cbc-fad8f5b420e8,group_95_cluster22
cffceb24-f078-4a8d-86eb-a121ac95a452,group_95_cluster-1
e8278753-0d09-4a87-a8d6-eaf0fad28c2d,group_95_cluster-1
3cb1aadb-c260-4a8e-b552-7015434183d2,group_95_cluster-1
71f21359-4799-4c85-9f09-f67708d5b064,group_95_cluster-1
bce78652-2924-47af-b023-ada5a859708a,group_95_cluster-1
eed23486-ba4b-4525-8409-7ad0c126eede,group_95_cluster-1
b19c5393-f496-4c07-aedc-9ad7f278b2a0,group_95_cluster-1
c90e871c-7ed4-43aa-b449-78830bdca533,group_95_cluster-1
f9f66e42-7202-48db-9954-968880e663bb,group_95_cluster-1
f8273643-a69f-4a6c-8490-25c1624c606a,group_95_cluster-1
345d2c79-1ede-41e7-b321-8c9de4d362dd,group_95_cluster-1
07f1d43a-3275-4bcd-97ea-876f49763acd,group_95_cluster-1
f0f74b64-b638-4380-b19c-41433c9d44c7,group_95_cluster-1
0f3c3727-4f80-4570-868f-6867ab3d4b70,group_95_cluster-1
0c9e5cb1-cd74-4efb-8aba-1c0ce3865261,group_95_cluster-1
c0f08ee4-48a6-4c72-aafa-ed1dcad40138,group_95_cluster-1
5139ab31-df0c-422f-81a2-08ea67fe0aa9,group_95_cluster-1
02c59335-f02f-4d76-a0de-23edb46f7e6b,group_95_cluster-1
a28fb5a4-5c9a-402d-ba16-26b5609d32e4,group_95_cluster-1
6cf722f0-cb82-445c-b129-0bf5c711249a,group_95_cluster-1
122192a4-a00b-4174-8d15-ecf731c7f1ea,group_95_cluster-1
335d7dae-8a65-4ddd-b7fb-a00745cd85cf,group_95_cluster-1
0044dd45-5f74-490c-992a-e5a502748c30,group_95_cluster-1
ab5fe818-f49e-40c8-9e0f-570865e2e32a,group_95_cluster-1
f951ea99-50e1-436d-be0a-f4915ad8d1c6,group_95_cluster-1
4add907d-2361-4935-9e18-05ee39c25cd5,group_95_cluster-1
8044905b-3436-4f12-a4c1-b05697e6afa3,group_95_cluster-1
3504a561-1f6a-4d12-9944-93bfe72b3722,group_95_cluster-1
c31bbf2c-4424-4125-abc2-d756c8a7c6e4,group_95_cluster-1
bbfdf9bd-5710-4cd5-ab0f-bcf131193056,group_95_cluster-1
4fa9329d-68a0-4874-9aa3-eb794efa53a8,group_95_cluster-1
9d7f09fd-349b-43f1-baa6-cf8f3c9255de,group_95_cluster-1
a3cdfba8-ba57-4b4a-9df5-5312cacf5f6d,group_95_cluster-1
b54e6bf6-d2aa-4de6-ac2c-8a0e8c05d680,group_95_cluster-1
e1e08b77-03ea-49a5-81bb-dfa206c8d3e1,group_95_cluster-1
a1edad8a-ebf2-463c-af28-3bd646ce3b8d,group_95_cluster-1
b9e7303d-b7cb-4f73-b9dc-99dcbf088b21,group_95_cluster-1
dccbad6e-c1a2-4a3d-ac53-562f21fe62a6,group_95_cluster-1
4839df9c-8897-4567-9e32-83063d1e3e95,group_95_cluster-1
81564d34-f579-4625-925a-b38b1187f90c,group_95_cluster-1
ff22e8a0-80a2-4fcc-a8fd-a7dc0016679a,group_95_cluster-1
c37e574a-d064-4e85-91b4-7dcdcecefa2f,group_95_cluster-1
cbd7dbf9-4345-433f-94ff-069b3b1bdc2a,group_95_cluster-1
79f3ed84-f46e-4f97-b55f-693d507e153f,group_95_cluster-1
0e4216ca-7def-42a8-bc34-53a4789dbc13,group_95_cluster-1
cce31abe-b680-4a15-9ffd-f63625691d4f,group_95_cluster-1
a773adaa-0615-4bb8-8212-cb9cd167f5a3,group_95_cluster-1
927339a6-b108-489f-ac7d-f4804ec4ab6f,group_95_cluster-1
123e6ce2-9fdb-4e98-ae90-15af2ce2c954,group_95_cluster-1
aa470819-1931-4e06-98fa-7fa3a66009fb,group_95_cluster-1
c02320e2-5c8e-4ebc-8744-5c3a2861bdec,group_95_cluster-1
9f1d257a-eb8a-49f3-ad7f-410623297852,group_95_cluster-1
69613273-1817-47fe-a177-5d4197b35c83,group_95_cluster-1
958c72d4-6a7d-4366-8e1a-c594bc7564cf,group_95_cluster-1
959208f8-a21b-43a1-8a8c-e3a13796d7f5,group_95_cluster-1
420fe8bd-ec5b-4a12-a987-c648fb4fa82d,group_95_cluster-1
dcb82a71-b0c1-4b3d-a18f-885455a6e5f2,group_95_cluster-1
38a6417f-d0ca-4cf4-8c0f-892e1b5401a1,group_95_cluster-1
71dfd26c-55a3-43b7-abb6-f88ee8174708,group_95_cluster-1
da6b26bb-c420-41dd-b864-ce9fe74a16ca,group_95_cluster-1
7389c3c1-0ca0-4241-836e-310ef7cffc1d,group_95_cluster-1
3e6d647a-c49a-487b-940e-4f1697616754,group_95_cluster-1
284f8f0b-2e55-4bae-8064-9a2bc6e1e559,group_95_cluster-1
c35a35c4-9ef5-4979-8b77-ee8be20c8b51,group_95_cluster-1
3c97e610-81c6-46bc-a26e-4086cb73ee6b,group_95_cluster-1
92f356f5-6413-47c5-b05a-f7689ef28229,group_95_cluster-1
6b091fea-5806-4348-af3d-e9e9cc07bdd1,group_95_cluster-1
d7de7b05-1a58-4df9-8604-6b56d134524e,group_95_cluster-1
aa622797-746a-4d30-aea8-cb192d24e232,group_95_cluster-1
5e790352-736a-4ff3-bb25-ace771b05175,group_95_cluster-1
1f0fada6-6ea9-4c2e-934f-ffeba89913fb,group_95_cluster-1
52afa186-1b39-4e56-b3cd-1b357b8a8ecb,group_95_cluster-1
49100337-a442-4898-a6df-acb33bf19c97,group_95_cluster-1
bdac37f3-be09-4e1b-9567-f9bf9e5d2d17,group_95_cluster-1
79aa9c0a-3a50-4e9f-9e82-46c1929c37b8,group_95_cluster-1
ea8e70b2-f32f-4c2a-b304-a6068b131ca2,group_95_cluster-1
2b226983-b4f5-4f17-bbcb-006f1e5a65b6,group_95_cluster-1
7ec82178-8bd2-4a1f-bb19-9ac519b89d0c,group_95_cluster-1
05e807c7-9428-41a3-a272-d44aefc88b55,group_95_cluster-1
705502c9-866c-4f5c-8b6d-5338bdb9d7f4,group_95_cluster-1
91f745f5-4125-4c45-9191-e8771b1551af,group_95_cluster-1
ff172d3a-99e3-46a2-8e2b-ea4df43adb6e,group_95_cluster-1
b61a04a3-1157-4259-bf52-04214a2b7bcc,group_95_cluster-1
731861c7-6181-4aab-b7f1-575b2717b555,group_95_cluster-1
22491b9f-d6a9-4a8d-ac88-12b7d3be3f78,group_95_cluster-1
f6ddd3bd-0906-4dac-9ba4-3ece7036ac0f,group_95_cluster-1
c8c26f59-88c3-4ce3-85b8-f5f70ce03620,group_95_cluster-1
2222bc11-70fd-4ef5-bcc1-172b59d06c87,group_95_cluster-1
8320a1ba-92d8-4403-9c8d-582163646d4a,group_95_cluster-1
2595056f-e916-4475-a1af-6eb78dac6829,group_95_cluster-1
d91165e8-f32b-4c68-92c7-be19f300dfc6,group_95_cluster-1
1f312052-3cf8-4efd-9682-133a71c2ecfd,group_95_cluster-1
33841f3c-c843-4778-97e3-41b62479506b,group_95_cluster-1
d6b008b8-c5cc-415a-bc15-1468a1125bbc,group_95_cluster-1
7b3b5d63-bd9b-401a-b9fe-5cd5d75eb2d7,group_95_cluster-1
3b22a015-0258-4ea5-a11a-2fabd51be559,group_95_cluster-1
16b46ea8-9c4c-483d-9fba-e7e7ae65bd21,group_95_cluster-1
529f29e1-9d69-4530-9df4-d9f89bc35afc,group_95_cluster33
401e943d-537c-43ba-872d-24fc9575c090,group_95_cluster33
bce2cbfe-5ca1-447b-b83d-2d86a75ed273,group_95_cluster33
9c2d47f0-7899-45d1-9cb4-8a3ec3328062,group_95_cluster19
321dea85-9902-47d3-a3e7-2a357e668500,group_95_cluster19
2fde22e9-57a3-4cc1-b6ea-6e3523d324dd,group_95_cluster19
0d33c811-2a3a-4947-8537-a1ef14dd8596,group_95_cluster19
93270ccf-c68c-4289-b5c5-7cacf8b7eb5d,group_95_cluster19
640551dc-e39e-4f8a-8a6b-b3d7bd119852,group_95_cluster19
11578830-ce86-4457-b276-5b5862fa2ce6,group_95_cluster19
a2966288-1363-4d41-81ba-73440ce5d79b,group_95_cluster19
781f9d15-f50a-4d1b-bee7-478d6e40fd08,group_95_cluster12
69a401a4-4bd3-47ba-8ea2-ec45255284b0,group_95_cluster12
f7462980-0fca-4397-a7a8-44edd4ba82e4,group_95_cluster12
b1b4c648-c924-4d21-94a4-289ad09f9323,group_95_cluster12
e6c6b630-af6a-4dd4-b059-3ac33a7bc8b1,group_95_cluster12
ca6d0ec8-0509-4f17-b8bc-de21c90c5b8d,group_95_cluster12
37f25649-4471-4503-ae8e-eb66dc78d807,group_95_cluster25
4aee825d-9ab9-4ac4-a11a-96229ce6f3ad,group_95_cluster25
74d440a9-485b-4d9a-ace8-350e47a0b36b,group_95_cluster25
01eb2436-909d-43b7-9fdd-9706adb4ffaf,group_95_cluster25
7b7e26d3-9b97-4f39-8b80-17a715aa4aa2,group_95_cluster25
24407730-a85f-4fde-8e6a-359704d652aa,group_95_cluster25
827946d6-395b-4ad5-a258-b19e64b56f0c,group_95_cluster30
061c6831-463c-4990-9e91-62a4a21fe539,group_95_cluster30
91057355-16a3-44ef-a0f8-5cd11b3a7510,group_95_cluster30
bb9fad58-bdc0-4092-be40-fa4ea75effcc,group_95_cluster30
c933eeea-156f-4542-a342-154362f06bbb,group_95_cluster32
02d4ab36-e391-4e9b-b310-f4ea932a40ac,group_95_cluster32
d201917d-2f0f-4635-85ab-caea6046b26e,group_95_cluster32
8c623bb1-687c-44fe-b5b3-2ff982b84dbe,group_95_cluster32
82dac059-10ba-4d02-a0c0-1b5c82cd3cab,group_95_cluster1
f3971e98-ff00-4f2d-ad0d-958bdbc475c6,group_95_cluster1
07b26be7-e6d7-43d3-8778-6ddc2b8855c9,group_95_cluster1
42c6008a-ab64-49a4-8bda-b1b7b4820a8f,group_95_cluster20
d762fa7b-e7ac-45e2-955a-2854b74b41a4,group_95_cluster20
d6fbb21b-34ad-4e08-8707-70f91ee6dad2,group_95_cluster20
dea3e360-a729-47c8-a8be-a38f954fe855,group_95_cluster20
64cb4b7d-4aef-4899-9013-1893ca4c2086,group_95_cluster11
5ac4222f-fc65-448f-a46b-ad7001b9bf68,group_95_cluster11
3b45d664-c878-42a6-9dde-69709f2b54f8,group_95_cluster11
cb78267e-a68b-467f-abbb-3fa14239a656,group_95_cluster5
a2631663-e26c-41d8-a55a-7015f1542486,group_95_cluster5
71280aa8-1666-4324-9e34-bfdedee60c34,group_95_cluster5
47b4d624-823f-4e9b-8caa-05e8d49f9ddb,group_95_cluster5
cb1f0ccb-0f50-4ca5-adab-601c36793813,group_95_cluster29
bd0f5957-9e0b-4f0c-ac82-f0e68b14f4e3,group_95_cluster29
d44b94d1-367f-4e3c-92a3-d44ddc6e8bcb,group_95_cluster29
5b46260a-8d2d-4e08-ac47-8cc20b5ac9c3,group_95_cluster17
601a3bd6-d208-4573-a319-9b54aed242a5,group_95_cluster17
eea7a7d7-cc90-4dad-babe-9375b48d940d,group_95_cluster17
84c60cce-9476-4157-9ef0-dfa7cf0a8dee,group_95_cluster17
5e99886c-3309-468f-85ab-3a55fcae4d0f,group_95_cluster15
d2ba49ae-63ff-4a32-99e3-2368aae8aea9,group_95_cluster15
17fc0344-50ef-4a13-b637-bf9443a32253,group_95_cluster15
8e44ad85-2bc6-4094-9544-ee76bcd4feff,group_95_cluster15
153b1dca-d9a9-46c0-8a3b-55bc095be739,group_95_cluster15
118f95a3-4d68-4918-a42c-455a2e40f2be,group_95_cluster15
7f5ea02d-6060-447f-b602-14c24ca24d65,group_95_cluster0
e0c6d350-f4ca-46d0-be2a-584ae3e6a88d,group_95_cluster0
d19f6c81-8766-481d-961f-1a56ec27a702,group_95_cluster0
98a129f1-21a9-49dd-88fa-64da7f4f1baf,group_95_cluster7
293a2c33-6736-4ed5-8333-21f9042b8cae,group_95_cluster7
58b7a59b-7f9d-4bb5-9a4b-98a9351cffa4,group_95_cluster7
802f147b-5915-40c4-947f-0e54010a58f4,group_95_cluster4
f34fb762-c066-42d8-a20a-3c153923f9ce,group_95_cluster4
a206dd19-57ff-4ff4-908f-6b8f511a037f,group_95_cluster4
95bc3b76-87dd-4348-b861-eb58d0da0e05,group_95_cluster4
340f4172-cb9e-4395-83ee-aecc37143678,group_95_cluster13
a3a883b1-b514-4931-ad43-8c99e4a5f3d8,group_95_cluster13
aa93a90d-8fe1-4700-87eb-f37b7bd9d396,group_95_cluster13
55e616fd-5c13-4b05-a910-cdb54a839ad7,group_95_cluster13
c8347157-b245-48bf-9bd0-b7116a7152ea,group_95_cluster13
0629467a-cd16-4293-9fd6-e25dbdd0e3a2,group_95_cluster13
537ee201-bb70-4275-89e5-edbc0200e6af,group_95_cluster13
2281c0d5-7a4c-482e-aaea-458992d663e2,group_95_cluster21
fee3aca0-a206-4e8a-b002-0991ebd07ad8,group_95_cluster21
d94013e6-3cb1-4c08-8955-3d95f231cc02,group_95_cluster21
3a492748-6a51-4afc-8373-3229ed9fd8cc,group_95_cluster21
cc5a9ffd-7bba-433b-8799-5860b6200044,group_95_cluster9
f080c800-5fb2-4c50-9edc-a4770fdfba1f,group_95_cluster9
4540cd0b-1de4-48c5-8dcc-0540499a447b,group_95_cluster9
6c7b8f18-c209-47d6-a3d0-f47832c9a16f,group_95_cluster9
14b06b75-dd9b-4edc-8f22-1c369809bd98,group_95_cluster6
c70bbc94-cd38-4b77-9409-3928eb43a7fd,group_95_cluster6
4fcb8feb-64a7-4bf5-bd83-ef8b7174d1b7,group_95_cluster6
5a98c7bd-b58a-4646-91ae-ad6fa8eb92de,group_95_cluster6
2d6a7fcb-b6e6-47b6-aad8-92b0bd18835a,group_95_cluster28
c739368b-ea28-465e-b0a2-053cf05470c6,group_95_cluster28
018f24a4-f732-49b1-b624-837b8e6d4907,group_95_cluster28
25ceca11-b972-42de-9e9b-001fcf09cef6,group_95_cluster28
a0dee680-d0ff-48fb-8987-1fe08c94b0e7,group_95_cluster31
b4bf166b-f7b4-457a-b29d-6351f6e20840,group_95_cluster31
abee6e0d-2388-436c-b418-cad612b90560,group_95_cluster31
0d1dee7b-d4b8-4353-90d0-da6400b093b9,group_95_cluster2
7cc0e80f-cbaa-4a9b-98a4-049d812aa23f,group_95_cluster2
0fba49fc-cf54-4efc-b0be-609d05a5e3e1,group_95_cluster2
a981e476-f9a8-4aa7-8433-7c1d0d45b8ae,group_95_cluster2
ca3011bb-4019-44b7-b0b3-44e23b91ebfa,group_95_cluster2
6c045dce-5fb0-4f2d-9059-8dc526acc7d9,group_95_cluster2
c4536f6f-d489-4d28-a241-4b60f0186321,group_95_cluster2
3cab970f-2898-4d38-a31f-544f01f23653,group_95_cluster3
59519c67-8c08-4402-835a-8d9371ac4133,group_95_cluster3
c01ef487-2412-4519-9b48-2a357ad8725f,group_95_cluster3
5a7e15e0-567f-41bf-b8f9-4df036a51cbf,group_95_cluster18
a47d842b-85d8-4e99-b1a3-035fa97df0d7,group_95_cluster18
42a9667b-12bb-43f5-83d5-6364d793caf2,group_95_cluster18
4090b234-bc80-45b2-8a5a-d4c5e775ff0a,group_95_cluster18
1411d9cf-4855-4d7d-8cd3-630088ffcdab,group_95_cluster10
87c5a043-c8f0-46fa-a4f0-9eee570e63c2,group_95_cluster10
e3778fe4-43f5-420f-a082-484713dddd5a,group_95_cluster10
4fbb391b-d08f-4c8b-9f33-589ca07b5e57,group_95_cluster10
9a7e253a-d017-4921-9d8c-8d71cf3cb67b,group_95_cluster26
ba4b0663-21e1-442c-a262-4b154b2c9a7f,group_95_cluster26
786083b8-870f-45cd-a7d3-82fe957563b3,group_95_cluster26
9f5509e5-6dc0-4989-921c-78d703615242,group_95_cluster26
ddca7769-2895-4dd9-b400-f3c6086f7895,group_95_cluster26
ca80f4c8-2fcf-42d5-bdd4-e5088b07c988,group_95_cluster27
d79e73f6-6ad9-412f-b628-b93aeba51e9f,group_95_cluster27
c2e29140-d03e-41e9-92a6-e1941be9d728,group_95_cluster27
5ea9f250-0151-42ce-9f59-3d30c86b6f25,group_95_cluster27
852d26f3-0f95-4134-82d3-4de0dd0e86ce,group_95_cluster14
7df89966-7cad-47aa-95c9-1c1e55199c17,group_95_cluster14
418bbca9-e635-480b-ad86-ee21a1083810,group_95_cluster14
db3ee70f-1d6c-4ba3-bc37-bf33396f16a2,group_95_cluster14
3b3e8e51-297b-4799-aa59-5fdab245c47a,group_95_cluster34
bbe5812b-35be-4e3d-ae29-aeaccbbe0e63,group_95_cluster34
2335b3c5-9d2a-4c0a-8ace-cb1dac360cbf,group_95_cluster34
bb765472-d2c8-4bf2-b5a7-11687464444f,group_95_cluster23
3a5fc936-763a-4a75-b5e1-f2b321656ddb,group_95_cluster23
236c86da-cece-40fb-95bb-38c7a6d38a8a,group_95_cluster23
86920b0d-5ab3-4768-b792-777a8a1cd59e,group_95_cluster16
527b956a-8e3d-446a-aeaa-f94832f4520f,group_95_cluster16
67c82fd7-7494-465e-ad72-e517611c5267,group_95_cluster16
a978bcde-bdbc-4be8-951c-0253545dff0c,group_95_cluster16
f3ac16b1-e31c-4f9f-8d15-67a8adc66e06,group_95_cluster8
d14ab15a-9922-466a-84ae-e21a8dab77ea,group_95_cluster8
e22055bb-ecac-4d2a-9c8f-65f22ba0120f,group_95_cluster24
e0e794d4-d599-40e1-aaf3-1d6253b15ebc,group_95_cluster24
f871168f-722d-42ee-a881-d3e7f5d79ac4,group_95_cluster24
1f08da27-0b9e-4fc0-9afa-6ed51f21b642,group_96_cluster-1
15f92094-f138-4558-b21f-bc73f5c240bd,group_96_cluster-1
beebb5fa-d15b-4fd0-83df-d04dd267b54c,group_96_cluster-1
e8f2efae-77ef-4fb3-8b83-dac3eed05586,group_96_cluster-1
5167919b-22a4-4706-89ed-36a1088c71ea,group_96_cluster-1
acc9dcce-fb4d-4f34-aa14-000d45e47fcc,group_97_cluster0
e1750d27-6103-4d01-9ffc-8b87d39c35e4,group_97_cluster0
9b213f0e-b158-4a3a-9ff3-0e293a07a9fc,group_97_cluster0
9af7f822-2f1a-4578-b403-ccb3f61ddecb,group_97_cluster1
4bfc0db1-e208-4d96-94b2-f7d864589b9f,group_97_cluster1
d79a34e6-6e96-446f-8b31-ef2a0b06857e,group_97_cluster1
e470b5b9-98d3-4c33-a001-520e2ae94a91,group_97_cluster1
80fc56a4-6cf6-4b99-9318-df292803f85b,group_97_cluster1
230ba4bf-eeb3-4b52-bc35-9ac207933575,group_97_cluster-1
1db78b32-f1b2-4ec8-88fd-6fe79d0adc5e,group_97_cluster-1
565313a3-c501-4953-8899-f714393f5d80,group_97_cluster-1
7cb7c075-6230-49d1-b832-9404aba86ca5,group_97_cluster-1
afe37d6f-4050-49b1-a3f7-0331b15d73f0,group_97_cluster-1
2674ca61-a344-4de5-80aa-ea41560b49e0,group_97_cluster-1
3e7ceb22-75dd-43e1-bf11-35feed8cea4f,group_97_cluster2
95bcebe3-fad6-4d95-bd8e-ecb6b9f87984,group_97_cluster2
e4233ead-2f2c-4766-b2c7-7e333cec9b02,group_97_cluster2
4a29d435-8dc6-4812-982a-9f833bc44b65,group_97_cluster2
79834d68-77ec-42e2-b0d6-153c7db59200,group_97_cluster2
a4cd816b-c56c-40b8-a3d9-d21ca590ea8f,group_97_cluster2
3e7f9dd8-0089-4966-b827-76d34fefb5fa,group_97_cluster2
4b95272a-5b5e-42f4-8aa7-2930391a4db8,group_97_cluster2
f8f46fef-4f7e-4989-9043-450bace4b9d0,group_97_cluster2
df121008-8579-42b3-8b94-1436e3d7eb65,group_98_cluster-1
ad607fc5-758c-4d38-9ad0-08a1be64f82b,group_98_cluster-1
33817a49-7c50-42d4-9eef-309f21b6bf60,group_98_cluster-1
083cc8be-6681-4792-8fb0-46323e3af666,group_98_cluster-1
723907ca-6dae-43ad-93e3-be2ada922ee9,group_98_cluster-1
0aaa1332-b1fe-44f0-a9f5-eed522929347,group_98_cluster-1
9527de20-b19a-4da4-8db3-3e7f1a23fde5,group_98_cluster-1
aa110ec9-1c58-4a41-8ffc-9a09375f8375,group_98_cluster-1
42d6e801-cd98-4aaa-a5bc-e1306791fdbf,group_98_cluster-1
d5980a69-da1a-4d1c-92c3-c958a473ded9,group_98_cluster-1
1d021229-d21a-49d9-aad2-048d18294cc3,group_98_cluster-1
7e37b9ce-64e5-4835-a1ec-7db463a4180e,group_98_cluster-1
4e977930-11ae-4d74-8d18-c9f59312966d,group_98_cluster-1
b40dda25-6b7a-4bc6-a600-158ee88e4d12,group_98_cluster-1
8f3d8043-15b1-47f2-b615-d69806c619d5,group_98_cluster-1
5b38c447-ad95-45d7-a43d-e90e255f2618,group_98_cluster-1
edde4920-9c65-4657-86ce-438efcd96cf7,group_98_cluster-1
1c5ad3fd-205a-470c-9c67-b021ea986263,group_98_cluster-1
f245bd7d-a23c-4f00-982c-8840607046d3,group_98_cluster-1
4970d179-3ea8-44ca-b587-7c4f3bac0ac6,group_98_cluster-1
6a0638f5-809e-4518-bb9b-1840debf4b39,group_98_cluster-1
35f95c98-4340-426f-9b3c-4fdad8106401,group_98_cluster-1
abf5a7a5-5428-4608-8d0d-613106e683fc,group_98_cluster-1
93749211-5ee8-43cb-a692-28d8f978bb29,group_98_cluster-1
fe3d7857-2f72-466d-8398-48817f2334cb,group_98_cluster-1
4945e263-5ebd-4daa-adff-e2a1320358a9,group_98_cluster-1
12308f36-5cf5-4c7e-b4ca-b8cbb1623e61,group_98_cluster-1
5fe7d0f9-1756-400c-a8d3-16e43cbcd354,group_98_cluster-1
df5ebab4-41dd-4b27-9f27-7c5ba66bb2ec,group_98_cluster-1
6edcfda7-5211-44bf-b8d0-28f7d0342db4,group_98_cluster-1
f0e6b198-ff02-4a3b-85bc-70e6d5d089ea,group_98_cluster-1
c26d2cf4-1720-43cf-9c02-9551ede31f20,group_98_cluster-1
5c86f8db-49d6-46f2-b84f-f935254df07b,group_98_cluster-1
8523b2fa-9c0a-4c61-9858-681ff256b4be,group_98_cluster-1
f5fbdb3e-797c-466d-a85b-cd7b66f9c7d3,group_98_cluster-1
2dacef2b-2a03-4016-8e2b-d4e2cce1b279,group_98_cluster-1
6c35798d-6249-4f10-bb73-74997b755dbe,group_98_cluster-1
73c85d9c-4854-488f-84f5-e02a0665d424,group_98_cluster-1
44a9ef19-2011-4fdf-8267-89f26e113c06,group_98_cluster-1
f0e87850-fc9b-4a47-b98e-98e689da96ac,group_98_cluster-1
4493017a-50f5-4197-ad40-c7e4bdfdba36,group_98_cluster-1
d6da1096-abd3-478d-b4c7-c8d6dfe963d6,group_98_cluster-1
a8fd435d-add6-4b45-975a-9b52ddc79cfa,group_98_cluster-1
95b4a91b-1a1e-4a0b-872a-46e9a9027513,group_98_cluster-1
48e3cb23-a7b4-4694-9f4a-dee4e618de2f,group_98_cluster-1
0ba9b83e-46fb-4114-b80d-f927754f39e7,group_98_cluster-1
ec242533-2e23-409f-b157-ef8aa97a86f7,group_98_cluster-1
ffdda706-d44c-4ef1-a762-3dfd046cc24f,group_98_cluster-1
7825b2e8-be9b-458e-bc3c-c60b0011c5f7,group_98_cluster-1
17fdbc67-15b2-4382-8809-c7a96bfc11ab,group_98_cluster-1
640cdc0a-d2f6-4340-bcc9-255262f9e718,group_98_cluster-1
d459dfac-3d88-49fb-a89d-cb771c4285b8,group_98_cluster-1
2a34154f-7bbb-409d-98cd-e3369864a704,group_98_cluster-1
15334d06-b906-4fed-8b04-a71ea33dcad2,group_98_cluster-1
680c0071-47d3-460a-8787-7f71f331e15a,group_98_cluster-1
404fdc00-addc-4654-bdb9-76bb1041b92e,group_98_cluster-1
995c42d3-c367-479a-8118-0839224aec20,group_98_cluster13
ed3cf56e-30fe-4b46-9944-4d4972334019,group_98_cluster13
ea3126eb-8a4a-445d-bba0-1be8c2f001d5,group_98_cluster13
d3f0fcee-bef2-4173-a71e-de0262c14a5b,group_98_cluster13
832771bd-ea26-4a2e-b776-f27231322619,group_98_cluster13
14a04950-3fd6-4c2a-9942-eeb4773e1b0e,group_98_cluster13
73b20af5-1ced-40e6-a49c-1d556afba3a7,group_98_cluster1
e2ac1041-01f4-47ac-b30b-89da89fc4207,group_98_cluster1
0c2a24a4-ed2a-442e-9b22-308fe92d8e66,group_98_cluster1
477557fc-4336-4a6f-ae39-47f2490c4031,group_98_cluster1
07a01df6-ac76-4f89-973a-2de3dd3e2694,group_98_cluster1
4647d864-32b4-4ef8-876f-a4160980046d,group_98_cluster1
dd785867-eabc-42cf-b092-90efb4bea7f7,group_98_cluster1
e67f463a-c5aa-40bf-977b-c67e94b2c07b,group_98_cluster3
d67035f7-5ff4-40aa-881d-3409fd267b87,group_98_cluster3
658a3532-2e6a-4b70-9cda-49bb200dd650,group_98_cluster3
7c92af5c-5507-4133-8a27-d536f5c4436a,group_98_cluster3
9900e7ef-a35b-432f-bb17-4ff02a6a9932,group_98_cluster3
99332833-c056-44bf-9d32-e975bea1e9f9,group_98_cluster10
b2a50781-8248-4b61-bf86-8f009fadc62c,group_98_cluster10
f9057db1-3c02-43c1-9b57-835be4f60829,group_98_cluster10
92515dc5-ee07-459c-8345-abbc119d1e7d,group_98_cluster10
2f236ff1-0732-4595-8aca-36fb91544265,group_98_cluster10
041b0561-e53a-4737-be0d-ae6bfbc3ff27,group_98_cluster10
57292aa8-6af3-4e4b-90bb-d3abab75a03a,group_98_cluster10
d7ecf656-d328-42a6-8d1d-68d1ab2b52de,group_98_cluster10
de04d4f4-7aa9-44d3-ba84-0f5c9f6acb42,group_98_cluster4
03d2195a-679e-44b0-9e9b-7c2074012d6e,group_98_cluster4
3a479b8d-1784-4fae-9d3d-dd1a7f326715,group_98_cluster4
3d973ac4-1b31-4c0c-8fe3-c8ab1663b32f,group_98_cluster4
f633b387-0a99-4e5d-9919-b6a7067420ce,group_98_cluster6
8f0bafb3-66da-4a30-9447-22d8ffb45527,group_98_cluster6
754bf17d-9559-4ea4-b7c8-9b96ddfbb4bd,group_98_cluster6
7cdadb21-335c-4427-9124-6311922a8dc4,group_98_cluster6
33eb2812-942e-4716-afc8-c2809b1b059b,group_98_cluster6
9cfc2827-b301-4ea9-bbf0-e1b896a1c9eb,group_98_cluster22
7bf0fc1c-f487-4d6e-8122-4dcfc60b0317,group_98_cluster22
69854c70-b905-4d83-89d2-56410c1e120a,group_98_cluster22
81624869-835e-4849-ab06-84ca0822ea4d,group_98_cluster20
07217528-ef61-4fff-9fdc-1550794feb62,group_98_cluster20
c7bedd67-151e-40c9-ab56-71ad3018f4e6,group_98_cluster20
40be5657-c193-4676-b693-d38569dc8250,group_98_cluster17
952b40ee-8459-49c1-890a-9ce86e5dccc8,group_98_cluster17
b3d5f0b2-a9ba-41e5-8173-933e275a78c6,group_98_cluster17
3aa3e3f1-13cc-40fe-82c4-5ad62828fb9a,group_98_cluster9
42da4ec4-2724-4b47-8f0b-bacffba228bd,group_98_cluster9
9641c08e-9504-4526-a152-f49dbfcb974a,group_98_cluster9
3000c44e-0f9f-4fb8-a734-4133887a7e65,group_98_cluster12
1d91e353-4f3d-490a-9458-e52199074b11,group_98_cluster12
38c55e57-8ffa-4476-9f21-0087f04be9bc,group_98_cluster12
8fb08ac5-7d52-4f54-815b-0ed9424b693e,group_98_cluster19
3f02ef2b-ce1d-4062-a534-330df8cf0672,group_98_cluster19
f509598d-6861-4a30-aa8a-b693046497db,group_98_cluster19
1af8a444-bb76-4c68-950e-da12d7876df9,group_98_cluster19
8df0a62d-3fa9-4f50-986c-7b4ac71aa684,group_98_cluster14
434c77f9-0a8c-4f2f-be33-624ab41e126b,group_98_cluster14
80149a89-5490-4fe7-873b-b1e5f8ec0ad5,group_98_cluster14
6548dbd8-064b-46c4-8c7a-8e42b7ad8d18,group_98_cluster14
688d0fe0-bdf7-43a1-93ae-156961c8c05d,group_98_cluster18
9b4809e1-af93-496d-9570-36c92cda93ee,group_98_cluster18
b65d2383-d19f-46f1-8ed6-e74a71ed9356,group_98_cluster18
3a5c1729-5755-4fda-a1a7-a3f3d4ecfb35,group_98_cluster18
91e09948-3e32-4115-8418-0003714183a1,group_98_cluster24
18b12013-20f8-4b9b-bf98-10f354044285,group_98_cluster24
935e487c-5ff2-4d4b-afb0-78ced2ff7bbf,group_98_cluster24
2bfdb99a-38e5-4d83-9899-9f337adf9d5c,group_98_cluster24
2efbc64b-933b-40d6-8d02-4ac11885c862,group_98_cluster24
b18385b9-4c2c-4971-b0ae-6d14efebdacc,group_98_cluster24
284d02e6-0db9-4c68-8af5-332cef454a7e,group_98_cluster2
3279d426-c879-465a-a14e-e6e2f26d918a,group_98_cluster2
47644e95-879d-4ea0-b3e7-a22c5e992739,group_98_cluster2
f877385f-8953-438c-b667-72c06ebd6b17,group_98_cluster21
8d013e1f-fcf0-4772-a5e0-6d3c44bb8b9d,group_98_cluster21
8ff615ff-62be-4764-b19d-680041a1164d,group_98_cluster21
2a9c8a52-0569-43f1-845e-37527b29463b,group_98_cluster11
ac23b067-1457-4adb-a722-b34e6a73d2a8,group_98_cluster11
7bcbd32c-02a5-456a-84f6-f1724a78639c,group_98_cluster11
d5d5c29f-aa90-4332-a953-d8470ecd758a,group_98_cluster11
48324b9e-f96a-4ada-8b6c-da56e11600e1,group_98_cluster5
c578b6c6-da1d-4cfb-81a0-129b53728e02,group_98_cluster5
9ed19ca2-85ca-4339-8025-dca11af4c120,group_98_cluster5
84f701ef-bba1-4e1e-b9c0-58896e9c47f2,group_98_cluster16
b5913db1-ba4f-4a61-a7f8-f3336a9a2a1a,group_98_cluster16
782f3811-5672-4f9f-84ad-d37c53aa1cc3,group_98_cluster16
16282c96-75a8-4409-8841-26afb5fd2031,group_98_cluster23
28c0595e-2d44-4951-b45c-2357eb871c54,group_98_cluster23
eda86f0a-eff7-4c73-8621-75f8c5ee87b2,group_98_cluster23
d48c6bd3-0ac2-461d-bc28-c5e6c42a9ebf,group_98_cluster0
ed9d3aa6-e43b-475b-8b4c-647ffdd76907,group_98_cluster0
6b9bba7c-720a-43fc-9dec-f9ba0725722c,group_98_cluster0
106a0ce5-252b-4ce5-990d-5d5afa529fe4,group_98_cluster25
9a496032-e56f-43f7-b0dd-3294ffe7145b,group_98_cluster25
6ff75e0f-20e1-44f7-bd4c-f998700ab9a7,group_98_cluster25
82a65301-6366-48ff-b74c-feb34f60078a,group_98_cluster8
89d87358-8fc3-421b-bf61-65093ddb55e9,group_98_cluster8
993776b3-5ef7-473d-8a31-2a87802d533e,group_98_cluster15
10d73a5c-5ee7-4848-97b6-9d8dc74a57bb,group_98_cluster15
3fa430fb-dbd5-43f7-b5ea-314b684f0e62,group_98_cluster15
6d6a9b04-7ec7-4aae-b782-bd7bb3a02d25,group_98_cluster7
e6be1764-1184-45b3-a1f4-bf3af2f89b12,group_98_cluster7
9615c5c5-c7b1-4575-8073-0dd9877b9c06,group_99_cluster-1
f1e1cfcf-f8e7-4206-92d6-8a3d6212ee28,group_99_cluster-1
1dce51d7-1bc3-40b4-a969-80f54e1db833,group_99_cluster-1
302ea4b2-4632-4e8c-9f7b-db3404f0d687,group_99_cluster-1
9fda43c9-a435-47a5-9db1-663b3449eda0,group_99_cluster-1
211eb9d9-bad3-4ee1-9a5b-11e4686dad66,group_99_cluster-1
51e4054b-44c7-4c5f-87c4-5e150fc2767a,group_99_cluster-1
fe4f5973-723e-4bf3-817c-5af3e0655bbc,group_99_cluster-1
520ae36b-4dfc-4bc3-aae1-814585f974d8,group_99_cluster-1
3078e678-e370-4923-9a96-49408fd70158,group_99_cluster-1
4da4c0b0-576d-4855-8b11-e2711843b4f2,group_99_cluster-1
a90fb5da-8299-4224-a91f-5feb734962e7,group_99_cluster-1
97f7c4b2-fc36-40e8-a400-519cdbbfd870,group_99_cluster-1
ae6e0646-48c9-41e9-b447-4fcefb572f99,group_99_cluster-1
b64aa790-5b25-4448-8744-38b3ea2a44ac,group_99_cluster-1
47438bab-2a10-4e67-a697-99761a6e8f70,group_99_cluster-1
26dcc69c-d511-446c-a39d-d499a3f07041,group_99_cluster-1
021fbc00-60cf-4ab5-8ce1-86b9143a9ab9,group_99_cluster-1
b60a0522-76f8-40c2-8a8f-5599a19f9a90,group_99_cluster-1
2ab1afcf-1830-45bb-8a9f-4cc4a53ceb87,group_99_cluster-1
cb92c067-1ec1-4c05-8a90-2db747f2376c,group_99_cluster-1
fcbf7663-1c9c-4a67-b1ca-e6cc475db804,group_99_cluster-1
afd03e58-5213-474e-9fa6-7ba3b2a50fa6,group_99_cluster-1
0d400f8f-475d-4559-9839-b56dcab63b61,group_99_cluster-1
cb8e0b9c-db2b-400a-a8f0-5a71932ff362,group_99_cluster-1
6c6a04d9-1e92-4930-bda1-38c9e5718595,group_99_cluster-1
4e71d489-ae34-4030-9fbc-075d16bf04ef,group_99_cluster-1
4ce82dbc-2106-4bf6-b9f9-6f23e78799ee,group_99_cluster-1
a693099f-d4b5-402a-bf9f-b9cc95f9aebd,group_99_cluster-1
3082addc-b8d2-4a1c-bd8e-881f1199991a,group_99_cluster-1
18b58dfc-0c1b-4ba3-a341-a129980143cb,group_99_cluster-1
9d0ff8bd-5e37-43b6-887b-57d454f42dac,group_99_cluster-1
e6e503b1-5934-4490-9218-eeee34a62e73,group_99_cluster-1
efae4549-1f27-45c0-b119-e14adf27afcd,group_99_cluster-1
4541311b-0111-492e-a935-28141de784cc,group_99_cluster-1
36d35372-2378-4d68-bc90-c8dffa2f2273,group_99_cluster-1
7da7a174-593f-46dc-8c68-ccd6ea2f5ef0,group_99_cluster-1
1b73354b-02d2-4d97-8120-94f059d7c40e,group_99_cluster-1
c7a6b840-ae7e-43c1-ba1a-7d384e044816,group_99_cluster-1
88479782-4de9-4d88-884d-1957efb73545,group_99_cluster-1
dc8cb444-6ea4-4e17-9363-48820e147a80,group_99_cluster-1
313be923-d890-4fd0-96be-1afe96d278bd,group_99_cluster-1
10359370-8c5c-44f4-b52a-4ef660a4afab,group_99_cluster-1
0430c4e2-ea42-43c6-b135-211a25d66f95,group_99_cluster-1
41eae613-a17e-413c-a34d-1898a780bd1a,group_99_cluster-1
0053d4f7-9194-473d-b375-56872715b744,group_99_cluster-1
31d12652-bf0c-49e9-a266-310fbe9e8b8c,group_99_cluster-1
ea5bb9bb-3d87-4937-a373-7e7c8ab2a295,group_99_cluster-1
042f84d0-0aa8-4fee-a5e5-773963a10520,group_99_cluster-1
66dbf784-41bf-4810-af89-dc4472cd8482,group_99_cluster0
322a5807-eaf2-4100-92d3-bceb341eb83d,group_99_cluster0
7e08fd40-219e-4d6a-ab7c-cfbcf4185d5e,group_99_cluster0
76299a64-92a7-4ddf-8ecb-613da3bcd7b2,group_99_cluster0
8c1495ed-3df5-4f61-a37e-e490a7c5fc46,group_99_cluster0
eea77e01-f4ef-4b73-9a93-065795fdcbf6,group_99_cluster14
13917da7-fe72-418f-8634-424fa37e7698,group_99_cluster14
4f07728a-b751-44a8-b731-dd248e493d03,group_99_cluster14
dd075595-f4c0-4b52-aeec-d02d63beff85,group_99_cluster5
0f19c218-28c8-4828-9a50-5ab9f01494f6,group_99_cluster5
4098a785-70fa-4193-927a-607a1124a6d0,group_99_cluster5
02b0c148-347f-4d11-8072-3ee808f1b0fb,group_99_cluster11
7e323709-adfb-4bc6-b6cc-5d7c3d511208,group_99_cluster11
8ecc1c51-e400-427a-8a86-55d39f3b3b56,group_99_cluster11
0e4cef47-7ab2-42cd-952a-9c26d559e06b,group_99_cluster11
796ecb83-273e-4994-b776-fc7a28aef9df,group_99_cluster11
d53a6124-050f-406f-9e1c-18a170f382c2,group_99_cluster11
fbdb7af5-1b7c-4cb3-a9d9-8149d43eb7f8,group_99_cluster21
02048fb2-bd5f-4e78-b66a-f900c4f21878,group_99_cluster21
213020da-dbce-4e07-853b-97b6e385fca4,group_99_cluster21
41eaff42-e2d6-4f48-84e4-2dd610668061,group_99_cluster21
f31997a7-115c-471d-b9f6-3b600829dfa1,group_99_cluster21
f5dc2862-b9c3-406d-97d2-014418281c87,group_99_cluster21
75b0b28e-bdab-456e-bf80-ddc80f913c44,group_99_cluster21
583c462c-31db-4aff-a191-4ebc82c5ce9e,group_99_cluster21
a3f6d690-e1da-44d6-9d7f-f9719baa327a,group_99_cluster21
6d292f7e-c4a5-465a-94d9-78a9f96d5013,group_99_cluster21
fb6eadd4-88ee-4971-89e3-fe4c7f66ea01,group_99_cluster21
d48b2903-825e-45d5-8755-03e33d703249,group_99_cluster21
e82a5d20-1e7f-40fe-b5a1-30eb276a2e2b,group_99_cluster24
7dd694d7-1f5c-4316-85bc-1863e866a1bc,group_99_cluster24
0e07fb99-1b23-4737-8ba0-ca4fbb25ab24,group_99_cluster24
76ca4e2a-fb0b-4d0a-ac3d-1983f275b340,group_99_cluster4
f97e1597-0df2-4269-8e19-a304425f586e,group_99_cluster4
11b2bc06-edd4-4167-b7ba-ed5397439d03,group_99_cluster4
4d8faad1-b732-48a9-ab19-99d0779e7b51,group_99_cluster7
170e7d4d-bf34-4744-b592-abda7c675657,group_99_cluster7
d614bfaf-1fe3-44ca-acb6-c9bbca30898f,group_99_cluster7
b5f8d1c7-6774-46cd-a76e-ac18898462df,group_99_cluster7
8013f1a9-8583-467f-88bb-ed7d6e1bb655,group_99_cluster7
0966c60c-a152-4a99-805f-cbcaa2256635,group_99_cluster23
1e80f4ca-ec1e-4af0-9130-3aa024570bc7,group_99_cluster23
28263d05-9ee4-48d0-9b9a-e661e7a9cd4a,group_99_cluster23
36a9d7b5-1be9-42c6-b464-9480d8f3bfe7,group_99_cluster20
ecd9ff71-7907-4eb5-95bc-432142c3e5ed,group_99_cluster20
9e0fa891-932b-4b35-ad01-98753823ea2e,group_99_cluster20
63b188e0-4cc6-44da-8021-a16fc5623325,group_99_cluster1
72232784-16a6-4582-a026-29e6fa94f7ce,group_99_cluster1
29cbca08-4124-4c19-bf67-2f05b369ccd3,group_99_cluster1
ffd75117-cc87-482a-8f53-0a312550f5d7,group_99_cluster1
ca8906ff-e7ef-45f0-8936-46f17a442887,group_99_cluster1
4852033f-16b1-4317-8e1f-8639f001602f,group_99_cluster1
a20fdd6f-7cfb-44b9-9fd9-7cb26afcf059,group_99_cluster1
c0843370-e3d9-4b7e-92fd-96469941aff4,group_99_cluster1
6ca89790-5f65-4672-a8e7-048be3136908,group_99_cluster9
72fdcdf9-6d29-400b-8771-69f205a0cc69,group_99_cluster9
b34228e4-00bd-4cf2-a4f8-b2e7f15b4ad2,group_99_cluster9
142e214a-25ac-429d-a1d7-b7fc79a2c829,group_99_cluster9
54768f63-5343-4108-9189-dd285b3fc730,group_99_cluster9
f38351fc-8087-4f5f-8657-1450729a0ae1,group_99_cluster13
bac1ca3c-dd8b-4182-98dd-021697f625b6,group_99_cluster13
fcda9787-eea2-4819-8edf-ac05fe548394,group_99_cluster13
2b457a39-c093-4b00-97d5-8334a71ba173,group_99_cluster13
08e6ee76-4454-4bb5-909a-3f128bf091bf,group_99_cluster13
f4150f07-1a87-40e9-9c66-37cd73c3012e,group_99_cluster8
5ff9f30f-0b8f-441e-9fdd-fab2ad0dee55,group_99_cluster8
19269b38-ff09-4f5c-abd0-63231f3eeb1c,group_99_cluster16
fd79fab6-f138-4e5e-86e1-12b6d7e12ad4,group_99_cluster16
480a33fd-4cea-40cb-9e15-3978f2118e28,group_99_cluster16
7273e1a9-b6ca-4919-8549-70becf6b4dfd,group_99_cluster12
7c41080f-5364-4f87-88f7-8abde4f7d37a,group_99_cluster12
f3d5d0e5-0154-4e7e-bc9d-37e6463a524e,group_99_cluster12
22afe5a2-bffe-4bf1-aea2-9c1c1c83bba9,group_99_cluster22
2c225dae-9593-47f8-82fd-0b570cabe28a,group_99_cluster22
124737a3-9da6-4d62-b75d-bfd2d3f131a8,group_99_cluster19
5937a804-d227-4e1b-bc6f-a0368bb072d8,group_99_cluster19
1cae1d28-af77-410d-9722-4b06f6d22df0,group_99_cluster19
3a690f11-5e0a-4bbc-9947-cb15413e3335,group_99_cluster3
14b08a16-5d06-479e-afb2-49aed8e7460a,group_99_cluster3
02830447-213e-42f6-884a-ce7da4c3f255,group_99_cluster3
78952d94-0cac-4cc8-9acb-c1ea762c1d72,group_99_cluster3
81beb6d6-f5bd-4cd3-b273-f612beeaa007,group_99_cluster10
34ee5253-a210-4825-94eb-96585936a8f9,group_99_cluster10
c6e11e62-62ec-409c-877c-e9ac482965e6,group_99_cluster10
a3cf1476-a35f-4e8e-8ff8-21ee447e688f,group_99_cluster15
4221cda7-b26b-4bdc-ad3d-81c381a7e880,group_99_cluster15
0cb1e5f1-3855-428e-a560-df06256da3f6,group_99_cluster15
47cbef30-ddb9-450a-b820-59c927a71a99,group_99_cluster6
acfb8d4b-e427-46a1-836f-035b01306707,group_99_cluster6
3c989b02-adb0-46c2-b100-22caceed8def,group_99_cluster6
9c7aad98-ce2d-4b78-9fe3-47fc074e91eb,group_99_cluster2
f446d9ec-b2c8-419d-8b83-ab6d8e4bce00,group_99_cluster2
15b36622-6304-4f95-849c-bddd444c9b01,group_99_cluster17
618bf491-057f-47f4-a1b5-d03b6ff2682b,group_99_cluster17
ab4fd4d7-513e-4177-997e-f48373f1e524,group_99_cluster17
68e875f4-3f7d-42fc-b644-5a429908db20,group_99_cluster18
bedf82f9-ae1c-4526-971f-a154b60936d2,group_99_cluster18
edc5db20-408b-4ea3-86b4-e50b6e25434b,group_99_cluster18
84540926-3a8f-4687-8659-a8cfc43a60df,group_100_cluster-1
ac6d4140-6686-4b03-9686-9d5234acb512,group_100_cluster-1
b838065f-f639-4b00-a449-495aa926b168,group_100_cluster-1
bf7653be-485c-446b-96c6-9b863b4ec507,group_100_cluster-1
891713e4-a441-44ce-afe6-f8155bc06d06,group_100_cluster-1
6f4fb0fa-7ef1-43b8-a0ac-fb6ab056106b,group_100_cluster-1
ce97d901-641f-4e17-8514-a8e3e8823437,group_100_cluster-1
79c5e9d0-2414-4c29-8e58-a429e01f6d71,group_100_cluster-1
b59b0c42-9226-47c5-a13f-2b3c53907652,group_100_cluster-1
c772cd16-6daf-4d3a-af63-a264ece26c48,group_100_cluster-1
57953425-508b-4551-bda2-607dabbdf185,group_101_cluster2
5ef801d9-1544-4283-b67d-35f7a6d0948e,group_101_cluster2
4cda698b-4e2c-4b6a-aee3-3b765e81fa67,group_101_cluster2
e0816804-ce25-4946-97b1-337e110751c8,group_101_cluster2
dba4db2a-b149-4eea-a5c2-32bbaafc5c3a,group_101_cluster0
42458dd2-9220-4146-b7bf-4e3c80e4d186,group_101_cluster0
d235fc08-da2b-4a1f-aba7-da78a3a3bb4f,group_101_cluster0
6d104789-8a30-45a9-9a73-72ceb43a9bdc,group_101_cluster-1
a6f1cec9-b834-491f-9269-a7dfdeaac5de,group_101_cluster-1
0815cf1e-7428-461f-8f2b-2154b71b0188,group_101_cluster-1
9d8fa990-6682-4f11-a2ae-aa758bffb471,group_101_cluster-1
999ec760-0ee9-4c00-a97e-6df517d8535b,group_101_cluster-1
3728ad3a-f67b-43ce-a288-c3074430243e,group_101_cluster-1
ae419854-5395-4ffd-a03a-a40955e48477,group_101_cluster-1
2a488cb9-38fa-4332-b9c7-46edfa55fcdd,group_101_cluster-1
bd2fe328-8f1c-406f-a860-e8e3ce80d778,group_101_cluster-1
22429e41-14d9-419f-beee-04c497566eaf,group_101_cluster-1
1449c73e-77bb-4259-910a-81b8445b44fa,group_101_cluster-1
ac515441-7180-4138-a77d-a4a6d6f95962,group_101_cluster-1
09fe5c15-0a4e-4ca2-8f13-a52d66bf8575,group_101_cluster-1
1c9c5a45-faf3-43bf-a1d0-f2d5080302e1,group_101_cluster3
a741a826-1c2b-4d52-9687-b24811c16c51,group_101_cluster3
a61b4092-0015-4e4f-88a4-d51a927314e3,group_101_cluster3
589b3a12-572a-417f-bec0-0020a96f6fbe,group_101_cluster3
8d8eb20f-6d39-4552-99a6-b33ac5c9eb20,group_101_cluster3
889d368b-928c-44b0-9d18-84f96227ec09,group_101_cluster3
9f3203bb-ad82-4e0b-a3e8-bdabba7e49b7,group_101_cluster1
550b95d5-3b31-4a76-b31b-861300afb37a,group_101_cluster1
3c865c28-83fc-48d4-bd38-1ce2c0c8d139,group_101_cluster1
c63643a0-8720-44bd-9c81-acae601a86c6,group_102_cluster-1
745b95bb-8d7b-4280-a2a7-97ff116cfad3,group_102_cluster-1
dd72a71e-796b-4414-a2a0-e62a5eae78fe,group_102_cluster-1
44cca0f4-4b0e-4a60-a460-66a7bff58d48,group_103_cluster-1
d1afdd1f-9b55-4771-b2aa-b37bc44dae36,group_103_cluster-1
3a823fde-e837-4c43-9900-a55ddb29c2a9,group_103_cluster-1
52ddb75a-2a9b-45e1-803e-839de0485ef4,group_104_cluster1
ee80fd24-52aa-400d-b416-ead672d2e509,group_104_cluster1
0c9f1efd-ade0-49ff-b2a2-0d6a07aa0602,group_104_cluster1
c024b58d-6a19-4d83-8a41-778a1abd1d99,group_104_cluster2
c3af898f-bbf1-4660-99ab-a4cf8705c274,group_104_cluster2
4523ce2a-ff40-4d2e-a811-fb7bd8cec128,group_104_cluster2
fa7f7e60-8ffb-491c-bd30-b5c737289669,group_104_cluster2
6cff3c0a-e6cd-4fed-87ce-02ea71cfcb92,group_104_cluster2
75c9f911-fcc5-4514-b6df-e0e20063835b,group_104_cluster2
98fa6524-e178-4381-9ebc-aed5a81fe1c2,group_104_cluster2
169007c7-7d5c-4a44-bf27-78906e787c98,group_104_cluster2
62fea218-7ab0-4407-aea5-16b487b6ce38,group_104_cluster2
bb3f48e7-d509-49fe-9afe-c5970f67a929,group_104_cluster-1
f0a7f82c-46ad-4be5-abc4-bff10f42d985,group_104_cluster-1
f999faff-243a-4dde-9359-f828ce3f50cb,group_104_cluster-1
7cd12188-7bcc-42ae-b1a6-ecc81db94914,group_104_cluster-1
3f072aad-20b2-4a38-af0a-b7b97bb21fd7,group_104_cluster-1
a21a9557-3b3f-43ad-b671-793933411dc7,group_104_cluster-1
995d413b-c5db-474c-a084-eb16ecfbe841,group_104_cluster0
37d6d21e-e0b2-4795-a3d1-67487fd47198,group_104_cluster0
72870e39-e31a-4342-9031-5cf740f1957e,group_104_cluster0
37f46699-ae83-4f5c-baa5-f0e54bb8fb27,group_105_cluster-1
431b59aa-f83a-4115-9712-76ad65082dc9,group_105_cluster-1
84511127-386d-4c58-9e3b-d0f6d14a8366,group_105_cluster-1
4864fb5d-2fa5-4bba-b93c-1ebde4f9962e,group_105_cluster-1
c44bbd5d-6dae-4716-9484-1a578f67c823,group_105_cluster-1
26e1863a-43f7-4002-90a8-52d99e08197a,group_105_cluster-1
9922227b-bed3-43b5-899a-407619abbc16,group_106_cluster0
7daab2d7-4535-46d0-b8bf-c40c8a81fb1f,group_106_cluster0
2d7fef0c-f2ba-43e9-94d3-f8f61c397e10,group_106_cluster0
4f5a4059-5446-439b-b12f-c97df1502928,group_106_cluster0
f0489424-dd8e-4c73-8423-7d2d4f22e799,group_106_cluster5
22ddecc4-2f44-4a56-9452-b64fe0963bf5,group_106_cluster5
c9dbe57c-50df-451a-ac8e-826603767bc1,group_106_cluster5
573efbb6-90bc-44fa-81fa-d0d6b04578ab,group_106_cluster5
29a574f7-9fbc-40c5-ba36-1aef669b4e7c,group_106_cluster1
07ba0d5a-22dd-42a5-a9c1-7ce213b2ed24,group_106_cluster1
92455b0b-f266-49a5-a879-725cff0d8b3d,group_106_cluster1
0220c51e-605b-41fe-ab26-22fb1c72bd55,group_106_cluster4
90fe588b-b55c-409e-a488-5f8a244e038c,group_106_cluster4
7452db5e-d3ea-4071-a1ad-48a600c1e59c,group_106_cluster4
67baa12a-5349-4055-a510-a5698b1b2f73,group_106_cluster4
48dc9369-b5ab-4929-938d-43a2d02091d7,group_106_cluster4
d8dacf8a-8baa-4b59-af29-05a167ba1bcc,group_106_cluster4
8f90688d-c5ca-4f09-8595-143299f35f17,group_106_cluster4
9448160f-d2eb-4f49-a54c-db4122fa5bca,group_106_cluster4
e5159bec-911d-45c1-a7f0-ccbb4e464b53,group_106_cluster4
1d60ce02-776a-4b55-9eda-aaad550ee5af,group_106_cluster4
30c61f43-0dac-4ca6-b25c-9375f2feb5ac,group_106_cluster4
cbf187af-6359-4082-8e87-0f2b7bf349a4,group_106_cluster-1
2dc96db7-8c78-4f3e-993a-9bf1dda3e4da,group_106_cluster-1
8dedfd27-9844-4f65-867f-eb2c7a836a73,group_106_cluster-1
44e9e220-2c5d-4e0f-9eb6-4dc6622b1418,group_106_cluster-1
07a62bdd-2ce4-4fa1-b49c-8a19bb705a33,group_106_cluster-1
5de4f84c-3089-4c46-828f-5a456d95af8f,group_106_cluster-1
1cc4cbe3-82e9-470b-ad18-4ee0c54d50d9,group_106_cluster-1
fca8913e-a019-4d99-9c66-3096e6a554b9,group_106_cluster-1
53ecf1ac-7ef5-4aaa-b44b-32da6595ca0e,group_106_cluster-1
72ac0b9f-80f3-4a67-af40-a1f91756b456,group_106_cluster-1
88341004-a6ef-4992-9f3b-ffe60bdbf945,group_106_cluster-1
4cb1d7b5-20da-40b1-be1e-ca054bbddcb6,group_106_cluster-1
43928260-dad5-4f09-8c6b-26197d576e03,group_106_cluster-1
e69ad900-0db1-4e6f-9dd9-2c050537ee47,group_106_cluster-1
fe0ac187-e804-4e15-ad31-80b3ee2141ac,group_106_cluster-1
b559111d-617a-4427-860b-8f857eff1797,group_106_cluster3
c09a6098-0b8f-4319-a82f-a606e06daba0,group_106_cluster3
5f6e75f6-9103-4f8c-924a-a58203bfbfea,group_106_cluster3
2acee1aa-4743-4744-ac44-33666d49ce5b,group_106_cluster2
102f7cae-b366-48c7-8ee0-f4819324103f,group_106_cluster2
3114086e-c93d-497b-a8ba-7a1a25c66ad1,group_106_cluster2
79cdbbf4-e00d-4425-a6e2-f532f9a02729,group_107_cluster0
053a56fb-6a23-48a7-b5fb-295cffae3326,group_107_cluster0
588a1526-ca05-44b0-8e2b-2160b641a806,group_107_cluster0
3b9dae13-09ba-48b2-bf8c-a025c4f836dd,group_107_cluster0
e7521f9e-0262-4534-962b-1f15290179f7,group_107_cluster0
0212d89d-cbf8-4f31-9c2a-56be0f793996,group_107_cluster0
8277ff62-dfe3-4c02-818e-b4f129574d21,group_107_cluster0
5c9dc1d3-946c-48db-8517-724ed0763d26,group_107_cluster0
9a5a0598-0547-4ae4-887c-6af815acbef8,group_107_cluster0
dc645c2f-562c-4bdb-9b24-8521d950df61,group_107_cluster0
a540d494-714a-4a80-9c11-27d727acc638,group_107_cluster0
da61836d-484b-417b-90a5-71b8a14ff57e,group_107_cluster1
3f94996c-d43a-4f43-b41e-98a33a8c91e9,group_107_cluster1
719ccacd-a15a-4720-ac11-77b7bbe33f9c,group_107_cluster1
0119f580-b45c-4c4b-9ee1-f2a0dcf0e242,group_107_cluster-1
1554c455-14e2-4382-bc45-f333198c7cf9,group_108_cluster-1
aab0ab61-ab6e-4d80-9481-25a73ec3ff50,group_108_cluster-1
ec88922c-32f6-4207-a14d-70911dca14db,group_108_cluster-1
d7fc21ac-44f9-49f2-aa18-7b14a13f18d9,group_108_cluster-1
7e44d0e4-f72e-4edd-b65b-0be562598bac,group_108_cluster-1
0aad1633-d9a3-4524-b0a6-a77d4792fa3e,group_109_cluster-1
6227739e-2d3b-4937-ba4a-4ab5d1626a7e,group_109_cluster-1
865f7d33-9f1b-4d40-ac71-8a6e05e13663,group_109_cluster-1
8c754872-ef0c-4ede-b4bd-d8cbe35d8ad4,group_109_cluster-1
ae961881-e3ef-4b3d-b0a8-286c6b78c048,group_109_cluster-1
65d8b8c3-8813-4a7d-a81f-c6fca3d79748,group_109_cluster-1
7f2a0b51-61dc-4686-8e45-520935e036c9,group_109_cluster-1
5a1f4335-4464-49fe-ae08-888a578dfb43,group_109_cluster-1
8cf04c3b-929f-4e4f-b73a-a506a0fe755e,group_109_cluster-1
5d0fd77b-dfb1-4770-97a8-f6f9f01c922a,group_109_cluster-1
0a1976df-2686-479a-91e8-481ea41ab106,group_109_cluster-1
1d37bd5a-7851-4937-bfb0-bfc787561e5e,group_109_cluster-1
83984a81-efd3-462f-b749-fdc31c95932c,group_109_cluster-1
aa468f38-c7bf-4713-ac44-2d74f0c93a2e,group_109_cluster-1
386df7eb-d941-414c-9bba-44aed3512f2c,group_109_cluster-1
d83bbe7b-364e-40a6-8ae8-8abef9495934,group_109_cluster-1
7229f0ca-9502-417a-bfd3-2f59439f40b2,group_109_cluster-1
444d2c80-4326-4234-bae8-3444303adb49,group_109_cluster-1
1945613e-e219-4094-8a69-3333723e73c9,group_109_cluster-1
d21d9cd5-518f-49ed-8f03-6a8f8beda5c5,group_109_cluster-1
c163bce6-2bc8-43a8-a02c-11288eb859a3,group_109_cluster-1
89e73ca2-f1c1-4ce8-bc6a-0f6fe6c7557e,group_109_cluster-1
77e53b27-6572-4d8b-a54f-38eb27ee2b67,group_109_cluster-1
99289f4b-78a5-48cf-bd3a-aef7329d341c,group_109_cluster-1
8e824c67-ca1a-4632-a0cf-63cd28655b13,group_109_cluster-1
01d79a2d-c8a7-4788-9bf2-a723cdfcc56c,group_109_cluster-1
0558dd99-1d36-46c7-b9aa-8f59fa814051,group_109_cluster-1
e6c1d7e7-4e2d-4e87-a7f9-278f2cb37a78,group_109_cluster-1
01f8d272-5fbf-4bfe-a472-afe5ffdd43f2,group_109_cluster-1
82b48352-9c92-428f-b6d2-0006bda281f7,group_109_cluster-1
fb3c97e7-703c-4fda-8542-224827a253bd,group_109_cluster-1
6c1557bc-439e-4e6a-8126-ab6cca62c05a,group_109_cluster-1
118a6b6d-7ad6-4329-b991-868a0fee708f,group_109_cluster-1
fa396bcb-acf4-4710-9ebd-b9208fe2ca48,group_109_cluster-1
b3d1d6c7-b5bf-4d86-9c58-983166ab5829,group_109_cluster-1
5bca7aef-5837-42f7-833f-41cdd508b189,group_109_cluster-1
38acb31f-e03d-4a56-b7f2-7a34e9cbbba1,group_109_cluster-1
1fa9fd5b-9940-4bf8-9bea-3ec5b619d2d8,group_109_cluster-1
9cb95888-50a0-42a3-a257-b1b94a98a911,group_109_cluster-1
f580c5a8-6b2b-4307-a401-5ea777f1a084,group_109_cluster-1
b35d184d-3155-4961-8350-73acc98268ae,group_109_cluster-1
ca4b2b79-3cc2-495e-8ac7-6ebbbf074c11,group_109_cluster-1
e10c9d23-4e38-4dc0-92fe-a9a5bdf15cd1,group_109_cluster-1
586ddcc2-7da2-411d-879f-f265d46e236c,group_109_cluster-1
ebaceb6e-1efe-407b-94f9-120800886944,group_109_cluster-1
0f772073-2a02-4b68-b313-4eb7f0ccbeb4,group_109_cluster-1
bcbbace6-1b6e-48f0-9391-3c8317c12ca7,group_109_cluster-1
d1e1fca9-413f-418c-bcb5-a841c373fd17,group_109_cluster-1
3c24370c-938b-476a-912c-ca79e339a018,group_109_cluster-1
46d4e49c-3173-4548-9920-41d6ce2ccdcb,group_109_cluster-1
7d64083b-2a82-43de-b208-8940e34ebcf3,group_109_cluster-1
e21082f9-f42e-400f-926c-98f137b2a6df,group_109_cluster-1
92328bfc-6ee2-4cc3-85ef-7df9ad5d444b,group_109_cluster7
09c99d45-d99e-43e4-bffd-d40ef53d0ba5,group_109_cluster7
28a15f24-8ac2-4173-8693-ef90e8e59139,group_109_cluster7
5bf47573-4dcd-40a7-a932-ec91c4d42d01,group_109_cluster7
40646dc1-ff85-4fef-9bde-21cbbd9f7cf2,group_109_cluster9
23da980f-ab29-42a0-8543-ba1ee497186f,group_109_cluster9
471ff603-fa97-4da8-8421-3919cc050c09,group_109_cluster9
028f1876-9120-45b2-a7df-21e9fba2010b,group_109_cluster13
29a9ee36-a287-47cc-830f-964d21a6e0d6,group_109_cluster13
67205f2e-831b-40c3-abdc-8f81991c6664,group_109_cluster13
abb3cf5e-1d28-46aa-bc79-2501f7d72e74,group_109_cluster13
c80affd1-56fe-4640-990a-1960fa900f15,group_109_cluster0
99e1e4c2-6bbe-4070-bac9-d075188ab93a,group_109_cluster0
79d112cd-ea89-4a92-a42a-edad15ecfa6e,group_109_cluster0
078c6a55-bdbc-4276-9549-1b1d7295d761,group_109_cluster0
4df4b135-0a8b-4023-bb65-f85170eff0c3,group_109_cluster3
b78f1ad5-d3e0-4647-955a-b3c158de75c9,group_109_cluster3
88de0425-06e8-4b06-bca5-4177d0660c97,group_109_cluster3
c9586df7-8ef5-410f-8b24-7a9bf7b40185,group_109_cluster3
1647193f-9f18-4006-a1f0-f3ca239681a9,group_109_cluster6
eb6fd759-9687-4270-9d3c-862dac4d6b61,group_109_cluster6
d008a815-b53f-4b08-b9df-3723f006abab,group_109_cluster6
51fde513-b213-420a-afd4-a4b0c5a152b3,group_109_cluster8
dc65783d-ceda-457e-af6e-7922780ee897,group_109_cluster8
84408b74-9c99-4a25-84bf-0263cec827e8,group_109_cluster8
cf1c39a1-5ed9-400f-9ec9-49ce37c7c6fd,group_109_cluster8
38069f6c-3366-455a-8135-baad5e2b8db6,group_109_cluster1
42fe7d29-7217-47e3-be54-94ee86c37804,group_109_cluster1
b0104a2e-584b-4f2f-b940-21bf707b8964,group_109_cluster1
725c4797-18b4-4991-8109-d7b2791373fa,group_109_cluster10
6f914f6d-929b-4b5d-84ca-563b084f7618,group_109_cluster10
46413e4a-77a0-4351-93e1-4263177c2dfe,group_109_cluster10
8219fc17-2034-4184-89dc-452d6a0c9a38,group_109_cluster11
201d166d-5e74-4bc2-a371-190e2803180a,group_109_cluster11
e5506d06-5fec-417e-9c9f-c373b7f957d3,group_109_cluster11
bfc31bc2-f857-4029-aec8-b2936054719a,group_109_cluster2
1e31d036-eca4-477e-b74e-ec15330e38d8,group_109_cluster2
ee41f26e-a1f6-46ed-a0a6-71f26ad1cf90,group_109_cluster2
94648d47-ef98-49c8-a131-0c10d61828a3,group_109_cluster2
80786cac-8b1e-4daa-9ea2-c87e8f478b8a,group_109_cluster4
d7ea95e5-0272-44d8-9a83-566a833065e6,group_109_cluster4
5f644746-e40b-4c60-a65a-6d287d937416,group_109_cluster4
0206d75a-0210-4166-a1b5-261a425c2b2d,group_109_cluster4
96d8ac24-0958-41c7-957a-cf79ec68c3fe,group_109_cluster5
06810e13-7ef0-4542-8ee8-95c8da4c975a,group_109_cluster5
8064531f-a67a-4538-b831-15d5cd6f8343,group_109_cluster5
a6a9be12-ae70-4f88-8de8-1c7ffa7362b6,group_109_cluster12
5872ee7a-efde-4f42-8c62-4bb8145f3ed8,group_109_cluster12
10786617-a7df-493f-959c-5d8d39ec2805,group_109_cluster12
8ce6c7cb-de70-41c7-8348-7c036f8d07b0,group_110_cluster-1
846521c4-c01a-4ccd-865a-0863000d9da1,group_110_cluster-1
8c664304-f453-4d3a-8f38-9b2d551ca760,group_110_cluster-1
ba7d5cc0-430f-424e-9ab9-0e624953c234,group_110_cluster-1
20ae292f-6fb6-435f-8dbd-82dc523da7fa,group_110_cluster-1
653ccb21-6c6b-49ef-adfe-f094ad9397f1,group_110_cluster-1
9259d1d8-8000-4ca3-b328-c82ff0d50bbb,group_110_cluster-1
2503b2d8-ef9c-4fff-add5-7c5f41b06f33,group_110_cluster-1
a8238340-ef5a-4a34-9e85-7d7be633307b,group_110_cluster-1
6364484a-efd4-426a-88e9-0dd4aa9b97bc,group_110_cluster-1
93014215-7746-48e4-aa60-cca0065fa230,group_110_cluster-1
2d08ede2-570b-4c90-97b3-a87950c73b49,group_110_cluster-1
55a4ea7c-0c11-4444-8068-79a8df1cbaeb,group_110_cluster-1
13c29e53-7eb7-4256-89c7-497693e8b4df,group_110_cluster-1
38f852ee-3cfb-419a-9493-9d3bdc7abe2a,group_110_cluster-1
7abbc262-bac5-4d11-952d-92b1a64090eb,group_110_cluster-1
fac1261e-10a9-4312-8d35-a4e3ad246091,group_110_cluster-1
bedbb268-6d41-4f99-85a5-e4fd87c00930,group_110_cluster-1
db104244-afb2-4f9a-8cb2-4cf05342fa8b,group_110_cluster-1
be40fb87-128d-4767-af38-b98d6b112cd5,group_110_cluster-1
1f72a041-4d44-4a27-811d-ccdfc36e6114,group_110_cluster-1
18eb314d-bbd4-484c-a5d6-785ecbb54f56,group_110_cluster-1
9f903059-6de2-4985-98a1-92fa7f60d2dd,group_110_cluster-1
026d3ffa-f146-4634-9025-cc6459e4c851,group_110_cluster-1
92fb1213-0977-4571-8c3c-b2a0062c3d7c,group_110_cluster-1
b4b9346c-5a4c-436a-a909-1222f2ff5d49,group_110_cluster-1
7a9dba2f-1ce9-4a7b-b25a-12bdcf38b5b5,group_110_cluster-1
60eed422-0e2c-45fc-b574-497d8f623b5b,group_110_cluster-1
8767df1f-573b-4848-b4bf-2e2176721752,group_110_cluster-1
942a7aad-7c61-41bb-b1bc-7d4c19703062,group_110_cluster-1
3380138f-ccc5-46dc-8e7b-542e5fada519,group_110_cluster-1
1912f79c-c222-43e8-9539-95d0398c639c,group_110_cluster-1
275fb6fa-97c0-4988-889f-6d5fb17ceb4f,group_110_cluster-1
d98d0eb5-48e9-48c3-809e-acc61cc15689,group_110_cluster-1
f589a1ba-f518-4025-ba97-1e8eed803dad,group_110_cluster-1
7462b526-94ad-440c-b4cd-e95c39f3cfb4,group_110_cluster-1
ac712c3f-5a61-42bb-9674-0241acc2f933,group_110_cluster-1
cfe1b3ff-d1fc-4856-b208-fa4af21173bb,group_110_cluster-1
ddb9727d-380d-4992-97f4-dc3a668147f6,group_110_cluster-1
a4c106c2-6537-473d-afa7-d519915ada2d,group_110_cluster-1
586b7192-a886-47b5-a239-79c58332a04d,group_110_cluster-1
51dc154b-68fc-40b8-866d-349f2ffd8217,group_110_cluster-1
cf1c9605-910d-432c-b4bf-5fc9d0ad7f15,group_110_cluster-1
6fcbc9b7-18e5-4372-8301-2bbc720e1bdb,group_110_cluster-1
73e5726a-3678-42ef-99c3-ab84e676b2ed,group_110_cluster-1
ef379058-dace-4e29-80c6-327af00c5f35,group_110_cluster-1
a2c01619-e89c-4fff-abe2-76c318952577,group_110_cluster-1
95d9e61f-099b-40e5-b7ad-adfa2369bb0e,group_110_cluster-1
72f818e0-2d98-4c58-92da-5467385605fa,group_110_cluster-1
49aafe37-8d0f-43ad-8b84-f68d0012d9cd,group_110_cluster-1
144b1c9c-8c25-4ff1-bdc6-092c4df3092c,group_110_cluster-1
b7dfa7fd-e648-4ae0-89bd-1e284a7c9aa2,group_110_cluster-1
736b5f22-2f22-446f-9b8d-3d494fa77caa,group_110_cluster-1
250f70bd-8983-4af3-8ea1-d5ac457dbd57,group_110_cluster-1
f1744dfd-a254-4866-bc9a-2e3ec86569c6,group_110_cluster-1
396f80d5-94ba-462f-9026-f8a896f3a545,group_110_cluster-1
eb7b92e0-06e8-4ba5-a927-49e5857aa42b,group_110_cluster-1
856d500c-3dce-4f76-ab8f-cce1d5ffcb95,group_110_cluster-1
155fcc6e-0eff-4157-a4ad-d09499ef999c,group_110_cluster-1
18db6139-efe3-4867-aa67-81aaa374dbd8,group_110_cluster-1
9f2209c1-6131-435a-bd02-9f3e22c420cc,group_110_cluster-1
f2c88f4b-04f5-4146-9388-8e5c86650fcb,group_110_cluster-1
6d700bef-9e48-4489-ae92-48b221c0c21d,group_110_cluster-1
aa25c03b-07d2-445d-8a1d-b6aa0ae0ab64,group_110_cluster-1
23aa4d4d-e528-4203-96c9-cfce2b4c5dc8,group_110_cluster-1
6b2b2baa-b94c-4318-9d6b-fa4d22436e26,group_110_cluster-1
19a58de3-fceb-4ea3-97fc-7ee412679edc,group_110_cluster-1
74b54a90-e1ba-47b0-80ec-37078a96b4d9,group_110_cluster-1
520835bb-69fc-4b22-9f01-4adac5ad4c62,group_110_cluster-1
364d4da2-d7e0-4614-9d91-80fa3b57ad9b,group_110_cluster-1
dd1a1d4b-c096-4927-8e76-107b3559ab94,group_110_cluster-1
25e0565a-d957-4763-8743-8c8186411995,group_110_cluster-1
5c31b6c1-b5dc-4261-8968-db7fa65669f0,group_110_cluster-1
740079f0-7dea-4ce8-92fb-25a5d3764e46,group_110_cluster-1
a289c4fa-e863-45c6-8f23-273ab8418cdc,group_110_cluster-1
69f61e4a-efd7-4f0a-bfb0-848c090bef22,group_110_cluster-1
52127b07-21b4-4e81-b35b-1ea84e1af36e,group_110_cluster-1
af3723e8-3d28-4821-9827-706d13d8ae03,group_110_cluster-1
cfceec54-5ebb-4701-aadb-b2610d0054c0,group_110_cluster-1
382bbe5f-ec09-4bba-be6b-61ee5c9fbc5d,group_110_cluster-1
841d9598-b448-4802-b101-8d39cfe5e675,group_110_cluster-1
720567e4-f3b0-4a8a-9ed3-77a14e7228ed,group_110_cluster-1
6ca79e59-6263-426c-b108-a86525a2574c,group_110_cluster-1
f6baf074-4207-4f23-b423-d6f838582c5c,group_110_cluster-1
55ccd248-9415-4c63-8242-33278918c94e,group_110_cluster-1
359a0a58-67bf-406f-a16b-d2cd200d1f88,group_110_cluster-1
58b96b75-f91d-41fc-b6da-6016b8b0dc04,group_110_cluster-1
364cb101-044d-40ee-b06a-a4c99d3aa7e4,group_110_cluster-1
88f698bc-edd2-4551-94f7-236344e72214,group_110_cluster-1
8c35c2e0-a467-4312-8012-e40a78b2491a,group_110_cluster-1
4a409aad-f8f0-4734-91df-b3956d8d57b6,group_110_cluster-1
cb9c9e38-bf6d-4a78-bc97-b8b7f4464615,group_110_cluster-1
eaa9fe8b-2f92-4fa5-b309-ca53f956e096,group_110_cluster-1
32184dcf-67f2-4ea5-889b-49bf99b4efbb,group_110_cluster-1
10b400d4-d1ef-4550-96a0-5e24d4a13c40,group_110_cluster-1
95a9c668-fa96-4c33-b8c6-bbf6250fda97,group_110_cluster-1
d6709851-84ac-4270-8e68-faea22045d97,group_110_cluster-1
a72f22e7-d7a8-418f-a7ea-010ff7e1d844,group_110_cluster-1
794749f1-d195-4bb4-b923-e2fde4e453be,group_110_cluster-1
1b615505-dfb6-43ba-a184-e2f155326f26,group_110_cluster-1
d4db4367-d007-4529-bedb-ad43126e336d,group_110_cluster-1
710d4707-5309-4b1d-8a79-02e6421153bc,group_110_cluster-1
1ee24300-ccdc-4dd1-8f8f-dc493d0f8be2,group_110_cluster-1
b32042c1-5b2e-4064-a74b-8f51e29b4f50,group_110_cluster-1
01252494-9a11-4ebe-a6fc-09ac9b5b7372,group_110_cluster-1
e22adea7-9a9b-4444-bc98-948e5773a08e,group_110_cluster-1
c59d4568-d543-4077-9dca-1379801a3d5c,group_110_cluster-1
ee00ed5c-4553-4495-a2fe-90e5ec9a9f2a,group_110_cluster-1
049f13e9-b110-41e4-ab8b-dee717ddb677,group_110_cluster-1
b33a5a27-dc70-4233-b85b-a073e3014eef,group_110_cluster-1
289bd3ae-87a4-4a07-bf78-2b07dd785498,group_110_cluster-1
b4c3310f-901e-4ae3-8753-baead95865b6,group_110_cluster-1
10552116-f115-4bd2-9106-3461ee772be9,group_110_cluster-1
11ce5d65-75cc-4d02-9006-bc5a16127f8e,group_110_cluster-1
e833b18d-90bd-4633-a7a5-906f9ddd77f2,group_110_cluster22
c8ee69bc-272c-476f-9511-60469447cbcf,group_110_cluster22
4ce1e060-8399-4807-a797-0c555c81e343,group_110_cluster22
52eb2510-ced2-4f27-a2dd-0f8380a7348f,group_110_cluster22
f2a89b54-3697-4548-8978-63dd54043f0e,group_110_cluster24
45bc1a9b-e3bf-4de2-96e7-76f0c6adc982,group_110_cluster24
7f5b4f24-73f6-43b3-9c57-19c23eb9e391,group_110_cluster24
dc92b23b-95e4-4924-8c88-f5e633bbff35,group_110_cluster24
ce1e37ef-baed-48d2-8235-b69b81ac1573,group_110_cluster24
64d8c2fa-e287-4df4-a76b-3bd5179b701a,group_110_cluster24
32c4540b-43bc-46fa-a409-07398f1a6421,group_110_cluster20
e7204721-aaa6-4a3a-affa-057745ab0648,group_110_cluster20
a1f1a8f3-5d2e-4870-9caa-ae7034ef7863,group_110_cluster20
0e7f0020-eb7d-4afc-8e95-869fd6f0a526,group_110_cluster26
2814d4c5-eafe-4c03-87d5-de7e29f42ce5,group_110_cluster26
2de3dd01-a642-4b31-a21d-2bd0c35241dc,group_110_cluster26
05933500-8afa-488f-b282-7c6b868b8147,group_110_cluster26
10c68355-436d-439d-bb20-050cdf611abc,group_110_cluster26
94d55958-b3a3-439d-b529-799261d4101a,group_110_cluster26
33b591ba-b8cd-4baf-9012-3e8899b2a5f3,group_110_cluster26
869ad05f-68e0-4f1d-8ad5-7d2da077d26b,group_110_cluster26
b20b3383-aa49-46da-83e4-9428a6433b4f,group_110_cluster26
86dcf227-3657-4291-9d05-577393f84f3e,group_110_cluster26
4a4342d9-2713-410c-a1c3-e3c7e4a2925b,group_110_cluster26
e1af4104-1518-43c0-94d1-4397d7c11d86,group_110_cluster26
1c71ebe1-0338-4375-8e99-7c4eac998b5d,group_110_cluster14
7ea3ce01-9091-4129-a91d-a1ad7887f5d2,group_110_cluster14
a5a66f31-ee01-4d59-ac90-11ebf5439bb2,group_110_cluster14
4f454291-5c05-4c3d-8af3-0e44fbd0369e,group_110_cluster14
ffa37d3d-7ee6-4025-b4ef-76edb0b4b1bf,group_110_cluster14
ff962717-f4a7-4c21-9022-f0d3879243ad,group_110_cluster14
0ce78b4b-179e-4aee-8090-2830918cda59,group_110_cluster14
c378110a-95b4-4322-80d0-a198169126b6,group_110_cluster0
5aae4844-f5c2-4430-be01-2cba085cd457,group_110_cluster0
82c8b6e8-9cb0-4237-b12e-b41a8f5b4ec1,group_110_cluster0
c9d9c99d-d91c-4be4-b937-07811f3fb648,group_110_cluster0
98b8147a-780d-40aa-83a0-fad3351bb5fc,group_110_cluster0
35a2782a-3d1e-45a4-adc1-856e367f823a,group_110_cluster0
13f86cdb-c5d1-45d0-a11d-7713d8f39fa3,group_110_cluster19
0d08d72d-573d-4950-88d5-150a0c88aaf1,group_110_cluster19
0e0ea80f-ea4e-47e0-8d56-fa7d4d8ac5e3,group_110_cluster19
4302b46d-071a-465e-a11b-8da82fe2b1ef,group_110_cluster19
64c1d944-ebc8-4042-b2b6-523854903edb,group_110_cluster19
0731fc25-b1a5-420d-8c7e-6b9726832ba3,group_110_cluster19
4e808ee9-8754-4de3-837a-06e2c2068df0,group_110_cluster6
d793d99d-2767-4494-8ea4-29440ab5a84e,group_110_cluster6
01da9ae8-c19f-4421-b06d-44cfcba06330,group_110_cluster6
917b60c2-4ba2-4187-8a32-e475546502e4,group_110_cluster27
68dc76c1-15f0-4140-b4d3-b29d3727a009,group_110_cluster27
14af3bef-2a0e-45a3-aac1-0d75fccd04d2,group_110_cluster27
5d5199ca-35f6-4f83-b9a9-fcaa8bc16ee1,group_110_cluster27
801811e4-2afe-4dda-bf0f-94574ba63dc9,group_110_cluster27
2daba624-cb1a-458e-8a76-55a85c34dca2,group_110_cluster27
0fd49c73-4007-418b-b373-5bc0dfbd1164,group_110_cluster27
b69c66ba-c8b5-48b1-9961-5bc4b0a329c1,group_110_cluster27
e5ba0fe3-20e1-4c65-b096-ada333b0e3d8,group_110_cluster27
5e612097-b6b5-4cdb-ba8c-10e5214f447c,group_110_cluster4
bc1e0625-77ca-499c-be24-081579fca855,group_110_cluster4
83a7ea09-30ba-49fc-9482-5be7ecb403f5,group_110_cluster4
2cfbe55f-30a4-49a3-b7e1-1ca3b6d1f30c,group_110_cluster2
1df4fec2-3596-427c-91cb-a2e704819094,group_110_cluster2
12ed9a6e-03ed-4092-b122-f34e909dba8a,group_110_cluster2
ed127ec7-1589-4f2e-9ece-4f9a7a22aa61,group_110_cluster2
08344da2-c4d2-4e73-aa34-d8fa812348f5,group_110_cluster2
f8decf09-3664-4408-a1c5-930dfbcf89a8,group_110_cluster2
7e5cb7a4-248b-466e-afd2-809528997f78,group_110_cluster2
0677305c-9bde-45b1-84f3-c5f11be60338,group_110_cluster2
bf4a311d-1bb9-47ec-834a-a898a82f057e,group_110_cluster2
2171f230-b364-4b88-a57d-d5aa2b5e29e5,group_110_cluster17
11b7d768-eb54-4965-aa42-9bda62974249,group_110_cluster17
598b7a76-6205-4453-ad93-275c655fa702,group_110_cluster17
5017a8ef-bfc4-4860-a34f-1e10f445a63b,group_110_cluster3
05531dec-3b46-4850-a919-9b236a77c7da,group_110_cluster3
257ef2c6-d6da-4376-a020-bf2758940e4c,group_110_cluster3
f4a27062-f849-449f-a0fd-49466f92419e,group_110_cluster3
8a2275c0-68f9-47dc-a2b0-30300b8e41b7,group_110_cluster10
cef7799f-6b28-4e66-ac63-546a44385a8b,group_110_cluster10
a6e5134a-cea5-4743-bc81-f1d38fd2b114,group_110_cluster10
d61b7f4a-a78f-4b08-8d77-23f710da9ed8,group_110_cluster10
6c64cfc7-e781-4095-b83f-5c95a26f918c,group_110_cluster10
b4d33ad2-c8b6-40c6-8dc7-db912657d718,group_110_cluster11
1b90cd18-f96c-4510-a41a-b9b98a639cf4,group_110_cluster11
c4f473bc-7059-4ed6-ad25-d9868cd310a4,group_110_cluster11
22dee127-33c8-4224-82aa-f57242bfad0e,group_110_cluster5
1cf3fb76-9fef-4c78-b0c6-fa526b5aa235,group_110_cluster5
8c2be2ae-db9a-442b-9dc7-dcac09a5b958,group_110_cluster5
786be857-925f-4604-b91b-b2092f79b0cf,group_110_cluster12
7a3590ca-52df-4d19-b193-f62b8bcd8d7f,group_110_cluster12
65755a94-4e96-4837-ba93-9759581a662c,group_110_cluster12
a6bedea5-66ce-457c-937f-251dce011279,group_110_cluster21
18f9ad53-e695-4d65-86da-dbb4003858d1,group_110_cluster21
56a89975-acb3-4801-9a10-5f38d66ca6b0,group_110_cluster21
018d0301-fbcd-4cb9-8078-eb207204d9b0,group_110_cluster23
11545158-cb1d-4232-989b-f21325554238,group_110_cluster23
07be9c9a-5bbd-43a9-aeed-a785660a3a5f,group_110_cluster23
4bf4c894-78ca-4b04-b8ce-10c65630c731,group_110_cluster9
2fab157e-3e0f-436e-b446-ce2a23ee2823,group_110_cluster9
4248ac00-926d-40e0-b936-6a18f636b3ba,group_110_cluster9
fdba6946-9334-4ce3-ae03-1ae42fbe5cda,group_110_cluster9
25254eeb-e46f-4e6d-a899-e5c19fbfaf57,group_110_cluster9
d03adbd3-97c7-4ac8-b928-bf377c9bd293,group_110_cluster9
553be79e-9079-498f-9f62-a7375d098b8e,group_110_cluster13
59ca91c3-37e6-4c63-9f8c-94c81d0894da,group_110_cluster13
6a19c8da-0856-417e-8f2a-c0a2bd7e353d,group_110_cluster13
745e5a40-cf05-49fb-ba04-5be7bed49d32,group_110_cluster15
d37caee9-4b33-48dd-b247-1d454ee4e258,group_110_cluster15
86efeb96-87ff-4d76-9f16-a62069052137,group_110_cluster15
28738d69-87c5-4d0e-8fcc-da09abb2e7e6,group_110_cluster1
4782ee3d-81e5-4c71-8274-0fa4a53335a6,group_110_cluster1
3dce4e25-99a8-41e8-be4d-6002f25cb37c,group_110_cluster1
33480d4a-58e5-4436-9bf8-2574b0673a60,group_110_cluster1
fccca0d2-25c8-45f6-b582-f9134cbf691e,group_110_cluster8
e9d93a61-e9a9-4640-9a30-16179dd4802c,group_110_cluster8
adb6dd9c-3532-426c-a63c-caafb71796bd,group_110_cluster8
cc12e001-4f31-417b-a2bc-d8bc4d831f0c,group_110_cluster18
26877d36-9c4b-448b-a2a0-5a8c5b8a6981,group_110_cluster18
7d40dd31-56cf-4bbd-a80c-1a7aac97e072,group_110_cluster18
ce1a07a4-71f7-4493-92f4-79ae7a708d26,group_110_cluster25
de672eea-2f21-4849-bf92-8952003b0b6c,group_110_cluster25
3794d2c4-d475-4a2e-b9db-a91f0ea414d1,group_110_cluster16
9999c9ee-c716-4e4b-bbba-f90756c34dff,group_110_cluster16
2030ddb2-66d7-4281-a039-a47c6001a16f,group_110_cluster7
c5e5f3b3-d12e-475a-a0f6-057615649c82,group_110_cluster7
9e674fbd-c380-4274-b50d-920fb3cdbfda,group_110_cluster7
fce5c2db-309d-48a6-a5d3-d9b43cf4dee5,group_111_cluster0
67552fa7-a3a8-47aa-bb35-5e1fb219f0a2,group_111_cluster0
9af481e5-336a-4dd1-8381-115898cf3538,group_111_cluster-1
2cb16133-84d0-432a-9ed6-4d92f35b12f0,group_111_cluster-1
b7dff85f-02d3-443e-92f7-f594bb91c52d,group_111_cluster-1
60c244a8-f5b2-4501-b2f8-431060ee8bd8,group_111_cluster-1
3cedde9a-5439-4c97-bde1-eecaf9031a8b,group_111_cluster1
c6718c51-91d0-4764-afec-bb08e148307a,group_111_cluster1
7e908fb0-fbc7-4596-8cfd-7cb618a8f5d7,group_111_cluster1
890f3c0a-2d30-4e94-bc5f-d3570278c93b,group_112_cluster-1
0c605b88-faff-410e-850d-81e818dde6e3,group_112_cluster-1
8f2ac99b-0842-4e8b-8868-132634626c90,group_112_cluster-1
d2a081fe-678a-49c9-b6d5-e478ccd7528d,group_112_cluster-1
c355b421-c457-420c-8567-ad1139c4cc96,group_112_cluster-1
eda900a0-ce7a-4164-b4ec-4ec76f136360,group_113_cluster-1
2bc9fd23-9fc7-4ca3-8503-73ab9613eb32,group_113_cluster-1
ff6d60bf-4f38-4cdb-9471-547bc0f72bd8,group_114_cluster-1
6f863b1f-2dab-40d2-87c3-c838efc132e5,group_114_cluster-1
51a5e434-ac84-4b4e-a201-15368054483e,group_114_cluster-1
c95cd982-edff-4876-9c82-f8dd9975ae95,group_115_cluster0
1cad2db2-169a-4160-b43e-f191ae86c411,group_115_cluster0
fec1b68c-b709-466a-91d1-98e9e17f86cd,group_115_cluster0
19d06c74-d4d7-4743-b524-2cda4f9bb912,group_115_cluster0
1cc46493-e46a-4eb2-9b75-d33470aa0112,group_115_cluster0
ec94aee3-e029-48b1-a862-7b706447c8ef,group_115_cluster0
768fd2d8-f6cd-4f3b-8485-c5b0cc3204d6,group_115_cluster0
31e28b38-8058-4592-b676-031c6be286f7,group_115_cluster0
7e7d9857-267e-4eda-8c31-68221fa7726a,group_115_cluster0
0efab7d4-d5a5-48c3-ae5a-72d287d09941,group_115_cluster1
9380c251-3676-43b4-b811-6a0e7c74b5c2,group_115_cluster1
43e0c7c2-00a2-4636-8004-8eafff0915e2,group_115_cluster1
8edc5ea0-056a-4556-9ea8-0bea14f2d66b,group_115_cluster1
6d521b01-0819-4a2f-9a9c-db79cd46d6b7,group_116_cluster-1
af002893-2c93-4404-85e0-ea3debfabace,group_116_cluster-1
b38c44c5-bba7-4e71-8a8d-0f1e54d71ec3,group_117_cluster-1
d6dfb05c-7460-48d5-ae50-059492987577,group_117_cluster-1
03706fe6-a8a9-4755-9c29-dbcfb44329cb,group_118_cluster-1
d44e408b-5961-4709-8d26-f55a670f1dd6,group_118_cluster-1
2b143617-84d3-49ae-8244-4b401d42288d,group_118_cluster-1
d4aae222-2ce6-405a-b190-347e506ee487,group_118_cluster-1
6c379c48-2d8c-4172-907d-91232dcd3ea4,group_118_cluster-1
c001f5e7-50b0-4003-9584-14a85557f29e,group_119_cluster-1
dabdc7ea-e46a-4f02-9622-2115fe0633b7,group_119_cluster-1
520c2f09-25f5-4904-b82a-0bbbe049ac06,group_119_cluster-1
811699a3-2e69-4474-8f79-b50658d9a41b,group_119_cluster-1
eb6ce7c5-f3d3-47be-842b-5911269c847f,group_119_cluster-1
33e382b8-e19a-4802-945e-1bb8d46cb14d,group_119_cluster-1
da9f4c3c-944b-4103-ac0a-298cbfd20ce5,group_120_cluster-1
5594c62a-6249-40a2-8305-87aeedfb771e,group_120_cluster-1
57bb6d0e-115f-40bc-80d3-844e18ed3e47,group_120_cluster-1
deb95903-6941-4d01-9e6c-7ed3d6170f04,group_120_cluster-1
5444c329-973a-4941-8083-838ac3202e0c,group_120_cluster-1
69ca38bf-2ae3-4f68-922d-24319967a879,group_120_cluster-1
71847c3c-a017-4abe-9f82-82f81d744ba0,group_120_cluster-1
f430380c-6500-4f97-81dd-e688d2d9f4c9,group_121_cluster0
d8d33712-d864-4d1e-8ef8-9a773bb86de5,group_121_cluster0
571299ae-b40d-4daa-aefa-86101ae1c4a8,group_121_cluster0
6e50adae-5cfc-4b1d-a194-74c4824fc54b,group_121_cluster0
d0033a68-4bb6-4e7b-94e2-2c3f347e8f8a,group_121_cluster0
8a4a2eb0-62a9-47c4-88fb-0f12a5d1187f,group_121_cluster1
4c93dc00-6efb-43b7-9915-6635eb768d48,group_121_cluster1
846bd5f2-71e0-4676-a56b-8c4b220b286f,group_121_cluster1
3b9c9dec-877d-4c1f-8dd4-492f26d68d6f,group_121_cluster-1
cff28e62-7136-4434-b05f-5123b2abf394,group_121_cluster-1
89eed5cb-d7db-4cc9-b234-33f9878f1784,group_122_cluster4
4cffab86-9fe4-4ed0-a83c-311cceb4199b,group_122_cluster4
fc5c12e3-60df-483c-b23a-b125b8b718c4,group_122_cluster4
ef8ede49-0bf9-414c-8db6-e5fb087727d3,group_122_cluster4
4078c2de-2779-4bfb-857f-3396edd42d02,group_122_cluster4
f647b1f9-e4fe-4673-ba8d-40091274cd58,group_122_cluster-1
9a51fca2-b7fa-4747-bfc7-d1fc71a85737,group_122_cluster-1
54e2ffba-9b0c-40cf-91af-1fcada8ae450,group_122_cluster-1
caafec8d-9f3c-4c24-8331-eb1fa2d99247,group_122_cluster-1
246eeff0-f9ff-4aa7-a6c7-b62c10eb642b,group_122_cluster-1
6e12a484-db55-470b-85c3-f96676d96d3d,group_122_cluster-1
b3d4ca99-2bbb-4232-bc1c-f87807fd02b6,group_122_cluster-1
003a5ed5-7fb4-437e-806a-86c5a1b8d280,group_122_cluster-1
bae84a5b-ad3a-4fc0-ae2c-0fced6c5b7ee,group_122_cluster-1
98efcc80-3e94-42e9-ae5a-98c2ba3cc274,group_122_cluster-1
3dfb5658-ef01-462c-99e6-d8dfdf0100cf,group_122_cluster-1
77e57c3e-9313-4423-9e4f-7d76e24dd360,group_122_cluster-1
d7a56771-38d5-4833-a1d9-502574e71217,group_122_cluster-1
b154c7ab-6f8b-4361-9088-b59a4383d8b0,group_122_cluster-1
a2876550-7d80-406f-9578-5931c4c86c07,group_122_cluster-1
394808d0-363d-41dd-8a11-759e0112a54f,group_122_cluster-1
22c7b30e-1719-4456-a079-22de6318d261,group_122_cluster-1
e236dddd-dc04-40a9-9ba6-9171e3ec7c2e,group_122_cluster-1
72df98af-e007-4fdc-b898-4f45b7991f89,group_122_cluster-1
8dd776d8-d6da-489a-a4e6-3ff99a3cf5cf,group_122_cluster-1
32aacb30-16c4-457b-8180-f26a169067e0,group_122_cluster-1
81156e3c-ac4f-4388-9a2b-afacbcec40cc,group_122_cluster-1
7673cab5-863f-490c-b19b-b64b18552ecf,group_122_cluster-1
40801d76-5115-4f53-82d6-88fe6af4d39b,group_122_cluster2
ee7b6cd5-1f94-4b46-9c79-e7e529906ffc,group_122_cluster2
baebb7dd-fd6f-4198-8d61-3257a95593e6,group_122_cluster2
c56fdcb0-96f2-4c80-916b-682c551d831e,group_122_cluster2
f5fcd32e-c0ba-4ee2-96c4-e6fd400698f0,group_122_cluster2
a3593147-1af4-42a0-bc6a-5fdfa819b049,group_122_cluster2
e5bb081b-6946-4450-b2ef-fb22ab79d26e,group_122_cluster0
816015ec-3277-43e1-8bbf-c13d1fb2cf42,group_122_cluster0
bbd3dda0-41f9-4eb6-aa7c-a69846081408,group_122_cluster0
1890b0b2-edd2-41b7-b099-f88a37b2b219,group_122_cluster6
7a1c5017-ed94-4731-86ba-3afa51ed8e12,group_122_cluster6
908dc664-653a-4763-b9ee-8c750d192492,group_122_cluster6
5cfbdac6-805b-487b-bda2-83e0a8d375f5,group_122_cluster6
2bbc1217-e5ba-40a6-993c-bf6ac8c59016,group_122_cluster6
9c8520d5-e6d7-4619-94ed-887736edaab9,group_122_cluster7
cb2d008a-902d-46f8-a685-7fdf5d101788,group_122_cluster7
79c14a99-11ba-4ef2-8741-370d3615b4c0,group_122_cluster9
ae0bb59a-c27a-419e-86a7-c3359ef9fb08,group_122_cluster9
93df1f84-1ade-4dc8-9946-b9fb0b9f4335,group_122_cluster8
90631738-eaa3-46c2-9980-85be5a03ad3f,group_122_cluster8
9c9cbe54-375e-4c1f-9762-ccd90f6edae7,group_122_cluster8
94788d51-290c-4a8c-80c5-a39b06ffb462,group_122_cluster3
a584a0de-6d5c-4040-924d-7d128376d286,group_122_cluster3
305e1032-f102-49e8-a99b-883b2e3c0748,group_122_cluster3
978a60ab-d35d-442c-a282-3d064cef4447,group_122_cluster5
53695e72-287a-41af-9c50-716cdea5528f,group_122_cluster5
7f857e91-4912-40a1-b83e-81c1e4444b9e,group_122_cluster5
e8d07f66-c357-4ed0-82f2-b390d49c7956,group_122_cluster1
89512e4a-3296-4198-80ff-df414765ea4b,group_122_cluster1
41bc99d6-24f0-4a7b-8b45-9f4b724340e3,group_122_cluster1
b4b263fb-96a5-4c42-9b71-d9616dbba659,group_123_cluster1
4782b288-24de-4ffa-b001-11dfe32b5cec,group_123_cluster1
9102144b-2432-4af8-9045-a13e3c9a6a78,group_123_cluster1
5925978a-3bce-4559-905d-a64bd201d66d,group_123_cluster1
ff9af3c6-b16f-4d9c-ba9d-c964c0fadc68,group_123_cluster1
670bb517-bcc4-43e6-9b8c-95d84292fa5f,group_123_cluster1
464af0b7-9e75-4880-9794-6931949b17bf,group_123_cluster0
d2f48f5a-8570-4777-8a1e-efe9ee633b3c,group_123_cluster0
9b421c40-9875-492d-93a9-e202658449cf,group_123_cluster0
38598ca8-2e69-4324-901c-231aa3919050,group_123_cluster-1
5de7df1a-a3ee-4b23-bb86-1ecfb2061dca,group_123_cluster-1
04eb1a71-35ab-48e6-a160-7b004edf6564,group_123_cluster-1
08ba6cc4-70dc-4121-bcf8-906faf4b2b54,group_123_cluster-1
05d9112b-ac99-4529-a30d-e1c277c14377,group_123_cluster-1
c27ddd70-9d6a-49c9-a529-1c40957008f3,group_123_cluster-1
070c0587-5bbd-458c-b282-e7d68a7b1940,group_123_cluster-1
97c140d4-14a7-44e3-915a-b0124b43aba0,group_123_cluster-1
7807f969-8354-4f90-bc23-096c832a38ca,group_123_cluster2
273be9df-e633-4049-8ba4-f10c6a28f0dd,group_123_cluster2
c90dba8b-ca09-40e9-9a36-3bb2bb5b41ea,group_123_cluster2
9aee218d-6de6-47f4-9210-337a49f4c804,group_124_cluster-1
035b2a1d-eb8b-46f1-81a7-8ee8f27340ba,group_124_cluster-1
a62c54fb-b39f-4203-9e51-c2bc48b614a1,group_124_cluster-1
b4cfc568-c125-41f1-8024-2557daefb4f6,group_124_cluster-1
3fb453f3-2db0-4bbe-a95d-5aec699db858,group_124_cluster-1
5564f2cc-f95b-4979-b122-e9c07e914404,group_124_cluster-1
55dc4733-2492-4798-bf4e-63c6e39817b4,group_125_cluster-1
9a8eff95-9dba-4cd2-aa06-40c789d10be3,group_125_cluster-1
21187a2f-d9a7-421e-b7b8-1dca560a404c,group_125_cluster-1
6efd08f4-520e-419f-b31d-721f9c7c3286,group_125_cluster-1
d72a45ed-edc6-4b09-85c4-692b13268e8a,group_125_cluster-1
38060a72-76ec-4ef7-a07e-aad5eaefc5d5,group_125_cluster-1
7cf7ed99-e3af-4538-acee-74d7db6b1e7f,group_125_cluster-1
4d748c67-d5c7-464d-a399-29f64782fa94,group_125_cluster-1
49ea6baa-6d03-47e6-988a-9c913154f9c3,group_125_cluster-1
24a70b9a-767c-4209-84ba-2b7fac49a59c,group_125_cluster-1
daa92e65-54c4-4b05-9801-32697447bbe6,group_125_cluster-1
5caef7cd-fbd8-410c-b417-04ff283a14c5,group_125_cluster-1
de22a0ab-4b24-46f6-ac5b-463cf478e11c,group_125_cluster-1
d4e2850e-004e-4f2b-90f7-a6887919155d,group_125_cluster7
c370d3bc-480e-42e9-a2d5-6f3365d37ccc,group_125_cluster7
926c5a21-c4db-46a3-a992-04ef3a67c6de,group_125_cluster7
c255afd7-a94d-444c-bc41-697ea86ed5b0,group_125_cluster7
49e842ef-df6e-4264-99e7-82ee2c6df511,group_125_cluster7
87a79399-dc9f-4b64-ad7d-3a005ed7ce03,group_125_cluster7
0fca05a5-d5e2-46c9-a3af-937be906698c,group_125_cluster7
bc6f2f98-a1a0-42e8-ad17-255a07532a92,group_125_cluster7
336c35de-0c47-49dd-9d8f-8a2149cb2c35,group_125_cluster7
42a45356-3646-478b-9a22-9d81d26f267a,group_125_cluster7
0f5e2115-4305-4d2a-a2d0-42866939dbc4,group_125_cluster7
2e66a299-4b38-4a14-a70a-30912c196be5,group_125_cluster10
05a73a4c-568d-46fa-9aff-5478431e85a5,group_125_cluster10
711a2340-54dd-4865-9e3c-1c395c5179e4,group_125_cluster10
3fce0c7e-8a57-4eed-8102-8ca5770704c8,group_125_cluster9
b7f7131e-1a9c-45ae-9a05-942057eadf4d,group_125_cluster9
0f39fc8f-f8d4-4599-87d4-07cf666af634,group_125_cluster9
80b503a5-3f61-4079-a8ec-3c25176eadf1,group_125_cluster9
7102780d-32e0-44f5-916a-01fa4dd73c1c,group_125_cluster2
93d39482-2e1c-4047-9078-04c0d7ef196d,group_125_cluster2
1a664a11-2eff-4901-aafc-7e9435edc050,group_125_cluster2
ba0bc7e9-8f05-4964-bf9c-545ccb00141f,group_125_cluster2
fdc897da-bae0-435e-9f74-02fd3494d6ff,group_125_cluster2
9e6c2987-0100-4361-a732-5b0d5c3b443c,group_125_cluster2
b49fb7c6-987c-43b9-91d7-4c06a10e046d,group_125_cluster2
f00c8e76-84ca-4a5e-a29a-f6693d65d0c8,group_125_cluster2
5cfa695d-7ef8-4f4a-a648-ba4816896b6a,group_125_cluster2
bc39b58a-62ab-4068-a420-d10e867997c3,group_125_cluster2
9735b773-237e-46b5-9685-ae9df8081f1f,group_125_cluster2
5aa32604-fd61-4d4a-8dab-83cc76a61f85,group_125_cluster2
d2a8093d-e1b4-44c7-84c2-d258c84cc730,group_125_cluster2
f60ab4eb-969b-46f5-866d-d273f8da58ed,group_125_cluster2
ccea684f-65cd-498d-b062-76292f046301,group_125_cluster2
e5ec565a-3b5e-4f43-97dc-a514db567f13,group_125_cluster2
1a69b22d-0016-4a74-8092-b5b627c01cb7,group_125_cluster2
789e3ddf-d99c-4c52-a19a-d95af6683eea,group_125_cluster2
fd0b58f7-8d37-44b6-8d1d-4813b9e1c8ed,group_125_cluster2
312b1f6f-6151-443c-8911-d47103e0bb8e,group_125_cluster2
18773ad4-56d3-4b83-b0c2-ae162731fcb9,group_125_cluster2
1e86111e-0535-4d44-9ef9-fe884f694292,group_125_cluster2
48cd12aa-eab6-49f5-855b-0c400926c857,group_125_cluster2
b9fd793a-c0b1-4ccd-a44d-6eff4d1a0d7f,group_125_cluster2
dcb161e2-fca4-4f56-a034-dbc9a6177276,group_125_cluster2
c0f3571c-8ae1-42ff-9a68-935e53ad6ca9,group_125_cluster2
d830ff86-4f6f-4bf1-a7a0-483edeff2fd8,group_125_cluster11
0f4137f6-80ff-4e89-85bb-0df0c33b129f,group_125_cluster11
1ce786e0-1d9a-4594-9fed-233dff38088c,group_125_cluster11
82c8e3bc-8e98-4807-9fd4-922d0456d1eb,group_125_cluster11
93bdd3e9-79ad-4915-bada-34e39224c5d1,group_125_cluster11
251dd249-f267-4173-9caf-451ac37c1d24,group_125_cluster4
3c164fb8-f320-4506-a6a0-eead0d253739,group_125_cluster4
55ccf2f8-ddfb-4fc0-9ff6-c58097802e8f,group_125_cluster4
a71d481f-f8d9-4a05-b377-0b56983547af,group_125_cluster4
d151b1d1-a630-4f88-b4aa-85f48686cf5a,group_125_cluster4
fbd47143-843c-43cd-b5ea-5cb13c6e1a25,group_125_cluster4
6e2eef75-0bb2-48ee-9fb9-ac4f0bb55629,group_125_cluster6
524e680f-56db-4197-876a-09057b4ff757,group_125_cluster6
5fd400a6-ec0b-471a-bb9e-1d711c7c2832,group_125_cluster6
9a6a7236-b044-4f4e-b007-58024a2c5566,group_125_cluster6
cf74f4bf-e736-404d-9b87-8f5f8e867fe0,group_125_cluster6
1489c816-d005-41c9-ac1f-65ec2162763d,group_125_cluster6
9a3ad370-b0d3-417b-b4dd-ece5b2b25abd,group_125_cluster1
43d71832-b3f1-455e-8d3c-8c664eee48c6,group_125_cluster1
64811195-3de9-4286-bc65-41ed29fad468,group_125_cluster1
522f418e-5f60-438c-854a-60f38a380e5a,group_125_cluster5
e3c0baff-6c96-4c59-bc02-21f41a267d61,group_125_cluster5
4ac371a1-15b3-4d31-9509-4d133e0e07b5,group_125_cluster5
deb8ccf1-43c6-4c16-bd85-464157347eef,group_125_cluster5
8d3d6bbc-d907-45d9-8a9d-bda0e8b50600,group_125_cluster0
d29f5e96-b7f8-424a-b79e-923be4aa682a,group_125_cluster0
2eabbfdc-2b79-44b0-b6f3-93464305c6d6,group_125_cluster0
a5b6e6c9-a9fa-4169-8ee3-4985f563c1e0,group_125_cluster12
05b07c3c-dd2b-4b41-b19a-6d339c098a3c,group_125_cluster12
98c14761-1c55-4aeb-b39f-93cebb21cedc,group_125_cluster12
3f1e6124-47dc-415a-926f-9adff733ffbb,group_125_cluster3
8f36970b-226e-462d-b0d9-de197427d763,group_125_cluster3
dd604cba-04f7-46aa-972c-2ffc26e57d31,group_125_cluster3
1aa20f1b-87c1-4433-9b3c-1ef388e5a8d5,group_125_cluster8
23700da0-483e-4845-8e89-e034ce41d46e,group_125_cluster8
b36228f5-1835-4ac1-8d6d-d0c0b3dfa704,group_125_cluster8
b0678c83-e674-4c03-aee2-0182d5ea9519,group_126_cluster3
62a41779-dd84-4b5e-827f-620ad9761267,group_126_cluster3
4253c995-7126-4cba-b57c-b7320245c7be,group_126_cluster2
9cd31a03-4252-46bb-8458-0fa7a8417501,group_126_cluster2
24089988-c970-480f-9c92-a3ade2eca44a,group_126_cluster2
7883dc74-8880-49c3-bfa9-42443e83b255,group_126_cluster2
6623ab94-758b-448e-bdc1-965276c29738,group_126_cluster4
2c0be83d-0399-46ae-b021-a15eea57c2e0,group_126_cluster4
6feca643-ce8e-4126-bc14-f6f842c118f2,group_126_cluster4
6bc2d9e7-6728-4dbb-8d20-ecc660a4b5b8,group_126_cluster4
ad0c29d5-4901-4859-9f97-9d5da6ddd5f2,group_126_cluster4
863557dc-1c2d-485a-959b-e164ce4fd846,group_126_cluster4
50759c3f-d712-41b2-abad-8b0a90d18307,group_126_cluster4
5eb42df5-f3b9-4a16-b426-4944c1a81085,group_126_cluster4
e25ba969-1a47-4bbd-9145-5ec688ac30ca,group_126_cluster-1
815d871c-5e58-4f3d-8ab6-ae0a23e9aff4,group_126_cluster-1
bf341236-699a-4583-8626-d46052d72a33,group_126_cluster-1
3a26e3cf-4c55-4996-9557-a03331a1b85d,group_126_cluster-1
07a5ba3b-371d-4320-bdaf-5ff4b085e332,group_126_cluster-1
d985cd72-8e6b-4c4f-b65c-54f63413b3cb,group_126_cluster-1
caf1a034-2148-489f-8199-4a667ecc5e4c,group_126_cluster-1
6369a8bc-d5a7-4b93-beb6-72e0ba860fe4,group_126_cluster-1
98d9bad8-a347-4cfe-9aab-84678318d0f7,group_126_cluster-1
f7c4e5c8-3e9d-4812-9336-2950ada93514,group_126_cluster-1
f6b4933f-03bb-4a21-af36-5d005545e0d1,group_126_cluster-1
371a9938-1053-47cb-900d-fbfbaee7fc63,group_126_cluster-1
fb51b093-9230-4fc6-b363-84e89dddf2cd,group_126_cluster-1
9568a5bd-2ae3-4238-994b-fc04836b44f1,group_126_cluster-1
94ea9c9b-3b02-4c31-a862-212c2ada6705,group_126_cluster-1
9c5e43a0-7526-418f-8f9d-e3821860ca2b,group_126_cluster-1
90a4955c-4738-4e26-a091-7ac8a69ad919,group_126_cluster-1
a6698ef2-68ab-4c7e-81da-f04d7d9ba094,group_126_cluster-1
645bf847-cf17-4289-b2a8-c3cfef05726f,group_126_cluster-1
d1a4aced-84ec-4efe-8291-8bdbcb93023e,group_126_cluster-1
25d4ab3d-e1cb-4e8a-a6a4-6e3198db7ef8,group_126_cluster-1
3e68142e-59db-4bee-addc-66e44cdacdd5,group_126_cluster-1
d9bdb241-82e5-4cb9-9747-9379d3797670,group_126_cluster-1
0e9ad2f6-1239-4409-b1d1-8389b9b829d5,group_126_cluster-1
d2e9e3f8-0585-4275-bd6d-9d3f807cdf65,group_126_cluster-1
3320114b-7da4-4945-ab47-83cb54efd096,group_126_cluster-1
80055b93-fdce-4f26-a526-e52ed8a93fdc,group_126_cluster-1
6ceef929-1ce5-4260-8724-cb38ec67f952,group_126_cluster-1
e7d13d79-6d4a-4d90-a79c-8ac3cb08a4d9,group_126_cluster-1
23932808-d9c3-4ef6-a356-9f5adeb28ca1,group_126_cluster-1
2eed0197-fd11-447e-801f-0c06f449506f,group_126_cluster-1
6b65d441-c39a-40ee-b0a0-2f5e5f0a7ff4,group_126_cluster-1
7e7fc655-7037-4458-9799-2b6e678d7118,group_126_cluster-1
90c51097-c5bf-4895-8d7a-69acd7241d2d,group_126_cluster-1
99a72e56-e07e-4b05-99cf-c090e329d4c1,group_126_cluster-1
9e1261b6-45c3-48d8-84a5-06ea291715a7,group_126_cluster-1
0278795b-b0bf-449e-8876-e474f8547507,group_126_cluster-1
856ae4ea-eed2-49bc-a4d9-1833b179ee74,group_126_cluster-1
834e4dce-84e0-47b5-848b-03989451d764,group_126_cluster-1
9c697091-2183-4d89-a887-e7f4b46c0ac3,group_126_cluster-1
cdd981c1-6809-4ef4-ad51-e64e1eb204ff,group_126_cluster-1
53a2f932-65a4-49b4-9b89-7410f0565074,group_126_cluster0
db434a4a-1e56-474a-b77e-557897bd470a,group_126_cluster0
d5ac9d1d-eb49-48b4-a65e-9d275d580774,group_126_cluster0
07246814-aeab-46c6-875b-d6dcbf829ddd,group_126_cluster0
e167f8bd-bc2b-4d6c-a4b8-bb2c9e7af351,group_126_cluster0
537c1670-f9db-44ba-a4f6-d11466a5002c,group_126_cluster0
21f1a15f-bf1d-4bff-b7cf-849568c4c6ad,group_126_cluster9
31b9d02b-9928-4f66-9cf5-10353378e30a,group_126_cluster9
8345268d-929f-478e-8b72-1543ac66389f,group_126_cluster9
d13b5987-f574-4af1-8f3c-56f9848c9c97,group_126_cluster8
a2bd4319-bbc1-4f08-9302-f40bb1840e95,group_126_cluster8
065f5b08-bcf6-4437-b982-50e4718c50c0,group_126_cluster8
79df6edb-e937-4b24-9639-c122fb107f94,group_126_cluster8
8150da4b-4404-42a6-9d36-8b7c68dd9528,group_126_cluster1
81e9a013-38c6-4898-9272-3228a726b328,group_126_cluster1
0cfc43d6-a5d2-43fd-885c-a43f4dc0cc92,group_126_cluster1
e5d34585-bab4-44cb-8db3-8e0e03d9f3ff,group_126_cluster1
55484027-e674-4740-ba15-dcf0cdec05b9,group_126_cluster6
2b9c4727-5634-4c37-9f3e-1c5f13771cbb,group_126_cluster6
b3e68869-7714-4bdf-8485-82c0ead9c8f1,group_126_cluster6
b07d4a03-1df1-49f0-a825-f517c9304389,group_126_cluster6
81a29eee-0072-40d3-96eb-97fdcdb4be20,group_126_cluster7
cabf0910-4c93-4d07-950a-1ff6343abbf9,group_126_cluster7
57bc1362-8bd0-48e4-ad14-6ee7afbe8984,group_126_cluster7
d6a7e256-ff49-4ad8-920c-c26da26c9ffa,group_126_cluster5
109ebb7f-d709-4589-89fa-5e11eda1b70b,group_126_cluster5
1ddfec2c-c1d6-4598-ac7c-f4aa4275ebf2,group_126_cluster5
b2cfe02a-b12a-4005-8805-5b903fcfb882,group_126_cluster5
1814474e-bd44-43f8-b31f-32bb364f4f3c,group_126_cluster5
6f302b78-9a86-484e-894f-bb39220931a3,group_127_cluster7
755374aa-d424-4c6d-a8f7-3c41819526e3,group_127_cluster7
e22e014b-1902-4421-a997-a5075ebba693,group_127_cluster7
57f2de57-8167-418d-8891-7d58d1705646,group_127_cluster-1
64878b16-b561-4c5a-a6c4-5a755975e168,group_127_cluster-1
be0b5eaf-5a24-42a1-be8e-0799d2934cc0,group_127_cluster-1
28a311e1-b62a-439b-8f13-235403cd62f8,group_127_cluster-1
9c4a9694-b9b7-470f-97ca-26256451581b,group_127_cluster-1
39c36bc8-f55a-43c3-b2f9-33dbc405c111,group_127_cluster-1
3a5b485a-294a-44d6-a516-f42a9762098a,group_127_cluster-1
b16113a5-573d-4bc4-9176-6bf07607af76,group_127_cluster-1
05777b43-7e66-4b02-9d34-558802b7d6b5,group_127_cluster-1
d2ec28e1-13a5-449a-934f-db0d0c38d281,group_127_cluster-1
dbdb2c3e-f80e-4c1b-bc59-a84737b3f482,group_127_cluster-1
f8d6afeb-846c-49c5-96be-ae26d13373f3,group_127_cluster-1
9ee8e712-e0a4-4f2e-a463-ba53c467b2e7,group_127_cluster-1
82dc84ea-d6c8-48dc-baf3-a2be373c2bb3,group_127_cluster-1
7f0b8e9a-72f4-4fb6-81d2-b74331512f59,group_127_cluster-1
501287dc-a66e-412b-8343-104fe972aeae,group_127_cluster-1
89b1911a-6b66-4f95-801c-58900584b66d,group_127_cluster-1
8eac50fd-4ded-43e4-9f95-0edaff927a78,group_127_cluster-1
b6320e33-6bde-4125-813f-853550242acc,group_127_cluster-1
c418eeb3-b92a-462f-bb8d-a73c1e61ee94,group_127_cluster-1
8b66f88f-47f3-48e6-a8b2-3340cc934606,group_127_cluster-1
c78c33b6-756c-48ca-9ffb-c4ffb0cf9821,group_127_cluster-1
62400df8-05c0-4b42-a51c-78b207a2be4c,group_127_cluster-1
254bddbd-7a58-4ab4-a611-096664b7fcbd,group_127_cluster-1
638d570a-fa7d-4dfa-b9ff-d2d6aa900fe7,group_127_cluster-1
664b2284-d83a-465f-81d6-5458b3476eec,group_127_cluster-1
16f829cd-7e0f-46b4-bac9-eb91a3c9777c,group_127_cluster-1
b02c223d-755c-42f7-94bc-fc741c8cbd0a,group_127_cluster-1
f305d44e-f693-43bf-a559-60df2aac7102,group_127_cluster-1
1892d0fe-44e2-4e7c-92e6-bcb241e36e3c,group_127_cluster-1
f4d4728e-e63c-43d6-ae91-44d9f2da09ca,group_127_cluster-1
3c9a4a84-2299-4ab2-9a5d-324f4cc0c2af,group_127_cluster-1
f0e1f1f0-8f7a-4094-baaf-b4cdcf875673,group_127_cluster-1
9bc39c74-c68b-4434-b431-86fea5f00b83,group_127_cluster-1
de509642-2dca-474c-b46f-d779e321c505,group_127_cluster-1
f3d1f94c-c99c-49a0-b287-83f90c234737,group_127_cluster-1
bdebd63a-1cb5-4351-b5f0-79edffc033dc,group_127_cluster-1
806ee8fa-f927-4000-807c-f9ed47cdfba9,group_127_cluster-1
dc3bcb31-9d71-4569-b298-9c724a7c822f,group_127_cluster-1
86cd309a-ef71-44b8-ba0d-961e7374d254,group_127_cluster-1
3621552e-3e02-435e-a830-83389923419e,group_127_cluster-1
0c0c6d32-3916-422a-96f6-136f00715615,group_127_cluster-1
478f6691-1da3-4d47-b5df-d66520a78cb2,group_127_cluster-1
ea8486d8-b276-4fca-ac57-16c0d6ad847d,group_127_cluster-1
8ff0f0e1-3e67-445d-a134-d7b1cbe02a9d,group_127_cluster-1
02fa887a-06b6-494d-8db0-981443f8a808,group_127_cluster-1
3669c5b6-8732-4cf5-94cb-9dc7466431e9,group_127_cluster-1
71071eb3-412c-419e-8f4b-ab634245b927,group_127_cluster-1
ad470714-209c-45fc-8f31-c5066934e3ae,group_127_cluster-1
4a4a1c0d-379d-47f8-ab94-a178c802bbc3,group_127_cluster-1
8681ad86-6467-4c10-bb07-80aa9a824d76,group_127_cluster-1
2c2e1178-e5c6-4f57-aa98-e3dc11fa34b1,group_127_cluster-1
d3e652e6-c447-4fe2-967f-2c82a8d7458c,group_127_cluster-1
0fcdef72-2eca-4975-b113-61fa71b4121b,group_127_cluster-1
2f3b8bc5-4fd1-4809-8f72-d8710675d0af,group_127_cluster-1
953036ad-3481-4e72-928a-b8e67d7ab680,group_127_cluster-1
e34b235d-b231-44db-8b86-35c83dbed268,group_127_cluster-1
0b7548e9-f707-49f8-a330-ff8ee14fe7c4,group_127_cluster-1
d6d0a870-4ed7-4305-b3c5-4741dae08df3,group_127_cluster-1
fdd0eed9-9e05-4ca9-a832-b9cca492151d,group_127_cluster5
852b9fae-0e3a-41d5-a2bb-4242c00c2a63,group_127_cluster5
9f300e81-4ec9-448e-b804-82b46c14dbaa,group_127_cluster5
0aaddf5d-8686-4fe8-8ed5-4421f991b225,group_127_cluster12
bf77c639-45b7-48f4-904f-4a7ac7c1b064,group_127_cluster12
ef8498ba-8b17-443c-9946-7d4a2325427d,group_127_cluster12
cb420a49-fadd-4155-89ad-f08bed4bca55,group_127_cluster6
2322fd45-45d7-4ec3-a415-b92df04d706e,group_127_cluster6
abf87708-3c92-4074-aa0f-c93a4ab7273b,group_127_cluster6
48d98149-4d84-481b-9c04-87013e93b5ff,group_127_cluster6
d0c1294c-78ab-46dd-ba6a-45579584894e,group_127_cluster2
f76fe16d-5d63-425c-b42a-a72102251fbf,group_127_cluster2
7c8d86d4-bb42-47e5-93b0-bd2926a838ab,group_127_cluster2
3cdfd24f-785d-4a35-bb8f-4defa199a5d5,group_127_cluster13
644ce4b0-d3f9-43ad-be6e-377cc379d81a,group_127_cluster13
8d664909-0830-4574-9417-1f1dfacf538c,group_127_cluster13
0ee2348c-f92e-4dcd-adc3-72f5f53a0ee4,group_127_cluster13
b80a800b-5613-405e-9247-75cb7846d765,group_127_cluster13
a5b06801-5041-4fe5-bc4e-6bbc18a0a690,group_127_cluster13
2ef3d848-ce63-4854-8356-b9ab0d4d85fe,group_127_cluster16
2fd37d51-3612-444a-a318-442e95371a31,group_127_cluster16
c674980f-c10e-44af-b071-23b3dbc4afc1,group_127_cluster16
19ecb8dd-b444-42a8-97c4-d7b17d83d58e,group_127_cluster16
7ac34d89-eb23-477f-ab09-ef282038e11b,group_127_cluster16
73890ff0-bb3f-479a-b136-763f033bdf28,group_127_cluster16
15c27ac5-7107-4238-89b4-49fa9634a3dd,group_127_cluster15
d0ed7802-2c11-4221-ab0a-cff5689abfd1,group_127_cluster15
85858b3b-263b-4fc7-92a6-b2ac7eecb78c,group_127_cluster15
b5b16712-5fdf-44c7-bac8-b4e096e2018a,group_127_cluster15
97efd9e0-aeaf-4f77-9910-b65a183dd545,group_127_cluster9
decaaf99-9c0d-407a-94a9-e9f803a2288a,group_127_cluster9
9af44cc9-dc34-422e-a51a-1d783fc8a19c,group_127_cluster9
59a3129c-b45b-4316-8d96-41abfb28c14f,group_127_cluster9
7a0e6256-e879-4c42-938e-2b1f979655c8,group_127_cluster14
d9ea60c3-ac97-4a91-ba1d-2c0939cb7ccf,group_127_cluster14
97eb9f1b-e1b9-4515-97c1-1a4cbe278f19,group_127_cluster8
383be8a9-d355-4b71-9ba6-236e04cf7426,group_127_cluster8
5d47d606-c0ea-458b-93fc-5555fb8a3adb,group_127_cluster8
958493be-0bee-4c63-bdc2-8007f0b12f09,group_127_cluster0
9fcbb98d-7b48-40ee-9a41-5a9779542bb8,group_127_cluster0
caa035dd-0ad5-40fc-b676-6ddd3dfd9751,group_127_cluster0
dc8d75d8-64fb-424c-8144-4f62bf5d9166,group_127_cluster11
5f295db8-0626-4154-800f-5414e657d181,group_127_cluster11
fd3cba8b-e572-4d80-ba05-2e2f0b60f36b,group_127_cluster11
ece120d1-d0a2-4613-a54d-7d72d6ba5d00,group_127_cluster11
1abbf34c-fd8f-46de-9b95-57d291a8dd46,group_127_cluster11
5659eb44-6c51-4a4f-a525-cc3d7363ead8,group_127_cluster10
b1b5ed65-4fa3-4530-a297-603e04448a88,group_127_cluster10
76ebfa2a-5057-4c57-9066-394d5466cd0f,group_127_cluster10
0edf516e-ac5c-4a9d-96ef-3daf9c84de4a,group_127_cluster17
e9a7d797-2ab3-4397-9136-a8bb0ef29eae,group_127_cluster17
d57c8214-00fe-42c0-951e-1d1d3c61eb3f,group_127_cluster17
9db2513d-6c83-4c5e-89a7-e34252ec5cfa,group_127_cluster17
ab55c026-fcce-4e9d-aaf9-c20be41008e2,group_127_cluster17
41c5bfa0-9e81-4bf9-80ca-8ec45a0b386c,group_127_cluster17
e1b0c974-ee67-4be2-a8c0-81e5a3731df3,group_127_cluster17
189487cf-224d-4fae-ad67-c79bbde304c8,group_127_cluster17
f565b4a8-2a3c-44c7-bb73-bdd3d9f1c86e,group_127_cluster17
fc0d7ee9-bc0c-4d91-a1e0-49411c7ff779,group_127_cluster1
ef12faf0-2e87-450a-92f9-eff272c6afeb,group_127_cluster1
26d17458-d07c-4e5d-81fb-2365437c5f29,group_127_cluster3
67a7ebc5-189c-4c6a-9e65-55a17f843e03,group_127_cluster3
9d8ed259-2344-443e-a378-3f86012c477c,group_127_cluster3
e4de7d3d-949f-4350-889d-aef22e1097c3,group_127_cluster3
8eb47d2e-524a-48a0-9337-64e668889dc3,group_127_cluster4
9fe0cedb-40f1-4aae-9e0c-3a2af5143bff,group_127_cluster4
3faab8a6-52a3-4c9c-87de-c4b36d855a3a,group_128_cluster-1
dfcd4257-1038-4126-a8d9-3bf99ad4877f,group_128_cluster-1
57da63b3-7ac4-46d6-b53c-821dfd124bf1,group_128_cluster-1
362f9cf0-679d-4991-80b5-6900ae42459c,group_128_cluster-1
02ba4b6e-a6e4-4faa-ab53-dfe05085ff06,group_128_cluster-1
4e8ce266-04a3-49c4-b85e-160c7896a5d3,group_128_cluster-1
61e0a308-cdf2-448a-9b29-0047fe5fc4aa,group_128_cluster-1
4fc6168e-c965-44e5-a640-f22ec2fc23aa,group_128_cluster-1
6ba1a0c6-0738-42ee-a5d6-b755dbf1cd6c,group_128_cluster-1
5c7b8b2d-c9c7-44ea-a871-7fb348ea9a78,group_128_cluster-1
f87346a5-0e0b-46be-aa23-a82894c764bb,group_128_cluster-1
a1fe8c5a-e325-4046-bbe1-6091402d6f0a,group_128_cluster-1
1a818a61-e2f0-4066-ac83-4c893541eaa7,group_128_cluster-1
e9d9303d-1f6d-4770-8540-ee8c75243e29,group_128_cluster-1
d2e2df1a-4690-4178-96a9-934d836deefa,group_128_cluster-1
afbb71a7-bd24-4441-942d-837019af0f0f,group_128_cluster-1
fae592b2-69d4-42c6-b054-e3a91ea57678,group_128_cluster-1
19b309e5-8934-4930-b0ba-a4f7f078fc51,group_128_cluster-1
7913a35e-d63e-437f-b8fa-ce4745545149,group_128_cluster-1
4b07dc34-f4a6-4d91-8120-cb10b6f99893,group_128_cluster-1
6e038d43-b638-4479-bbbe-b8914b4b6bf8,group_128_cluster-1
b1a0f520-f869-494b-b70e-cdd290c2df9f,group_128_cluster-1
f946f36e-5a02-422b-a92d-645b7b523e0c,group_128_cluster-1
a1631278-0393-4f48-bc55-f3d7759bef71,group_128_cluster-1
3d1f960b-e8f4-4445-8315-4d34dad6b579,group_128_cluster-1
8530df37-7560-4446-97be-1e633d56c8d9,group_128_cluster-1
b3839aa9-7dac-4dd1-8a6f-218aae80e46b,group_128_cluster-1
42ad69e3-26e6-44f5-8b8d-47e0801ee170,group_128_cluster-1
a7fa35d3-6964-47e4-8561-c1b0957720ae,group_128_cluster-1
4dcd95f9-7c9a-462b-a314-9f625ac62d45,group_128_cluster-1
34290f93-54ca-4b2c-b319-cbd70292d0a2,group_128_cluster-1
4d461364-3722-497b-b24a-a186cfe58f60,group_128_cluster-1
e51e0eff-c8a7-4e2e-8bcd-f453f48825db,group_128_cluster-1
d8c4fddd-d052-44a4-a7bf-af34127eaaba,group_128_cluster-1
66eac293-0f0e-4111-bd2c-9a7e2e4d85d4,group_128_cluster-1
0449b451-6a23-43ac-8e5a-e06c4ec137d3,group_128_cluster-1
3deff477-049d-405d-b601-c1cbde8e2f5e,group_128_cluster-1
82920f4f-8be4-4823-9868-6d90b7740b5c,group_128_cluster-1
ba760756-32b9-4810-9a28-f7cdafb057ae,group_128_cluster-1
f3647ddc-8e13-4d5f-b9c6-cd424b84a873,group_128_cluster-1
c1af0c72-9d4a-4c25-84b8-0ed4bf1ffe43,group_128_cluster-1
41587088-f54e-44f9-830a-5cf00800ee9f,group_128_cluster7
be391f6d-005d-49d4-a7a9-4c1c0731a7f4,group_128_cluster7
bb4d773e-00eb-42de-bf38-3a97ca7ea7c8,group_128_cluster7
e6dccab3-374d-41b1-8a8b-1cd9d634c8e1,group_128_cluster3
9fc2bb43-578c-4969-9a01-38eaf8f38da0,group_128_cluster3
1b85c840-ef47-439e-9b8d-700c88990b6d,group_128_cluster3
8eb27917-9ac9-4e6e-bfb9-09a1deb2cd71,group_128_cluster2
87025dbf-4bd9-4c58-bb63-032e9189135a,group_128_cluster2
7bc5ef7c-3b8a-4792-87cc-ed30fa502329,group_128_cluster2
3b7e922a-e77b-4903-8a56-4c3f44cbc16d,group_128_cluster2
168644c6-411f-45ac-a400-3d0939e2c0dd,group_128_cluster9
85d9bb74-addd-46b9-b21c-02b9a458e501,group_128_cluster9
d164cc55-e48c-4d33-b6f7-9e67ec6eab6e,group_128_cluster9
a4599063-4d88-4572-a4c1-3b04af9671ca,group_128_cluster9
357d9793-bc85-4886-ad0b-c47f9421a3b1,group_128_cluster9
14f871f3-1455-4faa-bee9-28bc5ce02e2e,group_128_cluster6
660addea-81fd-42cf-ba04-1a88f492779c,group_128_cluster6
be505f5a-c786-41a6-a7bc-3b155d83d213,group_128_cluster6
39e89300-a376-4de5-b2ad-c781049b6d6f,group_128_cluster6
bcf68949-85f9-4eca-9c3b-9c9d88736aa7,group_128_cluster8
ea09fe30-ac90-4e16-aff1-7ec7d545f6e0,group_128_cluster8
35ae2e67-0e1a-42e9-bd74-cec93528348a,group_128_cluster8
d84bd141-852f-43d1-b5a2-3d60fd5788e6,group_128_cluster5
6044d8f4-e575-4bb2-945b-a12d3e6decf7,group_128_cluster5
9b805735-55da-4633-a6f5-110947f45c5c,group_128_cluster5
6b5d6686-c703-40ed-b5cc-8c1203a698d5,group_128_cluster5
60d8c427-490e-4e39-9f23-c1210af8f06d,group_128_cluster1
b949b0fa-b16e-4d81-be5f-12a657161f7f,group_128_cluster1
ec57e7bc-600b-4e50-8666-85014eb05539,group_128_cluster1
e6ecc206-a03c-4b2e-8b5d-a3895ee8c65a,group_128_cluster0
57ab67fe-4ac7-48fd-a000-1ed811320b99,group_128_cluster0
4ac9cf4d-6bf7-4cec-ad72-a782c8e420a8,group_128_cluster0
a3ec3c80-facb-4d7b-91cc-da49711a0ff3,group_128_cluster4
71265100-28b4-447d-b3b8-2432c91f62c4,group_128_cluster4
9041f221-d3c4-476d-8830-cf0745283b72,group_128_cluster4
89c68394-d3c7-4db7-8542-77d3db5bdf67,group_129_cluster-1
571e754b-03c6-46d0-b009-390ac8820d21,group_129_cluster-1
3219c4b8-c3f3-4c85-8d1c-7c7ae62abbaf,group_129_cluster-1
2a9e0c8d-3ad8-4a60-bee0-224760a576d5,group_129_cluster-1
d47ab309-67ae-45f4-af8f-4e4cec2ad0e4,group_129_cluster-1
f1a64f5f-a7e3-4bac-9f4b-70405d6d1acc,group_129_cluster-1
368259b6-7e94-4ad3-8021-ed73a9371c08,group_129_cluster-1
880d0159-1262-4890-b3bc-487585ca211b,group_130_cluster-1
391504e4-95af-46fb-afcd-12a594c4a6ed,group_130_cluster-1
94a992f4-ed69-4c7b-9b50-37fdab357194,group_130_cluster-1
6740b052-9e58-4542-9e78-9c5316dc43ce,group_130_cluster-1
7bd6540f-258e-4e3d-9cf2-40dd1f4be7f9,group_130_cluster-1
3ddffec2-3806-4c41-9e29-a3facdb71eff,group_130_cluster-1
2eb57c0c-1296-4c46-ab8c-1d0259c9ccf9,group_130_cluster-1
50049a5a-c3f8-44f6-a2a3-39e4db1f4f86,group_130_cluster-1
637dd7cd-6f9a-4c97-94b5-5c894b1bc2cf,group_130_cluster-1
6a10c6b5-a40e-48bb-a83c-6811bb63ee00,group_130_cluster1
fe2c7d00-291d-4cdd-8afd-d854be30980d,group_130_cluster1
6e79068a-dcf2-46d5-bbf0-899aea587ae2,group_130_cluster1
eac55f56-3cc2-4b8c-8997-00fc4011b115,group_130_cluster1
eeeef18e-f1b4-4de6-9196-d58c440969fd,group_130_cluster0
89692554-52f6-49df-8637-1aacfbff6c5c,group_130_cluster0
e093fac0-88fb-4a71-8f63-597742a94d44,group_130_cluster0
d3f21320-a0bc-4ae1-89a0-0ad49ae56f39,group_130_cluster0
5927ec53-05f6-4c51-b921-8bf42ebf5dbc,group_130_cluster0
83d79b68-18f8-4cee-b26c-8805d8d81f19,group_130_cluster2
22b55663-bdd4-4b54-862a-21c2f026002a,group_130_cluster2
ee9de528-ae21-4ef1-8343-67dd62b0e039,group_130_cluster2
9d93ed79-47d6-4497-9891-dc99eae1cb15,group_131_cluster0
bad74ebc-8a0e-4784-a5a7-0eec83c43118,group_131_cluster0
8a87c785-4193-4347-bfcd-fa80ad1bb000,group_131_cluster0
b7b047af-9fd6-44a5-a5e3-8f5803e774ac,group_131_cluster0
ea78592e-e732-43e5-8979-dabc2746c4a5,group_131_cluster0
13f9ec08-cc8c-4624-a7f4-7d94cc340471,group_131_cluster0
765f6907-b72b-4b87-98fe-d0a80552ed41,group_131_cluster0
c3bffc28-2000-4a26-a6df-393cba693b7b,group_131_cluster0
47f28552-e255-4345-8bc8-9e5ee1fba2a1,group_131_cluster0
4388488e-7916-40fa-b3e6-e52f2e847d95,group_131_cluster-1
fcdb5ba5-6ff8-4502-91ac-313f772b0f15,group_131_cluster-1
6fda90b6-bf2e-4430-bbad-9d95a1acee45,group_131_cluster-1
093fc458-dc5c-43f1-8c1a-50293ec398cf,group_131_cluster-1
8ab24e66-80a2-446b-9d93-860a4c44ec57,group_131_cluster-1
046dbc50-c419-4aa6-a737-0d1f7dd8c2e8,group_131_cluster-1
065a2c08-009b-4fe7-a125-42c490c45e9a,group_131_cluster1
1d7a008c-e925-4df5-ac42-70b92b72f339,group_131_cluster1
7477a6ab-a084-49dc-a236-6554cabd6d41,group_131_cluster1
c5dccc05-cf19-4d3c-b581-fbc76b7db723,group_132_cluster-1
e49922be-0f61-43fe-a40e-85dc773d698d,group_132_cluster-1
fbbd42a2-e336-401d-b81f-ccd5a93de8ed,group_132_cluster-1
103436b7-fc89-4d64-a0be-29950f8d8c9c,group_132_cluster-1
